{"type":"FeatureCollection","features":[{"type":"Feature","geometry":{"type":"Point","coordinates":[4.9001,52.37632]},"properties":{"id":"61305d6d-8789-5472-b21e-98f7c1a388e0","slug":null,"name":"'t Aepjen","city":"Amsterdam","citySlug":"amsterdam-nl","cc":null,"kind":"unknown","status":"unknown","visits":1,"unnamed":false}},{"type":"Feature","geometry":{"type":"Point","coordinates":[51.40422,35.72362]},"properties":{"id":"c92ccee3-e4b8-566e-8921-eafc447827c7","slug":null,"name":"(Tabbakhi Neshat) طباخی نشاط‎‎","city":"Tehran","citySlug":"tehran-ir","cc":null,"kind":"unknown","status":"unknown","visits":1,"unnamed":false}},{"type":"Feature","geometry":{"type":"Point","coordinates":[2.32378,48.87044]},"properties":{"id":"5fceb1b5-72d7-5368-87d9-2dc7aefac17a","slug":null,"name":"11 Place de la Madeleine","city":"Paris","citySlug":"paris-fr","cc":null,"kind":"unknown","status":"unknown","visits":1,"unnamed":false}},{"type":"Feature","geometry":{"type":"Point","coordinates":[-73.96811,40.76318]},"properties":{"id":"ee20ee7a-d4ff-57bd-9b22-a79eb98af8b5","slug":null,"name":"129 E 60th St","city":"New York","citySlug":"new-york-us","cc":null,"kind":"food","status":"unknown","visits":1,"unnamed":false}},{"type":"Feature","geometry":{"type":"Point","coordinates":[-83.04581,42.33456]},"properties":{"id":"7f3ac2d6-6307-510b-87c2-fad697f8befe","slug":null,"name":"1301 Broadway St","city":"Detroit","citySlug":"detroit-us","cc":null,"kind":"unknown","status":"unknown","visits":1,"unnamed":false}},{"type":"Feature","geometry":{"type":"Point","coordinates":[37.56436,55.76431]},"properties":{"id":"bd2c1425-e535-531b-b1ad-539c7ef88266","slug":null,"name":"16 Tonn","city":"Moscow","citySlug":"moscow-ru","cc":null,"kind":"unknown","status":"unknown","visits":1,"unnamed":false}},{"type":"Feature","geometry":{"type":"Point","coordinates":[-73.89846,40.86153]},"properties":{"id":"7c9ab17c-4a40-524d-a72d-9198af2e8b1d","slug":null,"name":"188 Bakery Cuchifritos","city":"New York","citySlug":"new-york-us","cc":null,"kind":"unknown","status":"unknown","visits":1,"unnamed":false}},{"type":"Feature","geometry":{"type":"Point","coordinates":[96.14951,16.77722]},"properties":{"id":"bb1dc085-036a-5551-93bb-2f33a665b1d4","slug":null,"name":"19th Street Night Market","city":"Yangon City","citySlug":"yangon-city-mm","cc":null,"kind":"unknown","status":"unknown","visits":1,"unnamed":false}},{"type":"Feature","geometry":{"type":"Point","coordinates":[103.85461,1.30512]},"properties":{"id":"d39661a6-64ac-53f0-82c0-bb3ee3467625","slug":null,"name":"2 Dickson Rd","city":"Singapore","citySlug":"singapore-sg","cc":null,"kind":"unknown","status":"unknown","visits":1,"unnamed":false}},{"type":"Feature","geometry":{"type":"Point","coordinates":[-110.56214,45.66151]},"properties":{"id":"dd8ada3f-abcd-57ee-877f-35dee9ec929c","slug":null,"name":"2nd Street Bistro","city":"Livingston","citySlug":"livingston-us","cc":null,"kind":"food","status":"unknown","visits":1,"unnamed":false}},{"type":"Feature","geometry":{"type":"Point","coordinates":[-77.06313,38.90281]},"properties":{"id":"6c45b7ed-3c4a-5a97-b7fb-8a4ed1b5a858","slug":null,"name":"3205 K St NW","city":"Washington","citySlug":"washington-us","cc":null,"kind":"food","status":"unknown","visits":1,"unnamed":false}},{"type":"Feature","geometry":{"type":"Point","coordinates":[-122.43825,37.7762]},"properties":{"id":"5e30de1e-103a-5adf-85b4-850c31b39092","slug":null,"name":"4505 Burgers & BBQ","city":"San Francisco","citySlug":"san-francisco-us","cc":null,"kind":"unknown","status":"unknown","visits":1,"unnamed":false}},{"type":"Feature","geometry":{"type":"Point","coordinates":[-10.80637,6.31502]},"properties":{"id":"efbf8c32-cac1-5b05-a09b-70e0fe0e8076","slug":null,"name":"47 Gurley St","city":"Monrovia","citySlug":"monrovia-lr","cc":null,"kind":"activity","status":"unknown","visits":1,"unnamed":false}},{"type":"Feature","geometry":{"type":"Point","coordinates":[103.85402,1.3234]},"properties":{"id":"917febe0-49b9-56e5-a344-d68aa90d369d","slug":null,"name":"545 Whampoa Prawn Noodle","city":"Singapore","citySlug":"singapore-sg","cc":null,"kind":"unknown","status":"unknown","visits":1,"unnamed":false}},{"type":"Feature","geometry":{"type":"Point","coordinates":[106.69929,10.77847]},"properties":{"id":"21d67659-dd1f-59a6-9ef4-96fff3bffdf7","slug":null,"name":"84a Nguyễn Du","city":"Ho Chi Minh City","citySlug":"ho-chi-minh-city-vn","cc":null,"kind":"unknown","status":"unknown","visits":1,"unnamed":false}},{"type":"Feature","geometry":{"type":"Point","coordinates":[-8.58416,41.17849]},"properties":{"id":"54773d9b-775c-5c3b-bcd6-6919b745106d","slug":null,"name":"A Cozinha Do Martinho","city":"Porto","citySlug":"porto-pt","cc":null,"kind":"unknown","status":"unknown","visits":1,"unnamed":false}},{"type":"Feature","geometry":{"type":"Point","coordinates":[-9.13908,38.7147]},"properties":{"id":"a294b913-61f0-5355-9fac-328ebe6940fc","slug":null,"name":"A Ginjinha","city":"Lisbon","citySlug":"lisbon-pt","cc":null,"kind":"food","status":"unknown","visits":1,"unnamed":false}},{"type":"Feature","geometry":{"type":"Point","coordinates":[-118.43227,33.99705]},"properties":{"id":"95196e79-5070-5e3e-a530-627578689535","slug":null,"name":"A-Frame","city":"Culver City","citySlug":"culver-city-us","cc":null,"kind":"unknown","status":"closed","visits":1,"unnamed":false}},{"type":"Feature","geometry":{"type":"Point","coordinates":[-70.18879,42.05006]},"properties":{"id":"14552721-bb64-52fe-8ae8-707a5e15a7ee","slug":null,"name":"A-House","city":"Provincetown","citySlug":"provincetown-us","cc":null,"kind":"unknown","status":"unknown","visits":1,"unnamed":false}},{"type":"Feature","geometry":{"type":"Point","coordinates":[-77.11874,38.84146]},"properties":{"id":"f575a1d2-0d0f-57c8-85c4-41ca0194a704","slug":null,"name":"Abay Market Ethiopian food","city":"Lincolnia","citySlug":"lincolnia-us","cc":null,"kind":"food","status":"unknown","visits":1,"unnamed":false}},{"type":"Feature","geometry":{"type":"Point","coordinates":[51.67751,32.65455]},"properties":{"id":"7256767d-247b-5fcf-a380-3da100593e46","slug":null,"name":"Abbasi Great Mosque","city":"Isfahan","citySlug":"isfahan-ir","cc":null,"kind":"unknown","status":"unknown","visits":1,"unnamed":false}},{"type":"Feature","geometry":{"type":"Point","coordinates":[114.15111,22.24799]},"properties":{"id":"c65cb9fc-8f84-516b-827c-99ca862d61b1","slug":null,"name":"Aberdeen Fish Market Yee Hope Seafood Restaurant","city":"Hong Kong","citySlug":"hong-kong-cn","cc":null,"kind":"unknown","status":"unknown","visits":1,"unnamed":false}},{"type":"Feature","geometry":{"type":"Point","coordinates":[35.47377,33.89565]},"properties":{"id":"551b13ce-789c-59c2-a319-0213fbab9b20","slug":null,"name":"Abou Elie Pub","city":"Beirut","citySlug":"beirut-lb","cc":null,"kind":"unknown","status":"unknown","visits":1,"unnamed":false}},{"type":"Feature","geometry":{"type":"Point","coordinates":[31.23794,30.05018]},"properties":{"id":"527008de-9f5e-5a9f-8f1a-ef90c8b98232","slug":null,"name":"Abou Tarek","city":"Cairo","citySlug":"cairo-eg","cc":null,"kind":"food","status":"unknown","visits":1,"unnamed":false}},{"type":"Feature","geometry":{"type":"Point","coordinates":[43.99376,36.21455]},"properties":{"id":"bc411975-04cd-5b1b-81c0-ee4edf42a085","slug":null,"name":"Abu Shahab City Restaurant","city":"Rashkin","citySlug":"rashkin-iq","cc":null,"kind":"food","status":"unknown","visits":1,"unnamed":false}},{"type":"Feature","geometry":{"type":"Point","coordinates":[-95.19443,29.69803]},"properties":{"id":"43ef4627-e77f-5988-aaa7-3378aed62d55","slug":null,"name":"Acapulco Ballroom & Bridal Shop","city":"Pasadena","citySlug":"pasadena-us","cc":null,"kind":"unknown","status":"unknown","visits":1,"unnamed":false}},{"type":"Feature","geometry":{"type":"Point","coordinates":[-38.49182,-13.01134]},"properties":{"id":"9033c7a4-7ba4-5377-bfb7-c67026ac933b","slug":null,"name":"Acarajé da Dinha","city":"Salvador","citySlug":"salvador-br","cc":null,"kind":"unknown","status":"unknown","visits":2,"unnamed":false}},{"type":"Feature","geometry":{"type":"Point","coordinates":[-73.98836,40.7457]},"properties":{"id":"a1186d12-e3ee-5422-a142-7cadfaf8d024","slug":null,"name":"Ace Hotel","city":"New York","citySlug":"new-york-us","cc":null,"kind":"lodging","status":"unknown","visits":1,"unnamed":false}},{"type":"Feature","geometry":{"type":"Point","coordinates":[103.81418,1.32411]},"properties":{"id":"1bd08669-8ea6-5c26-914b-2aaa017ddf33","slug":null,"name":"Adam Road Food Centre","city":"Singapore","citySlug":"singapore-sg","cc":null,"kind":"unknown","status":"unknown","visits":1,"unnamed":false}},{"type":"Feature","geometry":{"type":"Point","coordinates":[-43.23411,-22.89537]},"properties":{"id":"757c09b0-ae16-5c9a-8837-359287c5095a","slug":null,"name":"Adega Cesari","city":"Rio de Janeiro","citySlug":"rio-de-janeiro-br","cc":null,"kind":"food","status":"unknown","visits":1,"unnamed":false}},{"type":"Feature","geometry":{"type":"Point","coordinates":[14.52434,-22.67895]},"properties":{"id":"de94dbf7-3978-5822-8af2-ba4532383ea8","slug":null,"name":"African Kirikara Swakopmund","city":"Swakopmund","citySlug":"swakopmund-na","cc":null,"kind":"sight","status":"unknown","visits":1,"unnamed":false}},{"type":"Feature","geometry":{"type":"Point","coordinates":[-73.80595,40.69473]},"properties":{"id":"a5adb60e-41d6-5277-b7a2-505822bf572d","slug":null,"name":"Africana","city":"New York","citySlug":"new-york-us","cc":null,"kind":"unknown","status":"unknown","visits":1,"unnamed":false}},{"type":"Feature","geometry":{"type":"Point","coordinates":[-79.39348,43.65587]},"properties":{"id":"3c0120d8-b551-59b1-b615-471c1a737a01","slug":null,"name":"Agave Y Aguacate","city":"Toronto","citySlug":"toronto-ca","cc":null,"kind":"unknown","status":"unknown","visits":1,"unnamed":false}},{"type":"Feature","geometry":{"type":"Point","coordinates":[9.67896,40.64426]},"properties":{"id":"eb4f27b5-60a9-56a5-b2be-b9eab5e227b1","slug":null,"name":"Agriturismo Predas Rujas","city":"Torpè","citySlug":"torpe-it","cc":null,"kind":"food","status":"unknown","visits":1,"unnamed":false}},{"type":"Feature","geometry":{"type":"Point","coordinates":[6.96111,45.94833]},"properties":{"id":"e946c27d-b32b-50a0-99be-f55a511d92d7","slug":null,"name":"Aiguille des Grands Montets","city":"Chamonix-Mont-Blanc","citySlug":"chamonix-mont-blanc-fr","cc":null,"kind":"unknown","status":"unknown","visits":1,"unnamed":false}},{"type":"Feature","geometry":{"type":"Point","coordinates":[103.98291,1.34361]},"properties":{"id":"3be0e02b-909a-552d-bb9a-6ba8b8da53df","slug":null,"name":"Airport Boulevard","city":"Singapore","citySlug":"singapore-sg","cc":null,"kind":"unknown","status":"unknown","visits":1,"unnamed":false}},{"type":"Feature","geometry":{"type":"Point","coordinates":[141.35429,43.05464]},"properties":{"id":"7bc5f63e-76fa-5d33-b2ba-32a6d329758f","slug":null,"name":"Aji No Karyu","city":"Sapporo","citySlug":"sapporo-jp","cc":null,"kind":"food","status":"unknown","visits":1,"unnamed":false}},{"type":"Feature","geometry":{"type":"Point","coordinates":[-75.17043,39.95042]},"properties":{"id":"97016348-3e9a-578b-bcba-b5d04f8c2732","slug":null,"name":"AKA Rittenhouse Square","city":"Philadelphia","citySlug":"philadelphia-us","cc":null,"kind":"unknown","status":"unknown","visits":1,"unnamed":false}},{"type":"Feature","geometry":{"type":"Point","coordinates":[28.93654,41.02909]},"properties":{"id":"8ff4e41f-e9d9-5e99-9c00-3ab56b4ff82a","slug":null,"name":"Akar Lokantası","city":"Istanbul","citySlug":"istanbul-tr","cc":null,"kind":"unknown","status":"unknown","visits":1,"unnamed":false}},{"type":"Feature","geometry":{"type":"Point","coordinates":[-0.20634,5.54664]},"properties":{"id":"4294c05d-56dd-5a2f-9eb9-f3c20f0adc0f","slug":null,"name":"Akosnachi Enterprise Gh.","city":"Accra","citySlug":"accra-gh","cc":null,"kind":"market","status":"unknown","visits":1,"unnamed":false}},{"type":"Feature","geometry":{"type":"Point","coordinates":[-83.16745,42.34449]},"properties":{"id":"b647407b-1fd1-5610-a6b6-7478608c8ca6","slug":null,"name":"Al Ameer","city":"Dearborn","citySlug":"dearborn-us","cc":null,"kind":"food","status":"unknown","visits":1,"unnamed":false}},{"type":"Feature","geometry":{"type":"Point","coordinates":[14.68756,40.753]},"properties":{"id":"1a030a89-bdf5-58fc-80ed-9c301c8848f9","slug":null,"name":"Al Convento","city":"Nocera Superiore","citySlug":"nocera-superiore-it","cc":null,"kind":"food","status":"unknown","visits":1,"unnamed":false}},{"type":"Feature","geometry":{"type":"Point","coordinates":[12.3475,45.43417]},"properties":{"id":"7e107814-1709-5377-b850-60e53489dd81","slug":null,"name":"Al Covo","city":"Venice","citySlug":"venice-it","cc":null,"kind":"food","status":"unknown","visits":1,"unnamed":false}},{"type":"Feature","geometry":{"type":"Point","coordinates":[35.50844,33.88727]},"properties":{"id":"5e03cb23-4444-5a96-9722-d121035ca8c0","slug":null,"name":"Al Falamanki Sodeco","city":"Nasrah","citySlug":"nasrah-lb","cc":null,"kind":"unknown","status":"unknown","visits":1,"unnamed":false}},{"type":"Feature","geometry":{"type":"Point","coordinates":[57.28751,23.10255]},"properties":{"id":"13cce447-f812-596a-9d32-d937b83e9983","slug":null,"name":"Al Hamra","city":"Dat Hayl","citySlug":"dat-hayl-om","cc":null,"kind":"unknown","status":"unknown","visits":1,"unnamed":false}},{"type":"Feature","geometry":{"type":"Point","coordinates":[10.15489,44.08553]},"properties":{"id":"1da67c98-2eed-5e21-9e17-1f136fa62e8c","slug":null,"name":"Al Lardo Al Lardo","city":"Carrara","citySlug":"carrara-it","cc":null,"kind":"market","status":"unknown","visits":1,"unnamed":false}},{"type":"Feature","geometry":{"type":"Point","coordinates":[35.46906,33.89518]},"properties":{"id":"577ff0c1-c52b-58cd-992b-53bfc2987649","slug":null,"name":"Al Rawda - Shatila - Restaurant","city":"Beirut","citySlug":"beirut-lb","cc":null,"kind":"unknown","status":"unknown","visits":1,"unnamed":false}},{"type":"Feature","geometry":{"type":"Point","coordinates":[31.34671,30.07415]},"properties":{"id":"caa34262-9dc7-55fa-9a0e-0c1d6c332b11","slug":null,"name":"Al Rifai Roastery محمصة الرفاعي‎","city":"Nasr City","citySlug":"nasr-city-eg","cc":null,"kind":"food","status":"unknown","visits":1,"unnamed":false}},{"type":"Feature","geometry":{"type":"Point","coordinates":[46.74898,24.57817]},"properties":{"id":"3ec9b9e8-e67a-567e-9a9e-31c5c13b58ba","slug":null,"name":"AlBaik","city":"Riyadh","citySlug":"riyadh-sa","cc":null,"kind":"food","status":"unknown","visits":1,"unnamed":false}},{"type":"Feature","geometry":{"type":"Point","coordinates":[-1.92584,43.32916]},"properties":{"id":"252a8090-e722-539c-8293-2f21d67ec292","slug":null,"name":"Albaola Itsas Kultur Faktoria","city":"Pasaia","citySlug":"pasaia-es","cc":null,"kind":"unknown","status":"unknown","visits":1,"unnamed":false}},{"type":"Feature","geometry":{"type":"Point","coordinates":[4.89539,52.35597]},"properties":{"id":"59d802c2-51de-5a40-a185-cc8a906ed21d","slug":null,"name":"Albert Cuyp Market","city":"Amsterdam","citySlug":"amsterdam-nl","cc":null,"kind":"unknown","status":"unknown","visits":1,"unnamed":false}},{"type":"Feature","geometry":{"type":"Point","coordinates":[37.24238,55.7384]},"properties":{"id":"32cfb16b-4765-514c-b877-a9e8faa1cbe7","slug":null,"name":"Aldo Coppola Жуковка","city":"Zhukovka","citySlug":"zhukovka-ru","cc":null,"kind":"activity","status":"unknown","visits":1,"unnamed":false}},{"type":"Feature","geometry":{"type":"Point","coordinates":[-61.36461,10.27029]},"properties":{"id":"19d73aaf-0466-508b-a69c-30713bff7336","slug":null,"name":"Ali's Doubles","city":"Princes Town","citySlug":"princes-town-tt","cc":null,"kind":"unknown","status":"unknown","visits":1,"unnamed":false}},{"type":"Feature","geometry":{"type":"Point","coordinates":[-112.07228,33.44476]},"properties":{"id":"2a4d04b9-af94-5146-9b3f-9a21cf6a793b","slug":null,"name":"Alice Cooperstown","city":"Phoenix","citySlug":"phoenix-us","cc":null,"kind":"food","status":"unknown","visits":1,"unnamed":false}},{"type":"Feature","geometry":{"type":"Point","coordinates":[120.58978,15.14755]},"properties":{"id":"604959b3-1106-5b4e-8268-d1056a04a8a9","slug":null,"name":"Aling Lucing's Sisig","city":"Angeles","citySlug":"angeles-ph","cc":null,"kind":"food","status":"unknown","visits":1,"unnamed":false}},{"type":"Feature","geometry":{"type":"Point","coordinates":[74.86951,31.64968]},"properties":{"id":"6f08909e-96b2-5b2e-8509-ff8fe19ed0e8","slug":null,"name":"All India Famous Amritsari Kulcha","city":"Amritsar","citySlug":"amritsar-in","cc":null,"kind":"unknown","status":"unknown","visits":1,"unnamed":false}},{"type":"Feature","geometry":{"type":"Point","coordinates":[-9.14115,38.71012]},"properties":{"id":"55fdd823-4bf4-5d49-a8d1-39f3c37b7718","slug":null,"name":"Alma","city":"Lisbon","citySlug":"lisbon-pt","cc":null,"kind":"food","status":"unknown","visits":1,"unnamed":false}},{"type":"Feature","geometry":{"type":"Point","coordinates":[35.19736,31.71962]},"properties":{"id":"6b5a8f5c-732d-59f8-8e20-14b286565214","slug":null,"name":"Alrowwad Cultural and Arts Societyجمعية الرواد للثقافة والفنون‎","city":"Bethlehem","citySlug":"bethlehem-ps","cc":null,"kind":"unknown","status":"unknown","visits":1,"unnamed":false}},{"type":"Feature","geometry":{"type":"Point","coordinates":[14.53375,-22.67996]},"properties":{"id":"b38a753e-eb84-50d8-a93d-999948f06a5b","slug":null,"name":"Alter-Action Sandboarding","city":"Swakopmund","citySlug":"swakopmund-na","cc":null,"kind":"sight","status":"unknown","visits":1,"unnamed":false}},{"type":"Feature","geometry":{"type":"Point","coordinates":[-79.41783,43.7912]},"properties":{"id":"ec7be05c-d70b-553f-a1e5-ef4c26fbd94b","slug":null,"name":"Altona Kabob","city":"Toronto","citySlug":"toronto-ca","cc":null,"kind":"unknown","status":"unknown","visits":1,"unnamed":false}},{"type":"Feature","geometry":{"type":"Point","coordinates":[76.35457,10.1167]},"properties":{"id":"a1bf5265-be7f-5667-aa6e-a4b3c154419a","slug":null,"name":"Aluva Mahadeva Temple","city":"Aluva","citySlug":"aluva-in","cc":null,"kind":"sight","status":"unknown","visits":1,"unnamed":false}},{"type":"Feature","geometry":{"type":"Point","coordinates":[120.97629,14.58842]},"properties":{"id":"54b21e10-d59d-53e3-b2f8-bd42138af7ee","slug":null,"name":"Alvie","city":"Manila","citySlug":"manila-ph","cc":null,"kind":"unknown","status":"unknown","visits":1,"unnamed":false}},{"type":"Feature","geometry":{"type":"Point","coordinates":[-77.02656,-12.12868]},"properties":{"id":"a7ab0446-9b2b-5807-89af-e12f194ef914","slug":null,"name":"ámaZ Restaurante","city":null,"citySlug":null,"cc":null,"kind":"unknown","status":"unknown","visits":1,"unnamed":false}},{"type":"Feature","geometry":{"type":"Point","coordinates":[-75.17375,39.93653]},"properties":{"id":"319b80c3-8d83-5ce7-9fb9-ab5b28f0c6f0","slug":null,"name":"American Sardine Bar","city":"Philadelphia","citySlug":"philadelphia-us","cc":null,"kind":"unknown","status":"unknown","visits":1,"unnamed":false}},{"type":"Feature","geometry":{"type":"Point","coordinates":[99.95908,13.42545]},"properties":{"id":"c28c5612-93de-583e-af3f-6d9eb8742fee","slug":null,"name":"Amphawa","city":"บางกะพร้อม","citySlug":"-th","cc":null,"kind":"market","status":"unknown","visits":1,"unnamed":false}},{"type":"Feature","geometry":{"type":"Point","coordinates":[35.49913,-3.23991]},"properties":{"id":"2433c957-aaea-5ca4-ba2f-c1604b17e44d","slug":null,"name":"andBeyond Ngorongoro Crater Lodge","city":null,"citySlug":null,"cc":null,"kind":"unknown","status":"unknown","visits":1,"unnamed":false}},{"type":"Feature","geometry":{"type":"Point","coordinates":[3.37788,6.50217]},"properties":{"id":"3d916a96-92b4-5e6d-8bf9-bed43acda49b","slug":null,"name":"Andela Nigeria","city":"Makoko","citySlug":"makoko-ng","cc":null,"kind":"unknown","status":"unknown","visits":1,"unnamed":false}},{"type":"Feature","geometry":{"type":"Point","coordinates":[-72.96318,-41.48589]},"properties":{"id":"f05267f3-4ac7-543f-b9b8-827b7f73d906","slug":null,"name":"Angelmo","city":"Puerto Montt","citySlug":"puerto-montt-cl","cc":null,"kind":"market","status":"unknown","visits":1,"unnamed":false}},{"type":"Feature","geometry":{"type":"Point","coordinates":[103.86699,13.41247]},"properties":{"id":"f0b4d4ab-c454-5110-be82-7708a7cf9211","slug":null,"name":"Angkor Wat","city":"Siem Reap","citySlug":"siem-reap-kh","cc":null,"kind":"sight","status":"unknown","visits":2,"unnamed":false}},{"type":"Feature","geometry":{"type":"Point","coordinates":[-118.36177,34.07923]},"properties":{"id":"20fba5a9-8406-5a34-a3ec-7eba5e490325","slug":null,"name":"Animal","city":"Los Angeles","citySlug":"los-angeles-us","cc":null,"kind":"unknown","status":"unknown","visits":1,"unnamed":false}},{"type":"Feature","geometry":{"type":"Point","coordinates":[24.88448,35.28966]},"properties":{"id":"df6d17e7-2aec-5624-813b-9ede5135f260","slug":null,"name":"Anogia, Rethymno","city":"Anogia","citySlug":"anogia-gr","cc":null,"kind":"activity","status":"unknown","visits":1,"unnamed":false}},{"type":"Feature","geometry":{"type":"Point","coordinates":[-116.15459,33.6689]},"properties":{"id":"070423f6-a893-561b-bd5e-d97134fd4480","slug":null,"name":"Anthony Vineyards Inc","city":"Coachella","citySlug":"coachella-us","cc":null,"kind":"sight","status":"unknown","visits":1,"unnamed":false}},{"type":"Feature","geometry":{"type":"Point","coordinates":[-122.30312,47.44395]},"properties":{"id":"b01ff974-93c9-5736-a56f-e9af141250a7","slug":null,"name":"Anthony's Restaurant","city":"SeaTac","citySlug":"seatac-us","cc":null,"kind":"unknown","status":"unknown","visits":1,"unnamed":false}},{"type":"Feature","geometry":{"type":"Point","coordinates":[10.08624,45.02086]},"properties":{"id":"8a6fb329-5bc9-5eff-afcf-03a9fbc3bf47","slug":null,"name":"Antica Corte Pallavicina Relais","city":"Polesine Parmense","citySlug":"polesine-parmense-it","cc":null,"kind":"activity","status":"unknown","visits":1,"unnamed":false}},{"type":"Feature","geometry":{"type":"Point","coordinates":[13.36612,38.11641]},"properties":{"id":"10c0d106-a246-58d7-994a-2bbbd961a027","slug":null,"name":"Antica Focacceria San Francesco","city":"Palermo","citySlug":"palermo-it","cc":null,"kind":"food","status":"unknown","visits":1,"unnamed":false}},{"type":"Feature","geometry":{"type":"Point","coordinates":[12.3248,45.43159]},"properties":{"id":"6fc212b9-99af-56d5-ae06-22c6c3bce8f1","slug":null,"name":"Antica Locanda Montin","city":"Venice","citySlug":"venice-it","cc":null,"kind":"food","status":"unknown","visits":1,"unnamed":false}},{"type":"Feature","geometry":{"type":"Point","coordinates":[-77.03221,-12.08699]},"properties":{"id":"e8e66654-5310-550f-993a-f0e13b645969","slug":null,"name":"Anticuchos Doña Pochita","city":"Lince","citySlug":"lince-pe","cc":null,"kind":"unknown","status":"unknown","visits":1,"unnamed":false}},{"type":"Feature","geometry":{"type":"Point","coordinates":[-90.0664,29.95674]},"properties":{"id":"7be2a864-e470-56cb-a36b-ca3f23274d34","slug":null,"name":"Antoine's Restaurant","city":"New Orleans","citySlug":"new-orleans-us","cc":null,"kind":"food","status":"unknown","visits":1,"unnamed":false}},{"type":"Feature","geometry":{"type":"Point","coordinates":[-122.61313,45.51212]},"properties":{"id":"d622baa5-b337-5cdc-bf32-3f22f61b64fc","slug":null,"name":"Apizza Scholls","city":"Portland","citySlug":"portland-us","cc":null,"kind":"food","status":"unknown","visits":1,"unnamed":false}},{"type":"Feature","geometry":{"type":"Point","coordinates":[113.55134,22.20151]},"properties":{"id":"41553e17-645c-568a-af12-b22eb1f6394a","slug":null,"name":"Apomac","city":"Macau","citySlug":"macau-cn","cc":null,"kind":"food","status":"unknown","visits":1,"unnamed":false}},{"type":"Feature","geometry":{"type":"Point","coordinates":[-73.60312,45.47862]},"properties":{"id":"c2c00f97-5f1d-5865-aecf-3390286e219f","slug":null,"name":"Appetite For Books","city":"Westmount","citySlug":"westmount-ca","cc":null,"kind":"unknown","status":"unknown","visits":1,"unnamed":false}},{"type":"Feature","geometry":{"type":"Point","coordinates":[-73.97208,40.76086]},"properties":{"id":"a8768423-f3cf-5c61-a0a2-7c8c75564124","slug":null,"name":"Aquavit","city":"New York","citySlug":"new-york-us","cc":null,"kind":"unknown","status":"unknown","visits":1,"unnamed":false}},{"type":"Feature","geometry":{"type":"Point","coordinates":[-73.83306,40.67167]},"properties":{"id":"37320f7a-3382-5df2-a1d4-70a666c93929","slug":null,"name":"Aqueduct Racetrack","city":"New York","citySlug":"new-york-us","cc":null,"kind":"unknown","status":"unknown","visits":1,"unnamed":false}},{"type":"Feature","geometry":{"type":"Point","coordinates":[103.85816,1.3023]},"properties":{"id":"82456be7-f48b-508d-a469-4ad64b3f3365","slug":null,"name":"Arab Street","city":"Singapore","citySlug":"singapore-sg","cc":null,"kind":"unknown","status":"unknown","visits":1,"unnamed":false}},{"type":"Feature","geometry":{"type":"Point","coordinates":[139.78847,35.68683]},"properties":{"id":"2bfd26ca-4973-5b70-b7b4-3c7a25048701","slug":null,"name":"Arashio-beya Sumo Stable","city":"Chuo","citySlug":"chuo-jp","cc":null,"kind":"unknown","status":"unknown","visits":1,"unnamed":false}},{"type":"Feature","geometry":{"type":"Point","coordinates":[-1.11612,44.6764]},"properties":{"id":"9c876939-f268-588f-80da-5e2f6dc6b2a5","slug":null,"name":"Arcachon Bay","city":"Arcachon","citySlug":"arcachon-fr","cc":null,"kind":"unknown","status":"unknown","visits":1,"unnamed":false}},{"type":"Feature","geometry":{"type":"Point","coordinates":[-122.34172,47.6616]},"properties":{"id":"8fe19cc3-2c4c-53f0-ae03-217e73b7ff67","slug":null,"name":"Archie McPhee","city":"Seattle","citySlug":"seattle-us","cc":null,"kind":"unknown","status":"unknown","visits":1,"unnamed":false}},{"type":"Feature","geometry":{"type":"Point","coordinates":[-73.88827,40.74949]},"properties":{"id":"bc20b919-5a9c-52d0-b333-1da4f6436a4d","slug":null,"name":"Arepa Lady","city":"New York","citySlug":"new-york-us","cc":null,"kind":"unknown","status":"unknown","visits":1,"unnamed":false}},{"type":"Feature","geometry":{"type":"Point","coordinates":[-43.18951,-22.92132]},"properties":{"id":"0a49f316-e80c-5b3b-a87b-b5a56bce59ad","slug":null,"name":"Armazém São Thiago","city":"Rio de Janeiro","citySlug":"rio-de-janeiro-br","cc":null,"kind":"food","status":"unknown","visits":1,"unnamed":false}},{"type":"Feature","geometry":{"type":"Point","coordinates":[98.99353,18.78649]},"properties":{"id":"4552d36f-a48d-52de-ba86-289ac7b35045","slug":null,"name":"Aroon Rai","city":"Chiang Mai City Municipality","citySlug":"chiang-mai-city-municipality-th","cc":null,"kind":"unknown","status":"unknown","visits":1,"unnamed":false}},{"type":"Feature","geometry":{"type":"Point","coordinates":[126.69098,45.74013]},"properties":{"id":"7458cc7b-61a5-57cc-81ec-ba754ffeaae1","slug":null,"name":"Around the World","city":"Xiangfang District","citySlug":"xiangfang-district-cn","cc":null,"kind":"food","status":"unknown","visits":1,"unnamed":false}},{"type":"Feature","geometry":{"type":"Point","coordinates":[6.95155,50.94157]},"properties":{"id":"97f80eff-b6eb-5519-bfd4-037fdbe58b18","slug":null,"name":"Artistanbul Restaurant","city":"Cologne","citySlug":"cologne-de","cc":null,"kind":"unknown","status":"unknown","visits":1,"unnamed":false}},{"type":"Feature","geometry":{"type":"Point","coordinates":[36.68299,-3.38693]},"properties":{"id":"c683587e-01cf-5f69-b9fb-2f8ac87270c6","slug":null,"name":"Arusha","city":"Unga L.T.D","citySlug":"unga-l-t-d-tz","cc":null,"kind":"unknown","status":"unknown","visits":1,"unnamed":false}},{"type":"Feature","geometry":{"type":"Point","coordinates":[-1.94924,43.32144]},"properties":{"id":"5961e174-bd1c-51e7-be33-fe1768fa1a41","slug":null,"name":"Arzak","city":"San Sebastián","citySlug":"san-sebastian-es","cc":null,"kind":"food","status":"unknown","visits":3,"unnamed":false}},{"type":"Feature","geometry":{"type":"Point","coordinates":[-2.59841,43.11589]},"properties":{"id":"7b7bfbdf-e1f4-5b12-a4a4-ec96b5990e90","slug":null,"name":"Asador Etxebarri","city":"Atxondo","citySlug":"atxondo-es","cc":null,"kind":"food","status":"unknown","visits":2,"unnamed":false}},{"type":"Feature","geometry":{"type":"Point","coordinates":[-0.16316,5.65867]},"properties":{"id":"8399fc46-0f2e-55e9-b7ac-71160b0cac9f","slug":null,"name":"ASANKA LOCAL RESTAURANT","city":"Accra","citySlug":"accra-gh","cc":null,"kind":"food","status":"unknown","visits":1,"unnamed":false}},{"type":"Feature","geometry":{"type":"Point","coordinates":[-72.28828,18.51535]},"properties":{"id":"24694a03-11b9-5692-88c8-c0da77747b4d","slug":null,"name":"Assiette Creole","city":"Port-au-Prince Arrondissement","citySlug":"port-au-prince-arrondissement-ht","cc":null,"kind":"food","status":"unknown","visits":1,"unnamed":false}},{"type":"Feature","geometry":{"type":"Point","coordinates":[44.50991,40.18657]},"properties":{"id":"0f70d0b3-39bf-521a-87bb-3160ac2174f3","slug":null,"name":"At Gayane's","city":"Yerevan","citySlug":"yerevan-am","cc":null,"kind":"unknown","status":"unknown","visits":1,"unnamed":false}},{"type":"Feature","geometry":{"type":"Point","coordinates":[69.31577,41.31248]},"properties":{"id":"59f8fa2c-ae6f-593f-9a7f-e0ba87209286","slug":null,"name":"At The Arkadiy Cafe","city":"Tashkent","citySlug":"tashkent-uz","cc":null,"kind":"food","status":"unknown","visits":1,"unnamed":false}},{"type":"Feature","geometry":{"type":"Point","coordinates":[-90.08781,29.92128]},"properties":{"id":"0c8300b0-aa4a-5fed-84d8-baa364b684fe","slug":null,"name":"Atchafalaya","city":"New Orleans","citySlug":"new-orleans-us","cc":null,"kind":"unknown","status":"unknown","visits":1,"unnamed":false}},{"type":"Feature","geometry":{"type":"Point","coordinates":[-79.87813,32.80727]},"properties":{"id":"e66fa9d0-5f4f-56d0-80f0-fdac5273a73f","slug":null,"name":"Atlantic Game & Tackle","city":"Mount Pleasant","citySlug":"mount-pleasant-us","cc":null,"kind":"unknown","status":"unknown","visits":1,"unnamed":false}},{"type":"Feature","geometry":{"type":"Point","coordinates":[31.25051,30.05052]},"properties":{"id":"ec722246-2a05-5942-ad5e-e7d2cbf32903","slug":null,"name":"Attaba Square","city":"Cairo","citySlug":"cairo-eg","cc":null,"kind":"food","status":"unknown","visits":1,"unnamed":false}},{"type":"Feature","geometry":{"type":"Point","coordinates":[2.35761,48.85747]},"properties":{"id":"ab707ff8-5d3b-50dd-971f-1ec83d0bb25d","slug":null,"name":"Au Petit Fer à Cheval","city":"Paris","citySlug":"paris-fr","cc":null,"kind":"unknown","status":"unknown","visits":1,"unnamed":false}},{"type":"Feature","geometry":{"type":"Point","coordinates":[-73.57445,45.52217]},"properties":{"id":"7f1fa699-e2f4-55da-aa74-f10331fdbe77","slug":null,"name":"Au Pied de Cochon","city":"Montreal","citySlug":"montreal-ca","cc":null,"kind":"food","status":"unknown","visits":1,"unnamed":false}},{"type":"Feature","geometry":{"type":"Point","coordinates":[-46.65579,-23.55397]},"properties":{"id":"11be29e9-e456-57fb-a0b0-ce2da47f1d69","slug":null,"name":"Augusta Street","city":"São Paulo","citySlug":"sao-paulo-br","cc":null,"kind":"unknown","status":"unknown","visits":1,"unnamed":false}},{"type":"Feature","geometry":{"type":"Point","coordinates":[-76.9591,17.85184]},"properties":{"id":"611a6178-428b-5af3-8c1b-b3bafc86cc2f","slug":null,"name":"Aunt Merl Fish And Lobster Restaurant","city":"Spanish Town","citySlug":"spanish-town-jm","cc":null,"kind":"food","status":"unknown","visits":1,"unnamed":false}},{"type":"Feature","geometry":{"type":"Point","coordinates":[101.77183,2.79729]},"properties":{"id":"589fddc5-dbd1-5843-ae47-984d3e29b9b5","slug":null,"name":"Aunty Aini's Garden Cafe","city":"Nilai","citySlug":"nilai-my","cc":null,"kind":"food","status":"unknown","visits":2,"unnamed":false}},{"type":"Feature","geometry":{"type":"Point","coordinates":[103.84943,1.29001]},"properties":{"id":"30c2abc9-8b50-5747-8fea-26df79b913cd","slug":null,"name":"Aurum Land Private Limited","city":"Singapore","citySlug":"singapore-sg","cc":null,"kind":"food","status":"unknown","visits":1,"unnamed":false}},{"type":"Feature","geometry":{"type":"Point","coordinates":[-97.74306,30.26715]},"properties":{"id":"98e0f2c3-1518-5116-b935-c803e0da7c52","slug":null,"name":"Austin","city":"Austin","citySlug":"austin-us","cc":null,"kind":"activity","status":"unknown","visits":1,"unnamed":false}},{"type":"Feature","geometry":{"type":"Point","coordinates":[11.71554,44.34472]},"properties":{"id":"fad3a483-c457-5027-aab0-d433f2546469","slug":null,"name":"Autodromo Enzo e Dino Ferrari","city":"Imola","citySlug":"imola-it","cc":null,"kind":"activity","status":"unknown","visits":1,"unnamed":false}},{"type":"Feature","geometry":{"type":"Point","coordinates":[3.57378,47.7982]},"properties":{"id":"8bce6a31-39b9-5bf3-b4a9-449babbfd412","slug":null,"name":"Auxerre","city":"Auxerre","citySlug":"auxerre-fr","cc":null,"kind":"activity","status":"unknown","visits":1,"unnamed":false}},{"type":"Feature","geometry":{"type":"Point","coordinates":[-82.35498,23.13148]},"properties":{"id":"342fdecd-4704-57c1-b7f6-350a95460417","slug":null,"name":"Avenida de Bélgica","city":"Havana","citySlug":"havana-cu","cc":null,"kind":"market","status":"unknown","visits":1,"unnamed":false}},{"type":"Feature","geometry":{"type":"Point","coordinates":[-72.29097,18.57115]},"properties":{"id":"047faac0-f4b6-5cca-9dab-9d2e588bddcc","slug":null,"name":"Avenue Maïs Gaté","city":"Delmas, Ouest","citySlug":"delmas-ouest-ht","cc":null,"kind":"food","status":"unknown","visits":1,"unnamed":false}},{"type":"Feature","geometry":{"type":"Point","coordinates":[11.04059,44.65122]},"properties":{"id":"4c28d6f0-ea87-5c1f-a2d6-f4686fee8b59","slug":null,"name":"Az.Agr. Pedroni Di Pedroni Giuseppe","city":"Nonantola","citySlug":"nonantola-it","cc":null,"kind":"activity","status":"unknown","visits":1,"unnamed":false}},{"type":"Feature","geometry":{"type":"Point","coordinates":[-25.67559,37.74125]},"properties":{"id":"61b57f01-b1ed-507b-96cf-3cbc23b5002d","slug":null,"name":"Azores","city":"Ponta Delgada","citySlug":"ponta-delgada-pt","cc":null,"kind":"activity","status":"unknown","visits":1,"unnamed":false}},{"type":"Feature","geometry":{"type":"Point","coordinates":[-80.19242,25.84776]},"properties":{"id":"642a0164-2192-5ccb-9138-8c4e8035eddd","slug":null,"name":"B & M Market","city":"Miami","citySlug":"miami-us","cc":null,"kind":"unknown","status":"unknown","visits":1,"unnamed":false}},{"type":"Feature","geometry":{"type":"Point","coordinates":[-94.57462,38.9728]},"properties":{"id":"6e82f730-57ec-53e6-aa71-6ccd4627aee5","slug":null,"name":"B.B.'s Lawnside BBQ","city":"Kansas City","citySlug":"kansas-city-us","cc":null,"kind":"food","status":"unknown","visits":1,"unnamed":false}},{"type":"Feature","geometry":{"type":"Point","coordinates":[36.21104,34.00469]},"properties":{"id":"8270e92f-4e2f-5548-86b7-aa7281c59344","slug":null,"name":"Baalbek","city":"Baalbek","citySlug":"baalbek-lb","cc":null,"kind":"sight","status":"unknown","visits":1,"unnamed":false}},{"type":"Feature","geometry":{"type":"Point","coordinates":[13.17259,32.87121]},"properties":{"id":"0ee738df-13f6-57f9-9fe0-7205615f82f0","slug":null,"name":"Bab al-Azizia","city":"Tripoli","citySlug":"tripoli-ly","cc":null,"kind":"unknown","status":"unknown","visits":1,"unnamed":false}},{"type":"Feature","geometry":{"type":"Point","coordinates":[-87.8998,43.04149]},"properties":{"id":"33a3de51-414d-54fa-9b2c-87db78640654","slug":null,"name":"Bacchus - A Bartolotta Restaurant","city":"Milwaukee","citySlug":"milwaukee-us","cc":null,"kind":"food","status":"unknown","visits":1,"unnamed":false}},{"type":"Feature","geometry":{"type":"Point","coordinates":[-21.93799,64.14828]},"properties":{"id":"9eeae59e-38a3-5ee5-b336-1456d374bc6f","slug":null,"name":"Bæjarins Beztu Pylsur","city":"Reykjavik","citySlug":"reykjavik-is","cc":null,"kind":"food","status":"unknown","visits":1,"unnamed":false}},{"type":"Feature","geometry":{"type":"Point","coordinates":[94.86202,21.17141]},"properties":{"id":"35a81f04-7b1a-573f-b45c-63f42121088a","slug":null,"name":"Bagan Palace Ruins","city":"Lel Yar","citySlug":"lel-yar-mm","cc":null,"kind":"unknown","status":"unknown","visits":1,"unnamed":false}},{"type":"Feature","geometry":{"type":"Point","coordinates":[-80.20677,25.83361]},"properties":{"id":"4dbdade0-df9c-54b2-9420-15100fa27c3d","slug":null,"name":"Bahamian Pot Restaurant","city":"Miami","citySlug":"miami-us","cc":null,"kind":"unknown","status":"unknown","visits":1,"unnamed":false}},{"type":"Feature","geometry":{"type":"Point","coordinates":[104.30897,10.47821]},"properties":{"id":"cafebcf6-ad1c-5e30-9c60-21de0029b505","slug":null,"name":"Bahia bar de kep cocktail bieres belges les pieds dans l rau","city":"Kep Quarter","citySlug":"kep-quarter-kh","cc":null,"kind":"activity","status":"unknown","visits":1,"unnamed":false}},{"type":"Feature","geometry":{"type":"Point","coordinates":[-157.81445,21.27668]},"properties":{"id":"f11c03e5-5306-52f5-875e-2bdbdecb0d6f","slug":null,"name":"Bailey's Antiques and Aloha Shirts","city":"East Honolulu","citySlug":"east-honolulu-us","cc":null,"kind":"sight","status":"unknown","visits":1,"unnamed":false}},{"type":"Feature","geometry":{"type":"Point","coordinates":[-79.42869,43.65323]},"properties":{"id":"586177ef-dec4-550b-890f-c0d66809295d","slug":null,"name":"Bairrada Churrasqueira Grill","city":"Toronto","citySlug":"toronto-ca","cc":null,"kind":"unknown","status":"unknown","visits":1,"unnamed":false}},{"type":"Feature","geometry":{"type":"Point","coordinates":[58.56115,23.62462]},"properties":{"id":"f60b5f09-43da-56a5-ac59-e7bf2f1c4edd","slug":null,"name":"Bait Al Luban Restaurant","city":"Matrah","citySlug":"matrah-om","cc":null,"kind":"unknown","status":"unknown","visits":1,"unnamed":false}},{"type":"Feature","geometry":{"type":"Point","coordinates":[-8.60755,41.14853]},"properties":{"id":"eac2512e-edbf-5fec-bd14-cfbedec857f6","slug":null,"name":"Bakery and Pastry Shop \"Bolhão\"","city":"Porto","citySlug":"porto-pt","cc":null,"kind":"unknown","status":"unknown","visits":1,"unnamed":false}},{"type":"Feature","geometry":{"type":"Point","coordinates":[37.71876,55.7499]},"properties":{"id":"87d85306-17b0-5739-ac82-afdbbc60854e","slug":null,"name":"Bakhchisaray","city":"Moscow","citySlug":"moscow-ru","cc":null,"kind":"sight","status":"unknown","visits":1,"unnamed":false}},{"type":"Feature","geometry":{"type":"Point","coordinates":[120.59404,15.12904]},"properties":{"id":"9f738115-fe93-5f43-a540-597d9bcb7382","slug":null,"name":"Bale Dutung","city":"Angeles","citySlug":"angeles-ph","cc":null,"kind":"food","status":"unknown","visits":1,"unnamed":false}},{"type":"Feature","geometry":{"type":"Point","coordinates":[13.36006,38.11242]},"properties":{"id":"7c0ab4c1-0918-55a2-b993-f3ca8cdf6a73","slug":null,"name":"Ballaro Market","city":"Palermo","citySlug":"palermo-it","cc":null,"kind":"market","status":"unknown","visits":1,"unnamed":false}},{"type":"Feature","geometry":{"type":"Point","coordinates":[102.23054,20.00338]},"properties":{"id":"9c05bc90-711e-5ca7-82d2-4d31ddfdcba2","slug":null,"name":"Ban Xang Hai","city":"Xanghay","citySlug":"xanghay-la","cc":null,"kind":"sight","status":"unknown","visits":1,"unnamed":false}},{"type":"Feature","geometry":{"type":"Point","coordinates":[-118.30431,34.08369]},"properties":{"id":"3bcb572b-96b4-5fbd-8f7e-17f17b695ff0","slug":null,"name":"Bangkok Market","city":"Los Angeles","citySlug":"los-angeles-us","cc":null,"kind":"market","status":"unknown","visits":1,"unnamed":false}},{"type":"Feature","geometry":{"type":"Point","coordinates":[105.85801,21.03203]},"properties":{"id":"8f51ece7-bbb2-585a-9378-6ec97d3ecd7b","slug":null,"name":"Bánh Cuốn Nóng Kim Thoa","city":"Hà Nội","citySlug":"ha-noi-vn","cc":null,"kind":"unknown","status":"unknown","visits":1,"unnamed":false}},{"type":"Feature","geometry":{"type":"Point","coordinates":[108.33201,15.87849]},"properties":{"id":"74dbd21f-2371-5b7e-83bf-2bfaeb8a8f02","slug":null,"name":"Bánh Mì Phượng","city":"Hoi An","citySlug":"hoi-an-vn","cc":null,"kind":"food","status":"unknown","visits":1,"unnamed":false}},{"type":"Feature","geometry":{"type":"Point","coordinates":[106.69127,10.78962]},"properties":{"id":"150563cb-19a4-53a7-94a7-9ff1b72724e6","slug":null,"name":"Banh Xeo 46A","city":"Ho Chi Minh City","citySlug":"ho-chi-minh-city-vn","cc":null,"kind":"food","status":"unknown","visits":1,"unnamed":false}},{"type":"Feature","geometry":{"type":"Point","coordinates":[-158.05296,21.66487]},"properties":{"id":"1f1759c4-317c-54a3-92e9-06fdbf417dea","slug":null,"name":"Banzai Pipeline","city":"Waiale‘e","citySlug":"waiale-e-us","cc":null,"kind":"activity","status":"unknown","visits":1,"unnamed":false}},{"type":"Feature","geometry":{"type":"Point","coordinates":[-73.98566,40.73249]},"properties":{"id":"debc9136-9f77-54e6-81ba-e5de1bbdb93a","slug":null,"name":"Baohaus","city":"New York","citySlug":"new-york-us","cc":null,"kind":"unknown","status":"unknown","visits":1,"unnamed":false}},{"type":"Feature","geometry":{"type":"Point","coordinates":[-73.58147,45.51803]},"properties":{"id":"d01132d8-21a4-5ed4-b500-47e7e44aaa9d","slug":null,"name":"BAR - Big in Japan","city":"Montreal","citySlug":"montreal-ca","cc":null,"kind":"unknown","status":"unknown","visits":1,"unnamed":false}},{"type":"Feature","geometry":{"type":"Point","coordinates":[139.69952,35.69312]},"properties":{"id":"502ce989-1e0a-58b5-97fe-37081be8dedd","slug":null,"name":"Bar Albatros","city":"Shinjuku","citySlug":"shinjuku-jp","cc":null,"kind":"unknown","status":"unknown","visits":1,"unnamed":false}},{"type":"Feature","geometry":{"type":"Point","coordinates":[-3.59133,37.18263]},"properties":{"id":"eaee0b3d-1432-55a8-8f29-1f528526c47e","slug":null,"name":"Bar Aliatar Los Caracoles","city":"Granada","citySlug":"granada-es","cc":null,"kind":"unknown","status":"unknown","visits":1,"unnamed":false}},{"type":"Feature","geometry":{"type":"Point","coordinates":[-56.05651,-34.88985]},"properties":{"id":"462669d8-073c-52f3-ad76-c546618c6628","slug":null,"name":"Bar Arocena","city":"Montevideo","citySlug":"montevideo-uy","cc":null,"kind":"unknown","status":"unknown","visits":1,"unnamed":false}},{"type":"Feature","geometry":{"type":"Point","coordinates":[-73.98185,40.7718]},"properties":{"id":"09bc9d99-fc66-56a4-98c1-522c9640ce25","slug":null,"name":"Bar Boulud","city":"New York","citySlug":"new-york-us","cc":null,"kind":"food","status":"unknown","visits":1,"unnamed":false}},{"type":"Feature","geometry":{"type":"Point","coordinates":[12.55982,41.92934]},"properties":{"id":"90c24f25-19f4-5f75-9604-5330c5f9ef4f","slug":null,"name":"Bar Caffetteria","city":"Rome","citySlug":"rome-it","cc":null,"kind":"unknown","status":"unknown","visits":1,"unnamed":false}},{"type":"Feature","geometry":{"type":"Point","coordinates":[-43.94336,-19.92271]},"properties":{"id":"89e40f99-e4bc-59e0-91ca-ca9a96c382b3","slug":null,"name":"Bar Da Lora","city":"Belo Horizonte","citySlug":"belo-horizonte-br","cc":null,"kind":"unknown","status":"unknown","visits":1,"unnamed":false}},{"type":"Feature","geometry":{"type":"Point","coordinates":[-46.6392,-23.59974]},"properties":{"id":"58df8eeb-9167-52a3-9ea7-56728e2232cd","slug":null,"name":"Bar da Santa","city":"São Paulo","citySlug":"sao-paulo-br","cc":null,"kind":"food","status":"unknown","visits":1,"unnamed":false}},{"type":"Feature","geometry":{"type":"Point","coordinates":[-43.94716,-19.88867]},"properties":{"id":"26d3de11-b8ce-5ac5-b5ac-929fdc06e8f5","slug":null,"name":"Bar Do Careca","city":"Belo Horizonte","citySlug":"belo-horizonte-br","cc":null,"kind":"unknown","status":"unknown","visits":1,"unnamed":false}},{"type":"Feature","geometry":{"type":"Point","coordinates":[-46.62975,-23.54155]},"properties":{"id":"44234e87-ee40-5bdc-b429-c1a8d6bf4e98","slug":null,"name":"Bar do Mané","city":"São Paulo","citySlug":"sao-paulo-br","cc":null,"kind":"unknown","status":"unknown","visits":1,"unnamed":false}},{"type":"Feature","geometry":{"type":"Point","coordinates":[-43.1869,-22.92107]},"properties":{"id":"9f67990b-40f7-5032-af2c-7d9cc9f73d72","slug":null,"name":"Bar do Mineiro","city":"Rio de Janeiro","citySlug":"rio-de-janeiro-br","cc":null,"kind":"unknown","status":"unknown","visits":1,"unnamed":false}},{"type":"Feature","geometry":{"type":"Point","coordinates":[-1.47559,43.48957]},"properties":{"id":"ad834620-1876-5d6f-846f-5244f50baf7a","slug":null,"name":"Bar du Marché","city":"Ustaritz","citySlug":"ustaritz-fr","cc":null,"kind":"food","status":"unknown","visits":1,"unnamed":false}},{"type":"Feature","geometry":{"type":"Point","coordinates":[-43.16021,-22.94357]},"properties":{"id":"8e58c3b7-d0a7-596f-b9f0-eb2b403f2ed6","slug":null,"name":"Bar e Restaurante Urca","city":"Rio de Janeiro","citySlug":"rio-de-janeiro-br","cc":null,"kind":"food","status":"unknown","visits":1,"unnamed":false}},{"type":"Feature","geometry":{"type":"Point","coordinates":[-3.60844,37.17786]},"properties":{"id":"d2487f1d-19cd-5f54-9853-b560ff7adf46","slug":null,"name":"Bar Gallardo","city":"Granada","citySlug":"granada-es","cc":null,"kind":"unknown","status":"unknown","visits":1,"unnamed":false}},{"type":"Feature","geometry":{"type":"Point","coordinates":[-4.82018,43.23544]},"properties":{"id":"8056ef90-fe11-59fd-b27c-546e17bb45be","slug":null,"name":"Bar Guillermina","city":"Cabrales","citySlug":"cabrales-es","cc":null,"kind":"unknown","status":"unknown","visits":1,"unnamed":false}},{"type":"Feature","geometry":{"type":"Point","coordinates":[-0.13125,51.5134]},"properties":{"id":"d33963db-468f-5fc0-889d-ff5956a44fac","slug":null,"name":"Bar Italia","city":"City of Westminster","citySlug":"city-of-westminster-gb","cc":null,"kind":"unknown","status":"unknown","visits":1,"unnamed":false}},{"type":"Feature","geometry":{"type":"Point","coordinates":[-56.17179,-34.9079]},"properties":{"id":"a2655ecf-9c9e-559e-976d-d46cc455a5af","slug":null,"name":"Bar Las Flores","city":"Montevideo","citySlug":"montevideo-uy","cc":null,"kind":"unknown","status":"unknown","visits":1,"unnamed":false}},{"type":"Feature","geometry":{"type":"Point","coordinates":[139.7015,35.66005]},"properties":{"id":"4c7f169b-af7f-50e8-a9be-03b6d7904743","slug":null,"name":"BAR PIANO","city":"Shibuya","citySlug":"shibuya-jp","cc":null,"kind":"food","status":"unknown","visits":1,"unnamed":false}},{"type":"Feature","geometry":{"type":"Point","coordinates":[-2.07474,43.13778]},"properties":{"id":"856357b9-5913-56cc-8d3a-f434c6e48f65","slug":null,"name":"Bar restaurante Astelena","city":"Tolosa","citySlug":"tolosa-es","cc":null,"kind":"unknown","status":"unknown","visits":1,"unnamed":false}},{"type":"Feature","geometry":{"type":"Point","coordinates":[103.85869,1.30115]},"properties":{"id":"9277a875-96ff-5ab2-a309-dfeda4fb1fc5","slug":null,"name":"Bar Stories","city":"Singapore","citySlug":"singapore-sg","cc":null,"kind":"unknown","status":"unknown","visits":1,"unnamed":false}},{"type":"Feature","geometry":{"type":"Point","coordinates":[-58.37011,-34.61834]},"properties":{"id":"14d96812-4761-5582-a108-af35be07e74c","slug":null,"name":"Bar Sur","city":"Buenos Aires","citySlug":"buenos-aires-ar","cc":null,"kind":"unknown","status":"unknown","visits":1,"unnamed":false}},{"type":"Feature","geometry":{"type":"Point","coordinates":[6.95349,50.9503]},"properties":{"id":"50ccb461-c5f6-5cd4-8eeb-77f41a6018b0","slug":null,"name":"Bar Trattoria Celentano","city":"Cologne","citySlug":"cologne-de","cc":null,"kind":"unknown","status":"unknown","visits":1,"unnamed":false}},{"type":"Feature","geometry":{"type":"Point","coordinates":[-1.98371,43.3238]},"properties":{"id":"8056e2b7-606d-5938-9d61-df90720fe291","slug":null,"name":"Bar Zeruko","city":"San Sebastián","citySlug":"san-sebastian-es","cc":null,"kind":"unknown","status":"unknown","visits":1,"unnamed":false}},{"type":"Feature","geometry":{"type":"Point","coordinates":[139.705,35.65798]},"properties":{"id":"540714ee-7674-5059-b4dc-ff6825141ea1","slug":null,"name":"Bar 石の華 Ishinohana","city":"Shibuya","citySlug":"shibuya-jp","cc":null,"kind":"food","status":"unknown","visits":1,"unnamed":false}},{"type":"Feature","geometry":{"type":"Point","coordinates":[-97.73829,30.34131]},"properties":{"id":"1f891409-7630-53eb-9e2d-a0fe7277668d","slug":null,"name":"Barley Swine","city":"Austin","citySlug":"austin-us","cc":null,"kind":"food","status":"unknown","visits":1,"unnamed":false}},{"type":"Feature","geometry":{"type":"Point","coordinates":[-74.10625,39.75762]},"properties":{"id":"900e8fe1-feeb-509d-8f07-175cb12e51ff","slug":null,"name":"Barnegat Light","city":"Barnegat Light","citySlug":"barnegat-light-us","cc":null,"kind":"unknown","status":"unknown","visits":1,"unnamed":false}},{"type":"Feature","geometry":{"type":"Point","coordinates":[-75.17281,39.96064]},"properties":{"id":"14080d4f-042b-5d78-bc96-4026fc0b3990","slug":null,"name":"Barnes Foundation","city":"Philadelphia","citySlug":"philadelphia-us","cc":null,"kind":"unknown","status":"unknown","visits":1,"unnamed":false}},{"type":"Feature","geometry":{"type":"Point","coordinates":[-73.97457,40.78797]},"properties":{"id":"6cb6a9d3-b7a4-5222-9c7f-4ebd1d75d03f","slug":null,"name":"Barney Greengrass","city":"New York","citySlug":"new-york-us","cc":null,"kind":"food","status":"unknown","visits":2,"unnamed":false}},{"type":"Feature","geometry":{"type":"Point","coordinates":[-69.89867,18.47868]},"properties":{"id":"afadf944-2711-51d5-837d-70835a16d40f","slug":null,"name":"Barra Payán","city":"Santo Domingo","citySlug":"santo-domingo-do","cc":null,"kind":"food","status":"unknown","visits":1,"unnamed":false}},{"type":"Feature","geometry":{"type":"Point","coordinates":[-38.45207,-3.74057]},"properties":{"id":"cb9e8625-2025-5ba4-a930-995b6b8231d6","slug":null,"name":"Barraca Biruta","city":"Fortaleza","citySlug":"fortaleza-br","cc":null,"kind":"unknown","status":"unknown","visits":1,"unnamed":false}},{"type":"Feature","geometry":{"type":"Point","coordinates":[-42.86485,-22.75844]},"properties":{"id":"3f3f02e2-3edb-5635-91e7-bc9703c9614e","slug":null,"name":"Barraca Nordestina","city":"Itaboraí","citySlug":"itaborai-br","cc":null,"kind":"food","status":"unknown","visits":1,"unnamed":false}},{"type":"Feature","geometry":{"type":"Point","coordinates":[-66.11719,18.4645]},"properties":{"id":"23d9e12a-d207-5fca-aa96-01fd42bd48f3","slug":null,"name":"Barrachina","city":"San Juan","citySlug":"san-juan-us","cc":null,"kind":"food","status":"unknown","visits":1,"unnamed":false}},{"type":"Feature","geometry":{"type":"Point","coordinates":[-73.85626,40.89486]},"properties":{"id":"7341ba41-61ba-5718-8ab6-809016224dc8","slug":null,"name":"Barry's restaurant","city":"New York","citySlug":"new-york-us","cc":null,"kind":"unknown","status":"unknown","visits":1,"unnamed":false}},{"type":"Feature","geometry":{"type":"Point","coordinates":[13.8666,44.82483]},"properties":{"id":"0cec51f9-6d6b-53c6-b63d-aff42a36484f","slug":null,"name":"Batelina","city":"Banjole","citySlug":"banjole-hr","cc":null,"kind":"food","status":"unknown","visits":1,"unnamed":false}},{"type":"Feature","geometry":{"type":"Point","coordinates":[101.68165,3.23652]},"properties":{"id":"1b51e36e-ad06-577c-8cd2-3e1f3d0896bb","slug":null,"name":"Batu Caves","city":"Selayang Municipal Council","citySlug":"selayang-municipal-council-my","cc":null,"kind":"sight","status":"unknown","visits":1,"unnamed":false}},{"type":"Feature","geometry":{"type":"Point","coordinates":[-73.98725,40.80621]},"properties":{"id":"0b4ff436-8c52-5cd3-836e-026272bb115c","slug":null,"name":"Baumgart's Cafe","city":"Edgewater","citySlug":"edgewater-us","cc":null,"kind":"food","status":"unknown","visits":1,"unnamed":false}},{"type":"Feature","geometry":{"type":"Point","coordinates":[103.85678,1.29845]},"properties":{"id":"459ccc00-fb1e-5a54-9eac-50cf3cab8309","slug":null,"name":"BBQ Box","city":"Singapore","citySlug":"singapore-sg","cc":null,"kind":"activity","status":"unknown","visits":1,"unnamed":false}},{"type":"Feature","geometry":{"type":"Point","coordinates":[-2.46371,36.83405]},"properties":{"id":"91388156-96a0-55fc-9e24-4b2ffdf4f3e5","slug":null,"name":"Beach barbecue","city":"Almeria","citySlug":"almeria-es","cc":null,"kind":"unknown","status":"unknown","visits":1,"unnamed":false}},{"type":"Feature","geometry":{"type":"Point","coordinates":[-79.40569,43.6441]},"properties":{"id":"78c73d3c-82ca-580c-afe3-065137f5cf1a","slug":null,"name":"Beast Restaurant","city":"Toronto","citySlug":"toronto-ca","cc":null,"kind":"unknown","status":"unknown","visits":1,"unnamed":false}},{"type":"Feature","geometry":{"type":"Point","coordinates":[-115.14009,36.16881]},"properties":{"id":"2af81bb2-6a0d-5a69-b42a-a1d6533cd043","slug":null,"name":"Beauty Bar Las Vegas","city":"Las Vegas","citySlug":"las-vegas-us","cc":null,"kind":"activity","status":"unknown","visits":1,"unnamed":false}},{"type":"Feature","geometry":{"type":"Point","coordinates":[-73.58752,45.5191]},"properties":{"id":"0a89da00-0984-5e53-b271-768cde7b0bf7","slug":null,"name":"Beauty's Restaurant","city":"Montreal","citySlug":"montreal-ca","cc":null,"kind":"unknown","status":"unknown","visits":1,"unnamed":false}},{"type":"Feature","geometry":{"type":"Point","coordinates":[-46.68599,-23.55622]},"properties":{"id":"abdf6573-332d-505e-ad8f-1760e27854ce","slug":null,"name":"Beco do Batman","city":"São Paulo","citySlug":"sao-paulo-br","cc":null,"kind":"unknown","status":"unknown","visits":1,"unnamed":false}},{"type":"Feature","geometry":{"type":"Point","coordinates":[-122.34187,47.60962]},"properties":{"id":"622caa29-299f-5cfa-9023-ebd6b6b1b99d","slug":null,"name":"Beecher's Handmade Cheese","city":"Seattle","citySlug":"seattle-us","cc":null,"kind":"market","status":"unknown","visits":1,"unnamed":false}},{"type":"Feature","geometry":{"type":"Point","coordinates":[4.89517,52.37616]},"properties":{"id":"11b756e0-2500-5182-a9e4-7a5c39c14b08","slug":null,"name":"Beer Tasting Room In The Wildeman","city":"Amsterdam","citySlug":"amsterdam-nl","cc":null,"kind":"unknown","status":"unknown","visits":1,"unnamed":false}},{"type":"Feature","geometry":{"type":"Point","coordinates":[74.88422,31.64249]},"properties":{"id":"fde41e32-33b7-5a54-a89e-09b62636eac0","slug":null,"name":"Beera Chicken House","city":"Amritsar","citySlug":"amritsar-in","cc":null,"kind":"unknown","status":"unknown","visits":1,"unnamed":false}},{"type":"Feature","geometry":{"type":"Point","coordinates":[6.93835,50.92953]},"properties":{"id":"c737c61f-8c4d-5312-9c4c-f2b181fa9ca0","slug":null,"name":"Bei Oma Kleinmann","city":"Cologne","citySlug":"cologne-de","cc":null,"kind":"unknown","status":"unknown","visits":1,"unnamed":false}},{"type":"Feature","geometry":{"type":"Point","coordinates":[34.83702,-19.83159]},"properties":{"id":"7e3876d3-02e3-5f1d-a111-305e5067441f","slug":null,"name":"Beira","city":"Beira","citySlug":"beira-mz","cc":null,"kind":"sight","status":"unknown","visits":1,"unnamed":false}},{"type":"Feature","geometry":{"type":"Point","coordinates":[-48.49018,-1.45575]},"properties":{"id":"47642ce8-c3cb-5feb-823e-f84e015952a9","slug":null,"name":"Belém","city":"Belém","citySlug":"belem-br","cc":null,"kind":"market","status":"unknown","visits":1,"unnamed":false}},{"type":"Feature","geometry":{"type":"Point","coordinates":[-70.99344,42.38237]},"properties":{"id":"46950654-9388-53d3-bae6-0a67395e91c5","slug":null,"name":"Belle Isle Seafood","city":"Winthrop","citySlug":"winthrop-us","cc":null,"kind":"food","status":"unknown","visits":1,"unnamed":false}},{"type":"Feature","geometry":{"type":"Point","coordinates":[-73.99342,40.75692]},"properties":{"id":"b7488f65-253b-5c30-a8ae-3938265a5f39","slug":null,"name":"Bellevue Bar","city":"New York","citySlug":"new-york-us","cc":null,"kind":"unknown","status":"unknown","visits":1,"unnamed":false}},{"type":"Feature","geometry":{"type":"Point","coordinates":[13.43785,52.49359]},"properties":{"id":"cfe7464d-1200-534e-9ba2-a7a33e23ef23","slug":null,"name":"Bellman Bar","city":"Berlin","citySlug":"berlin-de","cc":null,"kind":"unknown","status":"closed","visits":1,"unnamed":false}},{"type":"Feature","geometry":{"type":"Point","coordinates":[19.05636,47.49805]},"properties":{"id":"89fdf599-7ef4-50ef-8796-5ad356ea497e","slug":null,"name":"Belvárosi Disznótoros","city":"Budapest","citySlug":"budapest-hu","cc":null,"kind":"unknown","status":"unknown","visits":1,"unnamed":false}},{"type":"Feature","geometry":{"type":"Point","coordinates":[12.49154,41.89175]},"properties":{"id":"77c9d3f6-b1af-5337-aec5-4fdaa6cad52e","slug":null,"name":"Belvedere Cederna","city":"Rome","citySlug":"rome-it","cc":null,"kind":"unknown","status":"unknown","visits":1,"unnamed":false}},{"type":"Feature","geometry":{"type":"Point","coordinates":[-73.96316,40.77442]},"properties":{"id":"a5922eb1-e8c4-526a-ad67-66338a5f0524","slug":null,"name":"Bemelmans Bar","city":"New York","citySlug":"new-york-us","cc":null,"kind":"unknown","status":"unknown","visits":1,"unnamed":false}},{"type":"Feature","geometry":{"type":"Point","coordinates":[106.69804,10.77255]},"properties":{"id":"a9801fa9-e4f5-566b-80bf-0fafb4586d6b","slug":null,"name":"Ben Thanh Market","city":"Ho Chi Minh City","citySlug":"ho-chi-minh-city-vn","cc":null,"kind":"food","status":"unknown","visits":2,"unnamed":false}},{"type":"Feature","geometry":{"type":"Point","coordinates":[-77.02878,38.91722]},"properties":{"id":"43f0a580-15b6-54a3-9abf-3c6e13c82cd8","slug":null,"name":"Ben's Chili Bowl","city":"Washington","citySlug":"washington-us","cc":null,"kind":"food","status":"unknown","visits":1,"unnamed":false}},{"type":"Feature","geometry":{"type":"Point","coordinates":[2.3567,48.8517]},"properties":{"id":"fddba49b-d3ad-5b2e-b716-a2be8a039d3b","slug":null,"name":"Berthillon Glacier","city":"Paris","citySlug":"paris-fr","cc":null,"kind":"unknown","status":"unknown","visits":1,"unnamed":false}},{"type":"Feature","geometry":{"type":"Point","coordinates":[30.52158,50.44231]},"properties":{"id":"0e6a7b65-e347-5c13-b5b4-819a3268bc2c","slug":null,"name":"Bessarabsky Market","city":"Kyiv","citySlug":"kyiv-ua","cc":null,"kind":"market","status":"unknown","visits":1,"unnamed":false}},{"type":"Feature","geometry":{"type":"Point","coordinates":[35.20244,31.70538]},"properties":{"id":"59a06c1a-b7aa-5c22-9541-ad5df592de80","slug":null,"name":"Bethlehem","city":"Bethlehem","citySlug":"bethlehem-ps","cc":null,"kind":"unknown","status":"unknown","visits":1,"unnamed":false}},{"type":"Feature","geometry":{"type":"Point","coordinates":[51.65769,32.63634]},"properties":{"id":"bb4413e9-2e84-5449-a5fc-727279d03e37","slug":null,"name":"Bethlehem Church","city":"Isfahan","citySlug":"isfahan-ir","cc":null,"kind":"unknown","status":"unknown","visits":1,"unnamed":false}},{"type":"Feature","geometry":{"type":"Point","coordinates":[12.53685,41.87926]},"properties":{"id":"4944b8ac-09d5-501a-943e-800f6e696fa4","slug":null,"name":"Betto e Mary","city":"Rome","citySlug":"rome-it","cc":null,"kind":"unknown","status":"unknown","visits":1,"unnamed":false}},{"type":"Feature","geometry":{"type":"Point","coordinates":[-118.29253,34.05306]},"properties":{"id":"568e5467-9ab6-5535-b0e7-b60d98dffe31","slug":null,"name":"Beverly Soon Tofu Restaurant","city":"Los Angeles","citySlug":"los-angeles-us","cc":null,"kind":"unknown","status":"unknown","visits":1,"unnamed":false}},{"type":"Feature","geometry":{"type":"Point","coordinates":[-118.30596,34.10211]},"properties":{"id":"d94d8daa-b41e-5b6f-8971-04ffa8c7452f","slug":null,"name":"Bhan Kanom Thai","city":"Los Angeles","citySlug":"los-angeles-us","cc":null,"kind":"food","status":"unknown","visits":1,"unnamed":false}},{"type":"Feature","geometry":{"type":"Point","coordinates":[105.81121,21.03434]},"properties":{"id":"20d91af3-b3ca-5553-be01-9c4040da6ed2","slug":null,"name":"Bia Hải Xồm","city":"Hà Nội","citySlug":"ha-noi-vn","cc":null,"kind":"unknown","status":"unknown","visits":1,"unnamed":false}},{"type":"Feature","geometry":{"type":"Point","coordinates":[15.91932,43.881]},"properties":{"id":"2788ff82-1f95-5665-ad86-b8bc994078ab","slug":null,"name":"BIBICh Winery","city":"Plastovo","citySlug":"plastovo-hr","cc":null,"kind":"activity","status":"unknown","visits":1,"unnamed":false}},{"type":"Feature","geometry":{"type":"Point","coordinates":[-90.18868,32.30511]},"properties":{"id":"149bbeaa-12ad-5101-b5a5-7c3bef7785e9","slug":null,"name":"Big Apple Inn","city":"Jackson","citySlug":"jackson-us","cc":null,"kind":"unknown","status":"unknown","visits":1,"unnamed":false}},{"type":"Feature","geometry":{"type":"Point","coordinates":[-84.438,33.74327]},"properties":{"id":"2f5105c2-f962-5ca7-88b1-121a98c06766","slug":null,"name":"Big Apple Inn- Atlanta","city":"Atlanta","citySlug":"atlanta-us","cc":null,"kind":"unknown","status":"unknown","visits":1,"unnamed":false}},{"type":"Feature","geometry":{"type":"Point","coordinates":[-103.25016,29.24982]},"properties":{"id":"996492f1-f3dd-548b-ba32-1a6260d0c130","slug":null,"name":"Big Bend National Park","city":"Brewster County","citySlug":"brewster-county-us","cc":null,"kind":"unknown","status":"unknown","visits":1,"unnamed":false}},{"type":"Feature","geometry":{"type":"Point","coordinates":[-90.08793,29.92356]},"properties":{"id":"bd87b26c-cbe8-5f61-8ebd-1e65e386126a","slug":null,"name":"Big Fisherman Seafood","city":"New Orleans","citySlug":"new-orleans-us","cc":null,"kind":"unknown","status":"unknown","visits":1,"unnamed":false}},{"type":"Feature","geometry":{"type":"Point","coordinates":[-73.98411,40.72638]},"properties":{"id":"3bd99a85-49ef-579a-9111-01bfbff5a9be","slug":null,"name":"Big Gay Ice Cream Shop","city":"New York","citySlug":"new-york-us","cc":null,"kind":"unknown","status":"unknown","visits":1,"unnamed":false}},{"type":"Feature","geometry":{"type":"Point","coordinates":[101.73795,3.0846]},"properties":{"id":"555f1433-708f-5ef7-b118-45a3bd594232","slug":null,"name":"Big Tree Lin Kee chan sow lin steamed fish head","city":"Kuala Lumpur","citySlug":"kuala-lumpur-my","cc":null,"kind":"food","status":"unknown","visits":1,"unnamed":false}},{"type":"Feature","geometry":{"type":"Point","coordinates":[-104.99022,39.75439]},"properties":{"id":"432d3ff2-0178-5de0-81d2-37049ca795f4","slug":null,"name":"Biker Jim's Gourmet Dogs","city":"Denver","citySlug":"denver-us","cc":null,"kind":"food","status":"unknown","visits":1,"unnamed":false}},{"type":"Feature","geometry":{"type":"Point","coordinates":[-122.33365,47.60238]},"properties":{"id":"d793bc75-c508-5f04-b462-dd1c1f1a8462","slug":null,"name":"Bill Speidel's Underground Tour","city":"Seattle","citySlug":"seattle-us","cc":null,"kind":"unknown","status":"unknown","visits":1,"unnamed":false}},{"type":"Feature","geometry":{"type":"Point","coordinates":[-87.6245,41.89036]},"properties":{"id":"e016544c-9a59-5414-85fe-09a07dc4bf4d","slug":null,"name":"Billy Goat Tavern","city":"Chicago","citySlug":"chicago-us","cc":null,"kind":"unknown","status":"unknown","visits":1,"unnamed":false}},{"type":"Feature","geometry":{"type":"Point","coordinates":[-92.108,30.24411]},"properties":{"id":"892fb096-7d63-5818-a829-a3a9b5b4660e","slug":null,"name":"Billy's Boudin and Cracklin","city":"Scott","citySlug":"scott-us","cc":null,"kind":"unknown","status":"unknown","visits":1,"unnamed":false}},{"type":"Feature","geometry":{"type":"Point","coordinates":[-80.27868,25.74081]},"properties":{"id":"40129f2a-273f-557d-93f7-a972059c0e29","slug":null,"name":"Biltmore Hotel Miami Coral Gables","city":"Coral Gables","citySlug":"coral-gables-us","cc":null,"kind":"unknown","status":"unknown","visits":1,"unnamed":false}},{"type":"Feature","geometry":{"type":"Point","coordinates":[142.15695,42.63691]},"properties":{"id":"258c68c8-d23a-502b-a9c1-9c6dc5d9b5e8","slug":null,"name":"Biratori Choritsu Nibutani Ainu Culture Museum","city":"Biratori","citySlug":"biratori-jp","cc":null,"kind":"sight","status":"unknown","visits":1,"unnamed":false}},{"type":"Feature","geometry":{"type":"Point","coordinates":[-43.90986,-19.91462]},"properties":{"id":"516e9568-00af-5469-bbab-cc953d13ccb8","slug":null,"name":"Birosca S2","city":"Belo Horizonte","citySlug":"belo-horizonte-br","cc":null,"kind":"unknown","status":"unknown","visits":1,"unnamed":false}},{"type":"Feature","geometry":{"type":"Point","coordinates":[103.78939,1.29908]},"properties":{"id":"64711630-e42a-57d3-9ce0-a364f56f790a","slug":null,"name":"Bismillah Biryani Restaurant One North","city":"Singapore","citySlug":"singapore-sg","cc":null,"kind":"unknown","status":"unknown","visits":1,"unnamed":false}},{"type":"Feature","geometry":{"type":"Point","coordinates":[-9.14291,38.71212]},"properties":{"id":"4f8c549f-beff-5219-9163-360ca0fda205","slug":null,"name":"Bistro 100 Maneiras","city":"Lisbon","citySlug":"lisbon-pt","cc":null,"kind":"food","status":"unknown","visits":1,"unnamed":false}},{"type":"Feature","geometry":{"type":"Point","coordinates":[-38.50792,-12.97022]},"properties":{"id":"9f5b30bd-596a-548f-adf6-7d22778d5c48","slug":null,"name":"Bistrô Brazfood Drink Bar","city":"Salvador","citySlug":"salvador-br","cc":null,"kind":"unknown","status":"closed","visits":1,"unnamed":false}},{"type":"Feature","geometry":{"type":"Point","coordinates":[-73.57485,45.54781]},"properties":{"id":"a4a3b455-634d-5368-b39e-dfe4688f23f4","slug":null,"name":"Bistro M Sur Masson","city":"Montreal","citySlug":"montreal-ca","cc":null,"kind":"unknown","status":"closed","visits":1,"unnamed":false}},{"type":"Feature","geometry":{"type":"Point","coordinates":[-5.97514,54.63027]},"properties":{"id":"1bedc766-d567-5279-84ba-ba3ff5f8b37d","slug":null,"name":"Black Taxi Tour Belfast","city":"Belfast City District","citySlug":"belfast-city-district-gb","cc":null,"kind":"activity","status":"unknown","visits":1,"unnamed":false}},{"type":"Feature","geometry":{"type":"Point","coordinates":[-73.93359,40.70506]},"properties":{"id":"96521476-860a-5a89-8356-b4205f031d80","slug":null,"name":"Blanca","city":"New York","citySlug":"new-york-us","cc":null,"kind":"food","status":"unknown","visits":1,"unnamed":false}},{"type":"Feature","geometry":{"type":"Point","coordinates":[-74.00824,40.73542]},"properties":{"id":"b94edf4a-436c-52c3-aba9-673b931fe1ab","slug":null,"name":"Blaue Gans","city":"New York","citySlug":"new-york-us","cc":null,"kind":"food","status":"closed","visits":1,"unnamed":false}},{"type":"Feature","geometry":{"type":"Point","coordinates":[106.80069,-6.24454]},"properties":{"id":"bb3b8960-fd9d-5469-a233-5bc4f9c5a55b","slug":null,"name":"Blok M Square","city":"South Jakarta","citySlug":"south-jakarta-id","cc":null,"kind":"unknown","status":"unknown","visits":1,"unnamed":false}},{"type":"Feature","geometry":{"type":"Point","coordinates":[-79.95391,40.46289]},"properties":{"id":"c6d82db5-0c5b-5545-aa73-c93e43863c5f","slug":null,"name":"Bloomfield Park","city":"Pittsburgh","citySlug":"pittsburgh-us","cc":null,"kind":"unknown","status":"unknown","visits":1,"unnamed":false}},{"type":"Feature","geometry":{"type":"Point","coordinates":[-122.40776,37.78246]},"properties":{"id":"d7485fdd-f068-5930-9507-6e86bef27a6e","slug":null,"name":"Blue Bottle Coffee","city":"San Francisco","citySlug":"san-francisco-us","cc":null,"kind":"unknown","status":"unknown","visits":1,"unnamed":false}},{"type":"Feature","geometry":{"type":"Point","coordinates":[-22.44951,63.88039]},"properties":{"id":"cb459a65-921d-5e60-ad0c-869dd2bc9613","slug":null,"name":"Blue Lagoon","city":"Grindavík","citySlug":"grindavik-is","cc":null,"kind":"activity","status":"unknown","visits":1,"unnamed":false}},{"type":"Feature","geometry":{"type":"Point","coordinates":[25.35229,37.07325]},"properties":{"id":"e1dd8a08-c687-5bf6-a4cc-c2cd163335fa","slug":null,"name":"Bluefin divers Naxos Diving Center-Padi 5 Star Resort","city":"Aghios Prokopios","citySlug":"aghios-prokopios-gr","cc":null,"kind":"unknown","status":"unknown","visits":1,"unnamed":false}},{"type":"Feature","geometry":{"type":"Point","coordinates":[114.17103,22.27626]},"properties":{"id":"4e0fcb77-a558-516c-8f5c-04ff8572d0aa","slug":null,"name":"Bo Innovation","city":"Hong Kong","citySlug":"hong-kong-cn","cc":null,"kind":"food","status":"unknown","visits":1,"unnamed":false}},{"type":"Feature","geometry":{"type":"Point","coordinates":[-75.06266,40.56713]},"properties":{"id":"1292d460-606c-55bc-8960-0b089e531194","slug":null,"name":"Bobolink Dairy & Bakehouse","city":"Holland Township","citySlug":"holland-township-us","cc":null,"kind":"market","status":"unknown","visits":1,"unnamed":false}},{"type":"Feature","geometry":{"type":"Point","coordinates":[-69.61075,18.44661]},"properties":{"id":"d5829238-95cf-5387-bf69-6369c7245419","slug":null,"name":"Boca Chica Beach","city":"Andrés","citySlug":"andres-do","cc":null,"kind":"food","status":"unknown","visits":1,"unnamed":false}},{"type":"Feature","geometry":{"type":"Point","coordinates":[-5.81229,35.78031]},"properties":{"id":"b21ae1c3-c0ec-5c4b-a956-d784fe29d903","slug":null,"name":"Bocadillo Abdelmalik","city":"Tangier","citySlug":"tangier-ma","cc":null,"kind":"unknown","status":"unknown","visits":1,"unnamed":false}},{"type":"Feature","geometry":{"type":"Point","coordinates":[-86.7614,36.17405]},"properties":{"id":"b1890229-ced6-51dc-8920-7c0e649c3f31","slug":null,"name":"Bolton's Spicy Chicken & Fish","city":"Nashville","citySlug":"nashville-us","cc":null,"kind":"unknown","status":"unknown","visits":1,"unnamed":false}},{"type":"Feature","geometry":{"type":"Point","coordinates":[-115.72935,33.34819]},"properties":{"id":"f95886ec-2ebb-5e12-81f8-85f748e32499","slug":null,"name":"Bombay Beach Ruins","city":"Imperial County","citySlug":"imperial-county-us","cc":null,"kind":"sight","status":"unknown","visits":1,"unnamed":false}},{"type":"Feature","geometry":{"type":"Point","coordinates":[-118.38367,34.09048]},"properties":{"id":"fb117294-0196-59a3-939b-ea02636cabb0","slug":null,"name":"Book Soup","city":"West Hollywood","citySlug":"west-hollywood-us","cc":null,"kind":"unknown","status":"unknown","visits":1,"unnamed":false}},{"type":"Feature","geometry":{"type":"Point","coordinates":[-115.17166,36.04927]},"properties":{"id":"7f67070b-3d4f-55a1-87ae-af6efc9389fe","slug":null,"name":"Bootlegger Italian Bistro","city":"Enterprise","citySlug":"enterprise-us","cc":null,"kind":"unknown","status":"unknown","visits":1,"unnamed":false}},{"type":"Feature","geometry":{"type":"Point","coordinates":[-74.43527,39.37832]},"properties":{"id":"7d01ea62-e50d-5666-9adc-60d1591ce421","slug":null,"name":"Borgata","city":"Atlantic City","citySlug":"atlantic-city-us","cc":null,"kind":"unknown","status":"unknown","visits":1,"unnamed":false}},{"type":"Feature","geometry":{"type":"Point","coordinates":[-90.07643,29.94933]},"properties":{"id":"0f9e51e0-b5b4-5f6e-921f-950fb854b323","slug":null,"name":"Borgne","city":"New Orleans","citySlug":"new-orleans-us","cc":null,"kind":"unknown","status":"unknown","visits":1,"unnamed":false}},{"type":"Feature","geometry":{"type":"Point","coordinates":[-0.09096,51.50545]},"properties":{"id":"1f942948-59cc-5119-9e55-8212f9719f0a","slug":null,"name":"Borough Market","city":"Greater London","citySlug":"greater-london-gb","cc":null,"kind":"unknown","status":"unknown","visits":1,"unnamed":false}},{"type":"Feature","geometry":{"type":"Point","coordinates":[14.90023,44.57244]},"properties":{"id":"c91bff19-f523-5e92-a5a6-baba0f7d7c62","slug":null,"name":"Boskinac","city":"Grad Novalja","citySlug":"grad-novalja-hr","cc":null,"kind":"food","status":"unknown","visits":1,"unnamed":false}},{"type":"Feature","geometry":{"type":"Point","coordinates":[-80.23973,25.78155]},"properties":{"id":"9d524bd8-9f8a-5ac2-af20-95744f5ccf4a","slug":null,"name":"BOTANICA NENA","city":"Miami","citySlug":"miami-us","cc":null,"kind":"sight","status":"unknown","visits":1,"unnamed":false}},{"type":"Feature","geometry":{"type":"Point","coordinates":[144.98166,-37.8342]},"properties":{"id":"515676e3-c42e-5bec-aef8-18b85c32d80f","slug":null,"name":"Botanical Hotel","city":"South Yarra","citySlug":"south-yarra-au","cc":null,"kind":"food","status":"unknown","visits":1,"unnamed":false}},{"type":"Feature","geometry":{"type":"Point","coordinates":[2.85386,47.33965]},"properties":{"id":"f793cf36-4013-5eff-b637-596cecb53bee","slug":null,"name":"Boucherie Charcuterie Volailles","city":"Saint-Satur","citySlug":"saint-satur-fr","cc":null,"kind":"market","status":"unknown","visits":1,"unnamed":false}},{"type":"Feature","geometry":{"type":"Point","coordinates":[4.34921,43.83638]},"properties":{"id":"f84ea364-4eff-51c2-af6e-318591b6b4cb","slug":null,"name":"Boucherie Chevaline","city":"Nîmes","citySlug":"nimes-fr","cc":null,"kind":"market","status":"unknown","visits":1,"unnamed":false}},{"type":"Feature","geometry":{"type":"Point","coordinates":[6.86794,45.92191]},"properties":{"id":"7b9f8263-8f25-523a-8911-44cf272a37c5","slug":null,"name":"Boucherie du Mont Blanc - Chamonix (Francia)","city":"Chamonix-Mont-Blanc","citySlug":"chamonix-mont-blanc-fr","cc":null,"kind":"unknown","status":"unknown","visits":1,"unnamed":false}},{"type":"Feature","geometry":{"type":"Point","coordinates":[-115.17044,36.12287]},"properties":{"id":"8d680c2a-e41b-58a3-9cfc-c3d9083ae144","slug":null,"name":"Bouchon at The Venetian","city":"Winchester","citySlug":"winchester-us","cc":null,"kind":"food","status":"unknown","visits":1,"unnamed":false}},{"type":"Feature","geometry":{"type":"Point","coordinates":[4.83764,45.76394]},"properties":{"id":"83af8228-e775-5394-b14e-7abd651e5861","slug":null,"name":"Bouchon Comptoir Brunet","city":"Lyon","citySlug":"lyon-fr","cc":null,"kind":"unknown","status":"unknown","visits":1,"unnamed":false}},{"type":"Feature","geometry":{"type":"Point","coordinates":[24.01983,35.51303]},"properties":{"id":"390ed189-3c98-5d0f-a021-5cfe36d7fca4","slug":null,"name":"Bougatsa Iordanis","city":"Mournies","citySlug":"mournies-gr","cc":null,"kind":"food","status":"unknown","visits":1,"unnamed":false}},{"type":"Feature","geometry":{"type":"Point","coordinates":[-1.14426,44.63648]},"properties":{"id":"958eb549-b056-58be-a946-bc4da81ec7d9","slug":null,"name":"Boulangerie Patisserie Vincent Chérin","city":"La Teste-de-Buch","citySlug":"la-teste-de-buch-fr","cc":null,"kind":"unknown","status":"unknown","visits":1,"unnamed":false}},{"type":"Feature","geometry":{"type":"Point","coordinates":[-16.50403,16.02778]},"properties":{"id":"0d1338e8-c5ab-5457-8de1-2343d5dab00d","slug":null,"name":"Boulangerie SMBIS","city":"Saint-Louis","citySlug":"saint-louis-sn","cc":null,"kind":"unknown","status":"unknown","visits":1,"unnamed":false}},{"type":"Feature","geometry":{"type":"Point","coordinates":[102.13872,19.88329]},"properties":{"id":"60ef2250-b323-5479-8de1-b5bd5e9342ea","slug":null,"name":"Boun Ork Phansa","city":"Viangxai","citySlug":"viangxai-la","cc":null,"kind":"unknown","status":"unknown","visits":1,"unnamed":false}},{"type":"Feature","geometry":{"type":"Point","coordinates":[-5.81079,35.78671]},"properties":{"id":"31e54ee5-9ba3-5d01-9d73-f5b1f2525fce","slug":null,"name":"Boutique Majid","city":"Tangier","citySlug":"tangier-ma","cc":null,"kind":"unknown","status":"unknown","visits":1,"unnamed":false}},{"type":"Feature","geometry":{"type":"Point","coordinates":[-73.56255,45.47307]},"properties":{"id":"cc030533-1311-54a6-a3cb-0f2457d07c5d","slug":null,"name":"Brasserie Capri","city":"Montreal","citySlug":"montreal-ca","cc":null,"kind":"unknown","status":"unknown","visits":1,"unnamed":false}},{"type":"Feature","geometry":{"type":"Point","coordinates":[-73.98361,40.74356]},"properties":{"id":"0ff1747b-dd84-5a9e-a805-252ee9d498ff","slug":null,"name":"Brasserie Les Halles","city":"New York","citySlug":"new-york-us","cc":null,"kind":"food","status":"closed","visits":2,"unnamed":false}},{"type":"Feature","geometry":{"type":"Point","coordinates":[-73.56654,45.50741]},"properties":{"id":"028b9c9f-6f45-5661-9296-94559309774f","slug":null,"name":"Brasserie T! Montréal - Quartier des spectacles","city":"Montreal","citySlug":"montreal-ca","cc":null,"kind":"unknown","status":"unknown","visits":1,"unnamed":false}},{"type":"Feature","geometry":{"type":"Point","coordinates":[6.96052,50.93472]},"properties":{"id":"9b6a264d-f4f5-5651-93af-4ccccd301b95","slug":null,"name":"Brauerei zur Malzmühle","city":"Cologne","citySlug":"cologne-de","cc":null,"kind":"unknown","status":"unknown","visits":1,"unnamed":false}},{"type":"Feature","geometry":{"type":"Point","coordinates":[-0.12776,51.50735]},"properties":{"id":"8df8d38d-7491-50d0-8f3a-20f7bd4be710","slug":null,"name":"Breakfast at Nigella's house","city":"City of Westminster","citySlug":"city-of-westminster-gb","cc":null,"kind":"unknown","status":"unknown","visits":1,"unnamed":false}},{"type":"Feature","geometry":{"type":"Point","coordinates":[-91.89928,30.27353]},"properties":{"id":"10ea5dd5-0b64-5f0f-bf99-fe49b623a4a6","slug":null,"name":"Breaux Bridge","city":"Breaux Bridge","citySlug":"breaux-bridge-us","cc":null,"kind":"activity","status":"unknown","visits":1,"unnamed":false}},{"type":"Feature","geometry":{"type":"Point","coordinates":[-73.95966,40.57807]},"properties":{"id":"9715a502-ff9c-5c6f-8f15-4f5c3e97906c","slug":null,"name":"Brighton Beach","city":"New York","citySlug":"new-york-us","cc":null,"kind":"food","status":"unknown","visits":1,"unnamed":false}},{"type":"Feature","geometry":{"type":"Point","coordinates":[-73.82054,40.58427]},"properties":{"id":"090d3ce9-e101-59c5-a8d3-a6b15b78a69b","slug":null,"name":"Brisas Del Mar","city":"New York","citySlug":"new-york-us","cc":null,"kind":"unknown","status":"unknown","visits":1,"unnamed":false}},{"type":"Feature","geometry":{"type":"Point","coordinates":[-118.26352,34.04327]},"properties":{"id":"4b82cb0d-71f1-5753-a29a-9b7c52ed3d30","slug":null,"name":"Broken Spanish","city":"Los Angeles","citySlug":"los-angeles-us","cc":null,"kind":"unknown","status":"unknown","visits":1,"unnamed":false}},{"type":"Feature","geometry":{"type":"Point","coordinates":[-73.926,40.81366]},"properties":{"id":"b8311d9d-80db-5e71-978e-34494a48d885","slug":null,"name":"Bronx Academy of Letters","city":"New York","citySlug":"new-york-us","cc":null,"kind":"unknown","status":"unknown","visits":1,"unnamed":false}},{"type":"Feature","geometry":{"type":"Point","coordinates":[-73.98586,40.68878]},"properties":{"id":"76771a95-f86f-5bcb-8fd1-5877d6158059","slug":null,"name":"Brooklyn Fare","city":"New York","citySlug":"new-york-us","cc":null,"kind":"food","status":"unknown","visits":1,"unnamed":false}},{"type":"Feature","geometry":{"type":"Point","coordinates":[-81.57586,37.43955]},"properties":{"id":"b5ed5061-6f89-5565-9f97-c83ed58d6fe1","slug":null,"name":"Brooksrun Mining Co","city":"Welch","citySlug":"welch-us","cc":null,"kind":"unknown","status":"unknown","visits":1,"unnamed":false}},{"type":"Feature","geometry":{"type":"Point","coordinates":[55.19708,25.15153]},"properties":{"id":"c85a64ae-6ade-51dc-826b-65617af8f79b","slug":null,"name":"Bu Qtair Restaurant مطعم بوقطير‎","city":"Dubai","citySlug":"dubai-ae","cc":null,"kind":"food","status":"unknown","visits":1,"unnamed":false}},{"type":"Feature","geometry":{"type":"Point","coordinates":[-91.45012,31.26934]},"properties":{"id":"b3ac0364-a08b-5608-a55e-a386dfebc69a","slug":null,"name":"Buck Island","city":"Wilkinson County","citySlug":"wilkinson-county-us","cc":null,"kind":"unknown","status":"unknown","visits":1,"unnamed":false}},{"type":"Feature","geometry":{"type":"Point","coordinates":[-87.67896,41.96814]},"properties":{"id":"f194e238-6de9-5f9d-a50b-409ddf3bcf72","slug":null,"name":"Budacki's Drive In","city":"Chicago","citySlug":"chicago-us","cc":null,"kind":"unknown","status":"unknown","visits":1,"unnamed":false}},{"type":"Feature","geometry":{"type":"Point","coordinates":[106.65313,10.79572]},"properties":{"id":"231d3552-e833-5964-9f54-51829bb929df","slug":null,"name":"Buddhist temple","city":"Ho Chi Minh City","citySlug":"ho-chi-minh-city-vn","cc":null,"kind":"activity","status":"unknown","visits":1,"unnamed":false}},{"type":"Feature","geometry":{"type":"Point","coordinates":[-58.45655,-34.63217]},"properties":{"id":"d2a4cb63-a233-5df1-9b2a-0a05d36af802","slug":null,"name":"Buenos Aires Market","city":"Buenos Aires","citySlug":"buenos-aires-ar","cc":null,"kind":"market","status":"unknown","visits":1,"unnamed":false}},{"type":"Feature","geometry":{"type":"Point","coordinates":[19.11477,47.53636]},"properties":{"id":"d50e9763-4684-5783-aced-a87b11b6dfe3","slug":null,"name":"Bufe Falatozo","city":"Budapest","citySlug":"budapest-hu","cc":null,"kind":"unknown","status":"unknown","visits":1,"unnamed":false}},{"type":"Feature","geometry":{"type":"Point","coordinates":[106.68543,10.76022]},"properties":{"id":"e3cf91ab-e86a-5fb5-95c7-96dce362f767","slug":null,"name":"Buffet Hương Rừng 1","city":"Ho Chi Minh City","citySlug":"ho-chi-minh-city-vn","cc":null,"kind":"unknown","status":"unknown","visits":1,"unnamed":false}},{"type":"Feature","geometry":{"type":"Point","coordinates":[-84.27367,33.90595]},"properties":{"id":"2d501c99-cc82-5faf-8652-5a087b1d86e7","slug":null,"name":"Buford Highway Farmers Market","city":"Doraville","citySlug":"doraville-us","cc":null,"kind":"unknown","status":"unknown","visits":1,"unnamed":false}},{"type":"Feature","geometry":{"type":"Point","coordinates":[-75.19928,39.95153]},"properties":{"id":"c2fc75dd-0968-5865-a48b-886a1b0c7d8a","slug":null,"name":"Bui's Lunch Truck","city":"Philadelphia","citySlug":"philadelphia-us","cc":null,"kind":"unknown","status":"unknown","visits":1,"unnamed":false}},{"type":"Feature","geometry":{"type":"Point","coordinates":[-61.23119,13.15737]},"properties":{"id":"1ea01790-7a79-51f3-abc8-cec8e0c100f6","slug":null,"name":"Bully's Bar","city":"New Montrose","citySlug":"new-montrose-vc","cc":null,"kind":"food","status":"closed","visits":1,"unnamed":false}},{"type":"Feature","geometry":{"type":"Point","coordinates":[105.8539,21.01814]},"properties":{"id":"17924044-fa3d-587f-91c7-d53dd935887a","slug":null,"name":"Bún chả Hương Liên","city":"Hà Nội","citySlug":"ha-noi-vn","cc":null,"kind":"unknown","status":"unknown","visits":1,"unnamed":false}},{"type":"Feature","geometry":{"type":"Point","coordinates":[105.82003,21.00736]},"properties":{"id":"aeda545b-909e-5644-a5c3-78d46be3e988","slug":null,"name":"Bún chả Nem rán B2 Vĩnh Hồ","city":"Hà Nội","citySlug":"ha-noi-vn","cc":null,"kind":"food","status":"unknown","visits":1,"unnamed":false}},{"type":"Feature","geometry":{"type":"Point","coordinates":[105.83873,21.02694]},"properties":{"id":"11c044d5-9a4e-5c37-9a3b-86c3b465ab05","slug":null,"name":"Bún Chửi Ngô Sĩ Liên","city":"Hà Nội","citySlug":"ha-noi-vn","cc":null,"kind":"unknown","status":"unknown","visits":1,"unnamed":false}},{"type":"Feature","geometry":{"type":"Point","coordinates":[105.85173,21.03487]},"properties":{"id":"dba5b25b-a21a-53f8-89e4-eccc53a40ec3","slug":null,"name":"Bún ốc Giang phố cổ","city":"Hà Nội","citySlug":"ha-noi-vn","cc":null,"kind":"unknown","status":"unknown","visits":1,"unnamed":false}},{"type":"Feature","geometry":{"type":"Point","coordinates":[-73.97859,40.76431]},"properties":{"id":"10973ca6-1a08-5363-81ce-e9fa790d3354","slug":null,"name":"burger joint","city":null,"citySlug":null,"cc":null,"kind":"unknown","status":"unknown","visits":1,"unnamed":false}},{"type":"Feature","geometry":{"type":"Point","coordinates":[-95.42092,29.87699]},"properties":{"id":"cff84a35-1562-5787-8135-1be5cbf5f58e","slug":null,"name":"Burns Original BBQ","city":"Houston","citySlug":"houston-us","cc":null,"kind":"unknown","status":"unknown","visits":2,"unnamed":false}},{"type":"Feature","geometry":{"type":"Point","coordinates":[-87.7847,42.03697]},"properties":{"id":"bbe31ae2-8e6b-544a-a0ed-304269e34036","slug":null,"name":"Burt's Place","city":"Morton Grove","citySlug":"morton-grove-us","cc":null,"kind":"food","status":"unknown","visits":1,"unnamed":false}},{"type":"Feature","geometry":{"type":"Point","coordinates":[-77.03161,38.91792]},"properties":{"id":"5ea2fdf9-391c-5b37-8a98-cb409745eedb","slug":null,"name":"Busboys and Poets","city":"Washington","citySlug":"washington-us","cc":null,"kind":"food","status":"unknown","visits":1,"unnamed":false}},{"type":"Feature","geometry":{"type":"Point","coordinates":[-46.71723,-23.56845]},"properties":{"id":"a6621ab9-b43b-5348-8807-f8c2a56ddd15","slug":null,"name":"Butantan Institute","city":"São Paulo","citySlug":"sao-paulo-br","cc":null,"kind":"unknown","status":"unknown","visits":1,"unnamed":false}},{"type":"Feature","geometry":{"type":"Point","coordinates":[-5.77197,43.25284]},"properties":{"id":"60b5e742-911b-5e1f-b484-f48c8941aee9","slug":null,"name":"Ca'Laura","city":"Mieres","citySlug":"mieres-es","cc":null,"kind":"unknown","status":"unknown","visits":1,"unnamed":false}},{"type":"Feature","geometry":{"type":"Point","coordinates":[-74.0528,45.57223]},"properties":{"id":"d3cb5eab-08f3-547b-a366-0d895054dbda","slug":null,"name":"Cabane à Sucre Au Pied De Cochon","city":"Mirabel","citySlug":"mirabel-ca","cc":null,"kind":"unknown","status":"unknown","visits":1,"unnamed":false}},{"type":"Feature","geometry":{"type":"Point","coordinates":[-53.79494,-34.4023]},"properties":{"id":"3717719e-b2b1-5da5-a9f5-b49a0111b4cf","slug":null,"name":"Cabo Polonio","city":"Rocha","citySlug":"rocha-uy","cc":null,"kind":"sight","status":"unknown","visits":1,"unnamed":false}},{"type":"Feature","geometry":{"type":"Point","coordinates":[12.46679,41.91532]},"properties":{"id":"082dd037-e621-57f4-bfd0-e9e5035cf428","slug":null,"name":"Cacio e Pepe","city":"Rome","citySlug":"rome-it","cc":null,"kind":"unknown","status":"unknown","visits":1,"unnamed":false}},{"type":"Feature","geometry":{"type":"Point","coordinates":[-82.92647,42.40156]},"properties":{"id":"a160e9f0-1926-5c3c-a0ea-9dae9765f7e2","slug":null,"name":"Cadieux Cafe","city":"Detroit","citySlug":"detroit-us","cc":null,"kind":"activity","status":"unknown","visits":1,"unnamed":false}},{"type":"Feature","geometry":{"type":"Point","coordinates":[25.02112,60.39958]},"properties":{"id":"64cbf6cc-1db4-5486-b6d4-ce6890d0ff6c","slug":null,"name":"Cafe & Pub Päämaja","city":"Tuusula","citySlug":"tuusula-fi","cc":null,"kind":"food","status":"unknown","visits":1,"unnamed":false}},{"type":"Feature","geometry":{"type":"Point","coordinates":[-5.81154,35.78799]},"properties":{"id":"882d6f4a-368c-51e5-8b62-2fe3a3ae1a7d","slug":null,"name":"Café Baba","city":"Tangier","citySlug":"tangier-ma","cc":null,"kind":"unknown","status":"unknown","visits":1,"unnamed":false}},{"type":"Feature","geometry":{"type":"Point","coordinates":[-70.65078,-33.44176]},"properties":{"id":"8a5d838e-af90-5bde-a47a-62f4281fc6a3","slug":null,"name":"Café Caribe","city":"Santiago","citySlug":"santiago-cl","cc":null,"kind":"food","status":"unknown","visits":1,"unnamed":false}},{"type":"Feature","geometry":{"type":"Point","coordinates":[4.82584,45.75404]},"properties":{"id":"f789ff06-0c9c-5f25-8d07-3025d6245cf5","slug":null,"name":"Café Comptoir Abel","city":"Lyon","citySlug":"lyon-fr","cc":null,"kind":"unknown","status":"unknown","visits":1,"unnamed":false}},{"type":"Feature","geometry":{"type":"Point","coordinates":[5.36694,43.2914]},"properties":{"id":"b36f64ff-0328-553c-8503-9b7425ecd4cb","slug":null,"name":"Café de l'Abbaye","city":"Marseille","citySlug":"marseille-fr","cc":null,"kind":"unknown","status":"unknown","visits":1,"unnamed":false}},{"type":"Feature","geometry":{"type":"Point","coordinates":[2.33368,48.85145]},"properties":{"id":"1ac9fb06-7a90-5eda-8a0d-e4e2b409e72e","slug":null,"name":"Café de la Mairie","city":"Paris","citySlug":"paris-fr","cc":null,"kind":"food","status":"unknown","visits":1,"unnamed":false}},{"type":"Feature","geometry":{"type":"Point","coordinates":[12.46425,41.91419]},"properties":{"id":"2934477f-30ea-50bd-82eb-210acea32049","slug":null,"name":"Cafe Faggiani","city":"Rome","citySlug":"rome-it","cc":null,"kind":"unknown","status":"unknown","visits":1,"unnamed":false}},{"type":"Feature","geometry":{"type":"Point","coordinates":[-0.57825,44.83822]},"properties":{"id":"ce0ffcd7-aed1-5e28-97b1-d7d4261b6688","slug":null,"name":"Café Français","city":"Bordeaux","citySlug":"bordeaux-fr","cc":null,"kind":"unknown","status":"unknown","visits":1,"unnamed":false}},{"type":"Feature","geometry":{"type":"Point","coordinates":[-73.95196,40.5865]},"properties":{"id":"4851f104-2047-5f96-b110-40b155902a1a","slug":null,"name":"Cafe Glechik","city":"New York","citySlug":"new-york-us","cc":null,"kind":"food","status":"unknown","visits":1,"unnamed":false}},{"type":"Feature","geometry":{"type":"Point","coordinates":[-90.08043,29.93994]},"properties":{"id":"e769fc08-5557-588d-adb6-bff0923b898b","slug":null,"name":"Café Reconcile","city":"New Orleans","citySlug":"new-orleans-us","cc":null,"kind":"food","status":"unknown","visits":1,"unnamed":false}},{"type":"Feature","geometry":{"type":"Point","coordinates":[-8.62174,41.15264]},"properties":{"id":"5e078924-84cb-5161-8b63-8dc3de9d9939","slug":null,"name":"Café Restaurante O Afonso","city":"Porto","citySlug":"porto-pt","cc":null,"kind":"unknown","status":"unknown","visits":1,"unnamed":false}},{"type":"Feature","geometry":{"type":"Point","coordinates":[16.3696,48.20393]},"properties":{"id":"1831811f-b8bb-57ae-a55b-8efbcfb74c09","slug":null,"name":"Café Sacher Wien","city":"Vienna","citySlug":"vienna-at","cc":null,"kind":"food","status":"unknown","visits":1,"unnamed":false}},{"type":"Feature","geometry":{"type":"Point","coordinates":[14.40727,50.08097]},"properties":{"id":"c95ac3b6-db47-5bf5-98ca-2c072944628a","slug":null,"name":"Café Savoy","city":"Prague","citySlug":"prague-cz","cc":null,"kind":"food","status":"unknown","visits":1,"unnamed":false}},{"type":"Feature","geometry":{"type":"Point","coordinates":[-75.126,40.05509]},"properties":{"id":"cf40313a-70d5-56ce-978d-7ad8ac07838e","slug":null,"name":"Cafe Soho","city":"Philadelphia","citySlug":"philadelphia-us","cc":null,"kind":"unknown","status":"unknown","visits":1,"unnamed":false}},{"type":"Feature","geometry":{"type":"Point","coordinates":[4.87574,52.37292]},"properties":{"id":"9e71fe1b-8756-5964-ae72-e15fb2ca8d1e","slug":null,"name":"Café Soundgarden","city":"Amsterdam","citySlug":"amsterdam-nl","cc":null,"kind":"unknown","status":"unknown","visits":1,"unnamed":false}},{"type":"Feature","geometry":{"type":"Point","coordinates":[-5.81086,35.78556]},"properties":{"id":"e8733a30-eecd-56ef-b0ac-54074c9e38a3","slug":null,"name":"Café Tinjis","city":"Tangier","citySlug":"tangier-ma","cc":null,"kind":"unknown","status":"unknown","visits":1,"unnamed":false}},{"type":"Feature","geometry":{"type":"Point","coordinates":[12.48933,41.90761]},"properties":{"id":"e38928c7-a11c-559b-b6c1-e73b831b7824","slug":null,"name":"Cafe' De Paris","city":"Rome","citySlug":"rome-it","cc":null,"kind":"food","status":"unknown","visits":1,"unnamed":false}},{"type":"Feature","geometry":{"type":"Point","coordinates":[-82.4039,23.12364]},"properties":{"id":"f1ad75cd-2045-587d-9243-063c63c12ae2","slug":null,"name":"Cafeteria a la BBQ","city":"Havana","citySlug":"havana-cu","cc":null,"kind":"unknown","status":"unknown","visits":1,"unnamed":false}},{"type":"Feature","geometry":{"type":"Point","coordinates":[-79.41243,43.65254]},"properties":{"id":"7d6271cd-f0c8-5a11-961a-a3aa33f7e493","slug":null,"name":"California Sandwiches","city":"Toronto","citySlug":"toronto-ca","cc":null,"kind":"unknown","status":"unknown","visits":1,"unnamed":false}},{"type":"Feature","geometry":{"type":"Point","coordinates":[-99.16852,19.40275]},"properties":{"id":"5106cc63-447c-5ae5-9c08-a035923aca65","slug":null,"name":"Calle Bajío & Chilpancingo","city":"Mexico City","citySlug":"mexico-city-mx","cc":null,"kind":"food","status":"unknown","visits":1,"unnamed":false}},{"type":"Feature","geometry":{"type":"Point","coordinates":[-87.54398,41.72264]},"properties":{"id":"00e6514c-1421-5ca8-ab7f-3456f67a960f","slug":null,"name":"Calumet Fisheries","city":"Chicago","citySlug":"chicago-us","cc":null,"kind":"market","status":"unknown","visits":1,"unnamed":false}},{"type":"Feature","geometry":{"type":"Point","coordinates":[-139.03839,-9.80052]},"properties":{"id":"89eef75e-2a2b-5564-b747-b264cad44ddd","slug":null,"name":"Calvary Cemetery - Paul Gauguin grave","city":"Hiva Oa","citySlug":"hiva-oa-fr","cc":null,"kind":"sight","status":"unknown","visits":1,"unnamed":false}},{"type":"Feature","geometry":{"type":"Point","coordinates":[-118.34375,34.08251]},"properties":{"id":"3c688123-b14e-5be7-877c-cd32a831753c","slug":null,"name":"Campanile","city":"Los Angeles","citySlug":"los-angeles-us","cc":null,"kind":"unknown","status":"unknown","visits":1,"unnamed":false}},{"type":"Feature","geometry":{"type":"Point","coordinates":[-118.26326,34.04413]},"properties":{"id":"4a326213-5dc6-5cd0-b045-5387d7173a10","slug":null,"name":"Caña Rum Bar","city":"Los Angeles","citySlug":"los-angeles-us","cc":null,"kind":"unknown","status":"unknown","visits":1,"unnamed":false}},{"type":"Feature","geometry":{"type":"Point","coordinates":[-73.5694,45.49616]},"properties":{"id":"03c1f15f-27f4-5096-80ac-09c5f42fec26","slug":null,"name":"Canadiens de Montréal","city":"Montreal","citySlug":"montreal-ca","cc":null,"kind":"unknown","status":"unknown","visits":1,"unnamed":false}},{"type":"Feature","geometry":{"type":"Point","coordinates":[103.81014,1.3059]},"properties":{"id":"acc3c3f7-8c5a-54d6-a6a5-47ab0469b0c5","slug":null,"name":"Candlenut","city":"Singapore","citySlug":"singapore-sg","cc":null,"kind":"unknown","status":"unknown","visits":1,"unnamed":false}},{"type":"Feature","geometry":{"type":"Point","coordinates":[-122.34675,47.64309]},"properties":{"id":"a1523e34-47b7-50f0-9ca4-9c1c654cd46d","slug":null,"name":"Canlis","city":"Seattle","citySlug":"seattle-us","cc":null,"kind":"unknown","status":"unknown","visits":1,"unnamed":false}},{"type":"Feature","geometry":{"type":"Point","coordinates":[-122.3165,47.61128]},"properties":{"id":"a1b93aa2-7cce-568c-b5b1-7ddd8474f445","slug":null,"name":"Canon","city":"Seattle","citySlug":"seattle-us","cc":null,"kind":"unknown","status":"unknown","visits":1,"unnamed":false}},{"type":"Feature","geometry":{"type":"Point","coordinates":[2.3794,48.8671]},"properties":{"id":"fa22e4f2-9117-5a1c-9f2d-f3b51e13f03b","slug":null,"name":"Cantada II","city":"Paris","citySlug":"paris-fr","cc":null,"kind":"food","status":"unknown","visits":1,"unnamed":false}},{"type":"Feature","geometry":{"type":"Point","coordinates":[-54.96075,-34.91049]},"properties":{"id":"70d22346-45f1-5461-b860-985aae34dcd3","slug":null,"name":"Cantina del Vigía","city":"Maldonado","citySlug":"maldonado-uy","cc":null,"kind":"unknown","status":"unknown","visits":1,"unnamed":false}},{"type":"Feature","geometry":{"type":"Point","coordinates":[12.33403,45.439]},"properties":{"id":"070f5c0a-3d3c-5f11-8520-919ca2396b5e","slug":null,"name":"Cantina Do Mori","city":"Venice","citySlug":"venice-it","cc":null,"kind":"food","status":"unknown","visits":1,"unnamed":false}},{"type":"Feature","geometry":{"type":"Point","coordinates":[-46.62149,-23.54445]},"properties":{"id":"9e27d045-bd8d-583d-b274-7342a3cf667c","slug":null,"name":"Cantina e PizzariaCastelões","city":"São Paulo","citySlug":"sao-paulo-br","cc":null,"kind":"unknown","status":"unknown","visits":1,"unnamed":false}},{"type":"Feature","geometry":{"type":"Point","coordinates":[-99.23743,18.92706]},"properties":{"id":"ac6c3edf-1b7c-51d8-88fd-159efe2d7747","slug":null,"name":"Cantina El Danubio","city":"Cuernavaca","citySlug":"cuernavaca-mx","cc":null,"kind":"unknown","status":"unknown","visits":1,"unnamed":false}},{"type":"Feature","geometry":{"type":"Point","coordinates":[-99.14299,19.43295]},"properties":{"id":"c6c10b01-402d-5bda-a2f5-a193c35ba315","slug":null,"name":"Cantina La Mascota","city":"Mexico City","citySlug":"mexico-city-mx","cc":null,"kind":"food","status":"unknown","visits":1,"unnamed":false}},{"type":"Feature","geometry":{"type":"Point","coordinates":[2.33133,48.86699]},"properties":{"id":"f73ebb93-5b11-5969-8f56-3a9585f0b0f5","slug":null,"name":"Cantine California","city":"Paris","citySlug":"paris-fr","cc":null,"kind":"unknown","status":"unknown","visits":1,"unnamed":false}},{"type":"Feature","geometry":{"type":"Point","coordinates":[-9.14222,38.70861]},"properties":{"id":"8ad9f01a-c7d5-5571-88e6-1410ce031f01","slug":null,"name":"Cantinho do Avillez","city":"Lisbon","citySlug":"lisbon-pt","cc":null,"kind":"food","status":"unknown","visits":1,"unnamed":false}},{"type":"Feature","geometry":{"type":"Point","coordinates":[-1.25166,44.65487]},"properties":{"id":"c002ec22-fb2b-53d7-83dc-52fd8a454ee0","slug":null,"name":"Cap Ferret","city":"Lège-Cap-Ferret","citySlug":"lege-cap-ferret-fr","cc":null,"kind":"unknown","status":"unknown","visits":1,"unnamed":false}},{"type":"Feature","geometry":{"type":"Point","coordinates":[166.16391,-77.55448]},"properties":{"id":"901a3ad4-0d07-5499-916a-5008548d2d07","slug":null,"name":"Cape Royds Adélie Penguin Rookery","city":null,"citySlug":null,"cc":null,"kind":"unknown","status":"unknown","visits":1,"unnamed":false}},{"type":"Feature","geometry":{"type":"Point","coordinates":[-61.41738,12.59654]},"properties":{"id":"2a8a4282-708b-579a-8e39-44b3e8ba3f2d","slug":null,"name":"Captain Gourmet","city":"Big Sands","citySlug":"big-sands-vc","cc":null,"kind":"market","status":"unknown","visits":1,"unnamed":false}},{"type":"Feature","geometry":{"type":"Point","coordinates":[-80.18346,25.89439]},"properties":{"id":"86f56c54-c9f6-543e-bc3b-1d64559c30ca","slug":null,"name":"Captain Jim's Seafood Market & Restaurant","city":"North Miami","citySlug":"north-miami-us","cc":null,"kind":"unknown","status":"unknown","visits":1,"unnamed":false}},{"type":"Feature","geometry":{"type":"Point","coordinates":[106.98621,-6.24296]},"properties":{"id":"bf16e9c8-8c8b-5a9c-b8d6-c1c6e8314d2d","slug":null,"name":"Carano Masakan Padang","city":"Bekasi","citySlug":"bekasi-id","cc":null,"kind":"food","status":"closed","visits":1,"unnamed":false}},{"type":"Feature","geometry":{"type":"Point","coordinates":[-10.80401,6.31535]},"properties":{"id":"22570f9d-8fcd-5517-8785-0b2c01e8b041","slug":null,"name":"Carey Street","city":"Monrovia","citySlug":"monrovia-lr","cc":null,"kind":"activity","status":"unknown","visits":1,"unnamed":false}},{"type":"Feature","geometry":{"type":"Point","coordinates":[-75.83015,20.01693]},"properties":{"id":"253db738-1f6c-5230-a8f7-200184ea169b","slug":null,"name":"Caribeño Restaurante","city":"Santiago de Cuba","citySlug":"santiago-de-cuba-cu","cc":null,"kind":"unknown","status":"unknown","visits":1,"unnamed":false}},{"type":"Feature","geometry":{"type":"Point","coordinates":[-46.61622,-23.53503]},"properties":{"id":"730d3eff-6e5a-5c7c-87e9-76ada51fa220","slug":null,"name":"Carlinhos Restaurante","city":"São Paulo","citySlug":"sao-paulo-br","cc":null,"kind":"unknown","status":"unknown","visits":1,"unnamed":false}},{"type":"Feature","geometry":{"type":"Point","coordinates":[-79.37177,43.64905]},"properties":{"id":"ee919a1c-b1f5-5d8e-801d-fd8834728042","slug":null,"name":"Carousel Bakery","city":"Toronto","citySlug":"toronto-ca","cc":null,"kind":"unknown","status":"unknown","visits":1,"unnamed":false}},{"type":"Feature","geometry":{"type":"Point","coordinates":[-25.51961,37.82243]},"properties":{"id":"6a599d7d-75a6-5002-b073-0a0a7590c2d3","slug":null,"name":"Casa de Pasto Flor","city":"Ribeira Grande (Matriz)","citySlug":"ribeira-grande-matriz-pt","cc":null,"kind":"food","status":"unknown","visits":1,"unnamed":false}},{"type":"Feature","geometry":{"type":"Point","coordinates":[-5.52438,43.45793]},"properties":{"id":"83ca30ed-04bf-5a14-b17f-707d4bb9f9c6","slug":null,"name":"Casa Eladia, Piñera, Rozaes","city":"Villaviciosa","citySlug":"villaviciosa-es","cc":null,"kind":"unknown","status":"unknown","visits":1,"unnamed":false}},{"type":"Feature","geometry":{"type":"Point","coordinates":[-5.92235,43.55994]},"properties":{"id":"375e82fb-2d9b-5a4d-91ac-0f7ab283db2e","slug":null,"name":"Casa Lin","city":"Avilés","citySlug":"aviles-es","cc":null,"kind":"unknown","status":"unknown","visits":1,"unnamed":false}},{"type":"Feature","geometry":{"type":"Point","coordinates":[-3.59351,37.18269]},"properties":{"id":"8000d933-b5b9-5fc5-90ec-63b3a05c76b4","slug":null,"name":"Casa Pasteles Albayzin","city":"Granada","citySlug":"granada-es","cc":null,"kind":"unknown","status":"unknown","visits":1,"unnamed":false}},{"type":"Feature","geometry":{"type":"Point","coordinates":[-1.98446,43.32334]},"properties":{"id":"fc17310e-a511-590f-8686-957bc21ad915","slug":null,"name":"Casa Urola","city":"San Sebastián","citySlug":"san-sebastian-es","cc":null,"kind":"unknown","status":"unknown","visits":1,"unnamed":false}},{"type":"Feature","geometry":{"type":"Point","coordinates":[-66.51386,18.27443]},"properties":{"id":"d842cc50-681f-50c9-8e8f-482869e84f5b","slug":null,"name":"Casa Vieja","city":"Toro Negro","citySlug":"toro-negro-us","cc":null,"kind":"unknown","status":"unknown","visits":1,"unnamed":false}},{"type":"Feature","geometry":{"type":"Point","coordinates":[15.08853,37.50926]},"properties":{"id":"88583e75-4757-51aa-a93a-76abe45aec89","slug":null,"name":"Catania Market","city":"Catania","citySlug":"catania-it","cc":null,"kind":"unknown","status":"unknown","visits":1,"unnamed":false}},{"type":"Feature","geometry":{"type":"Point","coordinates":[30.39565,59.71612]},"properties":{"id":"50b397ac-34c8-58b7-aea3-514716c55fac","slug":null,"name":"Catherine Palace","city":"Pushkin","citySlug":"pushkin-ru","cc":null,"kind":"unknown","status":"unknown","visits":1,"unnamed":false}},{"type":"Feature","geometry":{"type":"Point","coordinates":[-101.92833,35.18796]},"properties":{"id":"6c4c4adc-1f8a-594b-8084-b3f10640c8fb","slug":null,"name":"Cavender's Boot City","city":"Amarillo","citySlug":"amarillo-us","cc":null,"kind":"activity","status":"unknown","visits":1,"unnamed":false}},{"type":"Feature","geometry":{"type":"Point","coordinates":[-3.92664,57.52709]},"properties":{"id":"950e9b6f-1677-5a51-8560-ef809720bb29","slug":null,"name":"Cawdor Estate","city":"Cawdor","citySlug":"cawdor-gb","cc":null,"kind":"unknown","status":"unknown","visits":1,"unnamed":false}},{"type":"Feature","geometry":{"type":"Point","coordinates":[-75.52529,10.41239]},"properties":{"id":"6ec28db2-8e6d-5faf-bfbe-90656da4b455","slug":null,"name":"Cecilia restaurant","city":"Cartagena","citySlug":"cartagena-co","cc":null,"kind":"food","status":"unknown","visits":1,"unnamed":false}},{"type":"Feature","geometry":{"type":"Point","coordinates":[-6.25881,53.33988]},"properties":{"id":"e63cb8ea-d64d-59cc-a11f-1108b4d29995","slug":null,"name":"Celtic Whiskey Shop & Wines on the Green","city":"Dublin","citySlug":"dublin-ie","cc":null,"kind":"unknown","status":"unknown","visits":1,"unnamed":false}},{"type":"Feature","geometry":{"type":"Point","coordinates":[-46.68831,-23.50686]},"properties":{"id":"a90b0178-b7af-5d31-bf2a-39d45a679715","slug":null,"name":"Censiv Motel","city":"São Paulo","citySlug":"sao-paulo-br","cc":null,"kind":"unknown","status":"unknown","visits":1,"unnamed":false}},{"type":"Feature","geometry":{"type":"Point","coordinates":[-96.73347,17.05811]},"properties":{"id":"1965c9fe-2de9-5f45-b1dc-9285d094b69e","slug":null,"name":"Central de Abastos Oaxaca","city":"Oaxaca City","citySlug":"oaxaca-city-mx","cc":null,"kind":"unknown","status":"unknown","visits":1,"unnamed":false}},{"type":"Feature","geometry":{"type":"Point","coordinates":[104.92091,11.56955]},"properties":{"id":"ca596b66-51a5-511c-9087-9b92a68a81a8","slug":null,"name":"Central Market","city":"Khan Daun Penh","citySlug":"khan-daun-penh-kh","cc":null,"kind":"market","status":"unknown","visits":1,"unnamed":false}},{"type":"Feature","geometry":{"type":"Point","coordinates":[-7.61201,33.5947]},"properties":{"id":"b9e48fe1-4878-5faf-a04c-30a780fd444d","slug":null,"name":"Central Marketplace","city":"Casablanca","citySlug":"casablanca-ma","cc":null,"kind":"unknown","status":"unknown","visits":1,"unnamed":false}},{"type":"Feature","geometry":{"type":"Point","coordinates":[3.32552,6.62266]},"properties":{"id":"53c51fc3-5508-57a8-bbcb-09e7f8f786f0","slug":null,"name":"Central Mosque - Hausa Community Agege","city":"Akowonjo","citySlug":"akowonjo-ng","cc":null,"kind":"unknown","status":"unknown","visits":1,"unnamed":false}},{"type":"Feature","geometry":{"type":"Point","coordinates":[141.32076,43.07073]},"properties":{"id":"b8043eab-8df5-5a7c-acc8-4967b000de2d","slug":null,"name":"CENTRAL WHOLESALE SEAFOOD MARKET","city":"Sapporo","citySlug":"sapporo-jp","cc":null,"kind":"market","status":"unknown","visits":1,"unnamed":false}},{"type":"Feature","geometry":{"type":"Point","coordinates":[-8.60759,41.1449]},"properties":{"id":"5897771c-25b4-5325-a090-7bbf54d62a92","slug":null,"name":"Cervejaria Gazela - O Original Cachorrinho","city":"Porto","citySlug":"porto-pt","cc":null,"kind":"unknown","status":"unknown","visits":1,"unnamed":false}},{"type":"Feature","geometry":{"type":"Point","coordinates":[6.8657,45.9197]},"properties":{"id":"9ef46e9a-d7a8-5536-94e5-1904d1c80e5c","slug":null,"name":"ChaChaCha","city":"Chamonix-Mont-Blanc","citySlug":"chamonix-mont-blanc-fr","cc":null,"kind":"unknown","status":"unknown","visits":1,"unnamed":false}},{"type":"Feature","geometry":{"type":"Point","coordinates":[-52.71167,47.46397]},"properties":{"id":"3f2a1153-9d6f-52cf-8352-d89b9feb51be","slug":null,"name":"Chafe's Landing Restaurant","city":"Petty Harbour-Maddox Cove","citySlug":"petty-harbour-maddox-cove-ca","cc":null,"kind":"unknown","status":"unknown","visits":1,"unnamed":false}},{"type":"Feature","geometry":{"type":"Point","coordinates":[13.40186,52.52409]},"properties":{"id":"853e1228-371b-53a9-9497-4a44f31926ac","slug":null,"name":"CHAMÄLEON Theater GmbH","city":"Berlin","citySlug":"berlin-de","cc":null,"kind":"activity","status":"unknown","visits":1,"unnamed":false}},{"type":"Feature","geometry":{"type":"Point","coordinates":[114.16979,22.31151]},"properties":{"id":"740a8f5d-fded-5f0a-85db-239b6959f356","slug":null,"name":"Chan Chi Kee Cutlery Company","city":"Hong Kong","citySlug":"hong-kong-cn","cc":null,"kind":"unknown","status":"unknown","visits":1,"unnamed":false}},{"type":"Feature","geometry":{"type":"Point","coordinates":[98.98575,18.79583]},"properties":{"id":"7fbdaccf-df93-53e4-a818-ba790ed94b87","slug":null,"name":"Chang Phuak Gate Night Market - Food Stalls","city":"Chiang Mai City Municipality","citySlug":"chiang-mai-city-municipality-th","cc":null,"kind":"unknown","status":"unknown","visits":1,"unnamed":false}},{"type":"Feature","geometry":{"type":"Point","coordinates":[139.79454,35.69505]},"properties":{"id":"7478937d-4648-5977-b18a-9bf18a357a29","slug":null,"name":"Chanko Edosawa","city":"Sumida","citySlug":"sumida-jp","cc":null,"kind":"unknown","status":"unknown","visits":1,"unnamed":false}},{"type":"Feature","geometry":{"type":"Point","coordinates":[106.69393,10.78264]},"properties":{"id":"099490d9-debe-5486-8d66-67a0d7b2cdf9","slug":null,"name":"Cháo mực Thanh Sơn","city":"Ho Chi Minh City","citySlug":"ho-chi-minh-city-vn","cc":null,"kind":"unknown","status":"unknown","visits":1,"unnamed":false}},{"type":"Feature","geometry":{"type":"Point","coordinates":[-76.54812,39.30166]},"properties":{"id":"6a0e7a96-f30b-5f88-b6b1-13b6ff6b6ad3","slug":null,"name":"Chaps Pit Beef","city":"Baltimore","citySlug":"baltimore-us","cc":null,"kind":"food","status":"unknown","visits":1,"unnamed":false}},{"type":"Feature","geometry":{"type":"Point","coordinates":[77.17896,31.10895]},"properties":{"id":"b86617bd-fb8a-57c9-9634-1baa291db4c1","slug":null,"name":"Chapslee","city":"Shimla (urban)","citySlug":"shimla-urban-in","cc":null,"kind":"unknown","status":"unknown","visits":1,"unnamed":false}},{"type":"Feature","geometry":{"type":"Point","coordinates":[-6.26412,53.35433]},"properties":{"id":"7140a94f-ffc3-5055-bdcb-62fe2da8b5ef","slug":null,"name":"Chapter One Restaurant","city":"Dublin","citySlug":"dublin-ie","cc":null,"kind":"unknown","status":"unknown","visits":1,"unnamed":false}},{"type":"Feature","geometry":{"type":"Point","coordinates":[-79.96131,32.79053]},"properties":{"id":"535d9849-dc59-594b-82c7-189568bf45ec","slug":null,"name":"Charleston RiverDogs","city":"Charleston","citySlug":"charleston-us","cc":null,"kind":"unknown","status":"unknown","visits":1,"unnamed":false}},{"type":"Feature","geometry":{"type":"Point","coordinates":[-1.8716,48.64256]},"properties":{"id":"e781b975-4b04-5f89-a030-b19ade33fcaf","slug":null,"name":"Château Richeux","city":"Saint-Méloir-des-Ondes","citySlug":"saint-meloir-des-ondes-fr","cc":null,"kind":"food","status":"unknown","visits":1,"unnamed":false}},{"type":"Feature","geometry":{"type":"Point","coordinates":[5.4682,43.71161]},"properties":{"id":"a070ee75-1dfb-5099-9622-6b31ec14d3d5","slug":null,"name":"Château Val Joanis","city":"Pertuis","citySlug":"pertuis-fr","cc":null,"kind":"sight","status":"unknown","visits":1,"unnamed":false}},{"type":"Feature","geometry":{"type":"Point","coordinates":[126.97797,37.56654]},"properties":{"id":"b65f6984-f86c-50ed-bfd9-eff7e21ac0ad","slug":null,"name":"Chef Choi Biryong’s U.S. Army barrack-converted studio","city":"Seoul","citySlug":"seoul-kr","cc":null,"kind":"unknown","status":"unknown","visits":1,"unnamed":false}},{"type":"Feature","geometry":{"type":"Point","coordinates":[-80.20026,25.82491]},"properties":{"id":"26ae31fa-eb87-5759-96eb-4ad7d05ef6b0","slug":null,"name":"Chef Creole Seasoned Restaurant","city":"Miami","citySlug":"miami-us","cc":null,"kind":"food","status":"unknown","visits":1,"unnamed":false}},{"type":"Feature","geometry":{"type":"Point","coordinates":[-75.19019,40.05941]},"properties":{"id":"46708cd1-9b10-5290-9a47-4f635af0db5d","slug":null,"name":"Chef Ken's","city":"Philadelphia","citySlug":"philadelphia-us","cc":null,"kind":"unknown","status":"unknown","visits":1,"unnamed":false}},{"type":"Feature","geometry":{"type":"Point","coordinates":[-74.09974,45.57049]},"properties":{"id":"2cb5e7ab-a558-5b02-935f-8ee26efa05d5","slug":null,"name":"Chef Martin Picard's home","city":"Mirabel","citySlug":"mirabel-ca","cc":null,"kind":"unknown","status":"unknown","visits":1,"unnamed":false}},{"type":"Feature","geometry":{"type":"Point","coordinates":[-73.99288,40.72451]},"properties":{"id":"b17dd08d-556f-5e75-bcc6-8ad351fc2074","slug":null,"name":"Chef Restaurant Supplies","city":"New York","citySlug":"new-york-us","cc":null,"kind":"unknown","status":"unknown","visits":1,"unnamed":false}},{"type":"Feature","geometry":{"type":"Point","coordinates":[-118.23961,34.06138]},"properties":{"id":"bfdaf3c5-0617-5c6f-b7f4-66f568c3e465","slug":null,"name":"Chego","city":"Los Angeles","citySlug":"los-angeles-us","cc":null,"kind":"unknown","status":"unknown","visits":1,"unnamed":false}},{"type":"Feature","geometry":{"type":"Point","coordinates":[0.51726,51.24055]},"properties":{"id":"c6d95f3c-90e8-54c5-971c-e51ac60a736c","slug":null,"name":"Chequers Inn","city":"Maidstone","citySlug":"maidstone-gb","cc":null,"kind":"unknown","status":"unknown","visits":1,"unnamed":false}},{"type":"Feature","geometry":{"type":"Point","coordinates":[5.37337,43.29059]},"properties":{"id":"de0b362a-f7c0-52fb-af91-4dba452b030c","slug":null,"name":"Chez Georgiana","city":"Marseille","citySlug":"marseille-fr","cc":null,"kind":"unknown","status":"closed","visits":1,"unnamed":false}},{"type":"Feature","geometry":{"type":"Point","coordinates":[-3.70619,47.81419]},"properties":{"id":"280f55be-d785-55dd-908c-32c6a2094fd8","slug":null,"name":"Chez Jacky","city":"Le Bélon","citySlug":"le-belon-fr","cc":null,"kind":"food","status":"unknown","visits":1,"unnamed":false}},{"type":"Feature","geometry":{"type":"Point","coordinates":[-80.19346,25.82518]},"properties":{"id":"72b6b5d1-ea8f-594d-9514-b4fd27562fbb","slug":null,"name":"Chez Le Bebe","city":"Miami","citySlug":"miami-us","cc":null,"kind":"unknown","status":"unknown","visits":1,"unnamed":false}},{"type":"Feature","geometry":{"type":"Point","coordinates":[47.52956,-18.90708]},"properties":{"id":"24885b2b-17d6-5f80-a4c7-18c71aed8991","slug":null,"name":"Chez Mariette","city":"Antananarivo","citySlug":"antananarivo-mg","cc":null,"kind":"unknown","status":"unknown","visits":1,"unnamed":false}},{"type":"Feature","geometry":{"type":"Point","coordinates":[0.01257,45.29271]},"properties":{"id":"5cc6ae3a-eeb8-590f-bc01-68f041bbe55b","slug":null,"name":"Chez Pépin","city":"Curac","citySlug":"curac-fr","cc":null,"kind":"food","status":"unknown","visits":1,"unnamed":false}},{"type":"Feature","geometry":{"type":"Point","coordinates":[-77.02241,-12.08193]},"properties":{"id":"39c4af71-e402-5537-9694-e2e09e5e089e","slug":null,"name":"Chez Wong","city":"La Victoria","citySlug":"la-victoria-pe","cc":null,"kind":"unknown","status":"unknown","visits":1,"unnamed":false}},{"type":"Feature","geometry":{"type":"Point","coordinates":[121.53594,25.04351]},"properties":{"id":"48917d16-d709-5172-b3e1-7ee497d0d03f","slug":null,"name":"Chiang Kai-shek Memorial Hall","city":"Taipei","citySlug":"taipei-tw","cc":null,"kind":"unknown","status":"unknown","visits":1,"unnamed":false}},{"type":"Feature","geometry":{"type":"Point","coordinates":[98.99313,18.78775]},"properties":{"id":"74f9a583-bb9b-5647-84ff-0b5b3d986504","slug":null,"name":"Chiang Mai","city":"Chiang Mai City Municipality","citySlug":"chiang-mai-city-municipality-th","cc":null,"kind":"unknown","status":"unknown","visits":1,"unnamed":false}},{"type":"Feature","geometry":{"type":"Point","coordinates":[99.00129,18.78203]},"properties":{"id":"9ff4a9aa-8a80-50be-8058-956afab8fa99","slug":null,"name":"Chiangmai Cabaret show","city":"Chiang Mai City Municipality","citySlug":"chiang-mai-city-municipality-th","cc":null,"kind":"unknown","status":"unknown","visits":1,"unnamed":false}},{"type":"Feature","geometry":{"type":"Point","coordinates":[-73.98951,40.7379]},"properties":{"id":"4fe56daf-b3a1-5676-9c89-c3ee148499fd","slug":null,"name":"Chicama","city":"New York","citySlug":"new-york-us","cc":null,"kind":"unknown","status":"closed","visits":1,"unnamed":false}},{"type":"Feature","geometry":{"type":"Point","coordinates":[-79.85499,-6.77008]},"properties":{"id":"7ad39c92-fc9c-576e-8a00-44d03e35e396","slug":null,"name":"Chiclayo","city":"Chiclayo","citySlug":"chiclayo-pe","cc":null,"kind":"unknown","status":"unknown","visits":1,"unnamed":false}},{"type":"Feature","geometry":{"type":"Point","coordinates":[13.36137,38.11314]},"properties":{"id":"014610b0-e853-5108-8d97-f26cd06ca5fa","slug":null,"name":"Chiesa del Gesù","city":"Palermo","citySlug":"palermo-it","cc":null,"kind":"sight","status":"unknown","visits":1,"unnamed":false}},{"type":"Feature","geometry":{"type":"Point","coordinates":[79.80166,7.56199]},"properties":{"id":"630242ee-434b-5477-96ca-1af6b105b9a7","slug":null,"name":"Chilaw","city":"Merawala","citySlug":"merawala-lk","cc":null,"kind":"activity","status":"unknown","visits":1,"unnamed":false}},{"type":"Feature","geometry":{"type":"Point","coordinates":[103.85563,1.29633]},"properties":{"id":"b6e5f1fc-7ca1-5060-9168-ff44f7f466fe","slug":null,"name":"Chin Chin Eating House","city":"Singapore","citySlug":"singapore-sg","cc":null,"kind":"unknown","status":"unknown","visits":1,"unnamed":false}},{"type":"Feature","geometry":{"type":"Point","coordinates":[114.16704,22.31922]},"properties":{"id":"d68d4ef8-f316-5dde-9bda-d07e383e4436","slug":null,"name":"China Cafe","city":"Hong Kong","citySlug":"hong-kong-cn","cc":null,"kind":"unknown","status":"unknown","visits":1,"unnamed":false}},{"type":"Feature","geometry":{"type":"Point","coordinates":[120.97601,14.60258]},"properties":{"id":"5c8c0f84-989f-5911-9eba-518748d7cb67","slug":null,"name":"Chinatown","city":"Manila","citySlug":"manila-ph","cc":null,"kind":"market","status":"unknown","visits":1,"unnamed":false}},{"type":"Feature","geometry":{"type":"Point","coordinates":[-72.05143,-13.3964]},"properties":{"id":"0aec6ae1-abf1-5705-8f9d-2f9879321dc4","slug":null,"name":"Chinchero District","city":"Chinchero","citySlug":"chinchero-pe","cc":null,"kind":"sight","status":"unknown","visits":1,"unnamed":false}},{"type":"Feature","geometry":{"type":"Point","coordinates":[-9.19171,38.70155]},"properties":{"id":"fc961332-1afa-550b-827a-a170b5190498","slug":null,"name":"Chinquilho Junqueirense","city":"Lisbon","citySlug":"lisbon-pt","cc":null,"kind":"activity","status":"unknown","visits":1,"unnamed":false}},{"type":"Feature","geometry":{"type":"Point","coordinates":[151.23995,-33.88605]},"properties":{"id":"b57273e0-d9df-5464-bb37-eb26999dab86","slug":null,"name":"Chiswick Woollahra","city":"Sydney","citySlug":"sydney-au","cc":null,"kind":"food","status":"unknown","visits":1,"unnamed":false}},{"type":"Feature","geometry":{"type":"Point","coordinates":[-56.15632,-34.91435]},"properties":{"id":"58ffe73a-9dc7-5255-a079-4f21176c4491","slug":null,"name":"Chiviteria Marcos","city":"Montevideo","citySlug":"montevideo-uy","cc":null,"kind":"food","status":"unknown","visits":1,"unnamed":false}},{"type":"Feature","geometry":{"type":"Point","coordinates":[110.35432,1.55273]},"properties":{"id":"a86cfe14-e8d4-5cff-983a-15baa3660d43","slug":null,"name":"Choon Hui Cafe 春园茶室","city":"Kampung Boyan","citySlug":"kampung-boyan-my","cc":null,"kind":"food","status":"unknown","visits":2,"unnamed":false}},{"type":"Feature","geometry":{"type":"Point","coordinates":[-46.68558,-23.55555]},"properties":{"id":"78cd62f2-60f7-5316-906e-ab38873f6fc6","slug":null,"name":"Choque Cultural","city":"São Paulo","citySlug":"sao-paulo-br","cc":null,"kind":"unknown","status":"unknown","visits":1,"unnamed":false}},{"type":"Feature","geometry":{"type":"Point","coordinates":[30.2219,51.2763]},"properties":{"id":"3dab1bb1-f1d8-5cfd-bdb0-a5ecd1d07252","slug":null,"name":"Chornobyl","city":"Chornobyl","citySlug":"chornobyl-ua","cc":null,"kind":"sight","status":"unknown","visits":1,"unnamed":false}},{"type":"Feature","geometry":{"type":"Point","coordinates":[-76.95029,18.40142]},"properties":{"id":"a0b2dd8b-a831-5912-b524-f9f861ee9d9e","slug":null,"name":"Chris’s Cook Shop Main Street","city":"Hamilton Mountain","citySlug":"hamilton-mountain-jm","cc":null,"kind":"unknown","status":"unknown","visits":1,"unnamed":false}},{"type":"Feature","geometry":{"type":"Point","coordinates":[172.63623,-43.53205]},"properties":{"id":"5b4d61f1-6544-5127-919c-92206aa76f28","slug":null,"name":"Christchurch","city":"Linwood-Central-Heathcote Community","citySlug":"linwood-central-heathcote-community-nz","cc":null,"kind":"sight","status":"unknown","visits":1,"unnamed":false}},{"type":"Feature","geometry":{"type":"Point","coordinates":[-52.71097,47.56137]},"properties":{"id":"35bb87dc-ac1b-5eb1-b756-cef84325cd90","slug":null,"name":"Christian's Bar","city":"St. John's","citySlug":"st-johns-ca","cc":null,"kind":"unknown","status":"unknown","visits":1,"unnamed":false}},{"type":"Feature","geometry":{"type":"Point","coordinates":[121.46007,31.22172]},"properties":{"id":"233c4d8f-da3e-5e3f-865b-d29dff02e899","slug":null,"name":"Chun Restaurant","city":"Shanghai","citySlug":"shanghai-cn","cc":null,"kind":"unknown","status":"unknown","visits":1,"unnamed":false}},{"type":"Feature","geometry":{"type":"Point","coordinates":[30.32893,59.94004]},"properties":{"id":"8acf3958-daaa-5577-93fd-60b436bc78eb","slug":null,"name":"Church of the Resurrection of Christ Marker","city":"Saint Petersburg","citySlug":"saint-petersburg-ru","cc":null,"kind":"unknown","status":"unknown","visits":1,"unnamed":false}},{"type":"Feature","geometry":{"type":"Point","coordinates":[28.97788,41.03412]},"properties":{"id":"31312a63-0348-5f30-a25c-c7ab2ff3511a","slug":null,"name":"Çiçek Pasajı","city":null,"citySlug":null,"cc":null,"kind":"food","status":"unknown","visits":1,"unnamed":false}},{"type":"Feature","geometry":{"type":"Point","coordinates":[-118.23738,34.058]},"properties":{"id":"09e2ea3a-74c7-5d2e-a190-1af65f525ca5","slug":null,"name":"Cielito Lindo","city":"Los Angeles","citySlug":"los-angeles-us","cc":null,"kind":"unknown","status":"unknown","visits":1,"unnamed":false}},{"type":"Feature","geometry":{"type":"Point","coordinates":[-94.58093,39.09512]},"properties":{"id":"185affd4-cf80-5734-b361-aa4a6d8d968a","slug":null,"name":"Cigar Box","city":"Kansas City","citySlug":"kansas-city-us","cc":null,"kind":"food","status":"unknown","visits":1,"unnamed":false}},{"type":"Feature","geometry":{"type":"Point","coordinates":[-123.12171,49.27571]},"properties":{"id":"ce0b6a7f-744b-5b42-bc35-63b96108dbc9","slug":null,"name":"Cioppino's Mediterranean Grill","city":"Vancouver","citySlug":"vancouver-ca","cc":null,"kind":"food","status":"unknown","visits":1,"unnamed":false}},{"type":"Feature","geometry":{"type":"Point","coordinates":[-70.18086,42.05576]},"properties":{"id":"85dafb20-1f51-5bdc-b81c-8291ea408c57","slug":null,"name":"Ciro & Sal's","city":"Provincetown","citySlug":"provincetown-us","cc":null,"kind":"unknown","status":"unknown","visits":1,"unnamed":false}},{"type":"Feature","geometry":{"type":"Point","coordinates":[-89.51935,34.3658]},"properties":{"id":"bb57817d-8e72-56d7-a2f0-f7cf5a18d185","slug":null,"name":"City Grocery","city":"Oxford","citySlug":"oxford-us","cc":null,"kind":"unknown","status":"unknown","visits":1,"unnamed":false}},{"type":"Feature","geometry":{"type":"Point","coordinates":[-86.78726,36.17692]},"properties":{"id":"de9b7702-e750-5f06-bb0f-d2419ac8bcf4","slug":null,"name":"City House","city":"Nashville","citySlug":"nashville-us","cc":null,"kind":"unknown","status":"unknown","visits":1,"unnamed":false}},{"type":"Feature","geometry":{"type":"Point","coordinates":[73.68351,24.57644]},"properties":{"id":"9786cebd-1480-500c-9ba8-c3ddcd01da83","slug":null,"name":"City Palace","city":"Udaipur","citySlug":"udaipur-in","cc":null,"kind":"activity","status":"unknown","visits":1,"unnamed":false}},{"type":"Feature","geometry":{"type":"Point","coordinates":[-75.14453,39.94712]},"properties":{"id":"f2f6803e-1f11-57f7-83c1-40404e40e93f","slug":null,"name":"City Tavern Restaurant","city":"Philadelphia","citySlug":"philadelphia-us","cc":null,"kind":"unknown","status":"unknown","visits":1,"unnamed":false}},{"type":"Feature","geometry":{"type":"Point","coordinates":[-1.13045,44.60716]},"properties":{"id":"f01c6f97-d3ee-570f-8f26-77a57ca72eb4","slug":null,"name":"Clarens Sarl","city":"La Teste-de-Buch","citySlug":"la-teste-de-buch-fr","cc":null,"kind":"unknown","status":"unknown","visits":1,"unnamed":false}},{"type":"Feature","geometry":{"type":"Point","coordinates":[-84.36139,33.77358]},"properties":{"id":"fee1994a-a5c5-5aab-b649-7962873112a7","slug":null,"name":"Clermont Lounge","city":"Atlanta","citySlug":"atlanta-us","cc":null,"kind":"unknown","status":"unknown","visits":1,"unnamed":false}},{"type":"Feature","geometry":{"type":"Point","coordinates":[-83.0043,39.97215]},"properties":{"id":"e4129238-1cd5-5a81-9b40-cbb473794ca1","slug":null,"name":"Clever Crows Pizza","city":"Columbus","citySlug":"columbus-us","cc":null,"kind":"food","status":"unknown","visits":1,"unnamed":false}},{"type":"Feature","geometry":{"type":"Point","coordinates":[41.63763,41.65356]},"properties":{"id":"2ec44a01-6922-51b0-a467-f6360e90182b","slug":null,"name":"Clouds Bar & Restaurant","city":"Batumi","citySlug":"batumi-ge","cc":null,"kind":"unknown","status":"unknown","visits":1,"unnamed":false}},{"type":"Feature","geometry":{"type":"Point","coordinates":[-90.06402,29.96029]},"properties":{"id":"7602756f-43ea-5aed-a4d9-a94b01e50dc3","slug":null,"name":"Clover Grill","city":"New Orleans","citySlug":"new-orleans-us","cc":null,"kind":"unknown","status":"unknown","visits":1,"unnamed":false}},{"type":"Feature","geometry":{"type":"Point","coordinates":[-73.69146,45.43341]},"properties":{"id":"d9205733-29a4-532d-81b2-3e56181d9792","slug":null,"name":"Club Chasse et Pêche","city":"Montreal","citySlug":"montreal-ca","cc":null,"kind":"unknown","status":"unknown","visits":1,"unnamed":false}},{"type":"Feature","geometry":{"type":"Point","coordinates":[-58.41792,-34.62725]},"properties":{"id":"74274903-4027-53b0-8c02-a7d9da046e09","slug":null,"name":"Club GON","city":"Buenos Aires","citySlug":"buenos-aires-ar","cc":null,"kind":"unknown","status":"unknown","visits":1,"unnamed":false}},{"type":"Feature","geometry":{"type":"Point","coordinates":[-73.60079,45.52356]},"properties":{"id":"861ce88b-b77c-5491-85e6-efe5fc54d1b0","slug":null,"name":"Club Social","city":"Montreal","citySlug":"montreal-ca","cc":null,"kind":"unknown","status":"unknown","visits":1,"unnamed":false}},{"type":"Feature","geometry":{"type":"Point","coordinates":[-90.06701,29.94218]},"properties":{"id":"13b94a05-5db4-5605-a90a-0f5ad6b08dd1","slug":null,"name":"Cochon Butcher","city":"New Orleans","citySlug":"new-orleans-us","cc":null,"kind":"unknown","status":"unknown","visits":1,"unnamed":false}},{"type":"Feature","geometry":{"type":"Point","coordinates":[-90.06728,29.94227]},"properties":{"id":"5341c585-a3b7-58ca-96a2-7e4ec988ffab","slug":null,"name":"Cochon RESTAURANT","city":"New Orleans","citySlug":"new-orleans-us","cc":null,"kind":"unknown","status":"unknown","visits":1,"unnamed":false}},{"type":"Feature","geometry":{"type":"Point","coordinates":[-79.41328,43.6507]},"properties":{"id":"384862ca-1097-5089-814b-96af3d0f87d9","slug":null,"name":"Cocktail Bar","city":"Toronto","citySlug":"toronto-ca","cc":null,"kind":"unknown","status":"unknown","visits":1,"unnamed":false}},{"type":"Feature","geometry":{"type":"Point","coordinates":[30.30876,59.93495]},"properties":{"id":"29c7bb4c-8c50-55a1-91d7-13b6eefc3f2b","slug":null,"name":"Cococo","city":"Saint Petersburg","citySlug":"saint-petersburg-ru","cc":null,"kind":"unknown","status":"closed","visits":1,"unnamed":false}},{"type":"Feature","geometry":{"type":"Point","coordinates":[-122.40341,37.79805]},"properties":{"id":"53d5ea57-690f-5a59-a33b-41a58e9ce51e","slug":null,"name":"COI","city":"San Francisco","citySlug":"san-francisco-us","cc":null,"kind":"unknown","status":"unknown","visits":1,"unnamed":false}},{"type":"Feature","geometry":{"type":"Point","coordinates":[-79.40079,43.65428]},"properties":{"id":"55d5cce2-2351-5af3-87e4-95526b1ee3a5","slug":null,"name":"Cold Tea","city":"Toronto","citySlug":"toronto-ca","cc":null,"kind":"unknown","status":"unknown","visits":1,"unnamed":false}},{"type":"Feature","geometry":{"type":"Point","coordinates":[113.56125,22.13231]},"properties":{"id":"c5bab428-0a0d-53e4-ab2c-9bcf97861b72","slug":null,"name":"Coloane Karting Track","city":"Cotai Landfill Zone","citySlug":"cotai-landfill-zone-cn","cc":null,"kind":"activity","status":"unknown","visits":1,"unnamed":false}},{"type":"Feature","geometry":{"type":"Point","coordinates":[106.68797,10.78197]},"properties":{"id":"4d2bf560-dbf1-5ebd-ac5f-c7d9e0c32132","slug":null,"name":"Cơm Niêu Sài Gòn","city":"Ho Chi Minh City","citySlug":"ho-chi-minh-city-vn","cc":null,"kind":"food","status":"unknown","visits":2,"unnamed":false}},{"type":"Feature","geometry":{"type":"Point","coordinates":[-79.4278,43.66129]},"properties":{"id":"2bdd58c9-8010-5d97-b0cb-0dc1ffce9023","slug":null,"name":"Comedy Bar","city":"Toronto","citySlug":"toronto-ca","cc":null,"kind":"unknown","status":"unknown","visits":1,"unnamed":false}},{"type":"Feature","geometry":{"type":"Point","coordinates":[-122.31976,47.61421]},"properties":{"id":"63156314-fe09-5da0-b44a-e76b71eb2632","slug":null,"name":"Comet Tavern","city":"Seattle","citySlug":"seattle-us","cc":null,"kind":"unknown","status":"unknown","visits":1,"unnamed":false}},{"type":"Feature","geometry":{"type":"Point","coordinates":[3.34047,6.59625]},"properties":{"id":"51f94c32-154e-5c72-a748-b3f33df150f8","slug":null,"name":"Computer Village","city":"Ikeja","citySlug":"ikeja-ng","cc":null,"kind":"unknown","status":"unknown","visits":1,"unnamed":false}},{"type":"Feature","geometry":{"type":"Point","coordinates":[-73.63737,45.45809]},"properties":{"id":"42d431d7-cac0-546e-a383-f9a36d4956db","slug":null,"name":"Concordia Stinger Stadium","city":"Montreal","citySlug":"montreal-ca","cc":null,"kind":"activity","status":"unknown","visits":1,"unnamed":false}},{"type":"Feature","geometry":{"type":"Point","coordinates":[-43.17875,-22.9052]},"properties":{"id":"e9c94957-a5b1-53f5-be05-652b752becc8","slug":null,"name":"Confeitaria Colombo","city":"Rio de Janeiro","citySlug":"rio-de-janeiro-br","cc":null,"kind":"unknown","status":"unknown","visits":1,"unnamed":false}},{"type":"Feature","geometry":{"type":"Point","coordinates":[17.76512,-0.60284]},"properties":{"id":"0849e7c1-dcba-5dcc-8845-de165f5b1add","slug":null,"name":"Congo River","city":"Irebu","citySlug":"irebu-cd","cc":null,"kind":"unknown","status":"unknown","visits":1,"unnamed":false}},{"type":"Feature","geometry":{"type":"Point","coordinates":[121.47358,31.21831]},"properties":{"id":"f6fb2ae3-0c67-5d71-b42d-715b1514a1ac","slug":null,"name":"Constellation Bar","city":"Shanghai","citySlug":"shanghai-cn","cc":null,"kind":"unknown","status":"unknown","visits":1,"unnamed":false}},{"type":"Feature","geometry":{"type":"Point","coordinates":[40.73137,-15.03939]},"properties":{"id":"386275a9-f7dc-52ec-8907-4c4e133317de","slug":null,"name":"Copacabana","city":"Ilha de Mocambique","citySlug":"ilha-de-mocambique-mz","cc":null,"kind":"food","status":"unknown","visits":1,"unnamed":false}},{"type":"Feature","geometry":{"type":"Point","coordinates":[-6.2619,53.34191]},"properties":{"id":"eb438d91-18bd-522d-afc5-2905b071547c","slug":null,"name":"Coppinger Row","city":"Dublin","citySlug":"dublin-ie","cc":null,"kind":"unknown","status":"unknown","visits":1,"unnamed":false}},{"type":"Feature","geometry":{"type":"Point","coordinates":[2.33783,48.88486]},"properties":{"id":"1962389a-bd21-5617-8baa-1dc0ef37e23a","slug":null,"name":"Coquelicot","city":"Paris","citySlug":"paris-fr","cc":null,"kind":"unknown","status":"unknown","visits":1,"unnamed":false}},{"type":"Feature","geometry":{"type":"Point","coordinates":[-80.26354,25.7492]},"properties":{"id":"19ddf9c6-f11b-5063-9b36-6c716fd42e02","slug":null,"name":"Coral Gables","city":"Coral Gables","citySlug":"coral-gables-us","cc":null,"kind":"unknown","status":"unknown","visits":1,"unnamed":false}},{"type":"Feature","geometry":{"type":"Point","coordinates":[-116.65325,32.03891]},"properties":{"id":"d36bc7c1-633c-50f2-8a41-eb16f6976170","slug":null,"name":"Corazon de Tierra","city":"Municipio de Ensenada","citySlug":"municipio-de-ensenada-mx","cc":null,"kind":"food","status":"unknown","visits":1,"unnamed":false}},{"type":"Feature","geometry":{"type":"Point","coordinates":[-74.00374,40.73805]},"properties":{"id":"8fced5cc-c220-5842-b0b0-be4a61afdfc7","slug":null,"name":"Corner Bistro","city":"New York","citySlug":"new-york-us","cc":null,"kind":"unknown","status":"unknown","visits":1,"unnamed":false}},{"type":"Feature","geometry":{"type":"Point","coordinates":[13.31494,38.09669]},"properties":{"id":"ce03ca68-8f56-5769-b6b6-497dde35efe6","slug":null,"name":"Corso Calatafimi, 922","city":"Palermo","citySlug":"palermo-it","cc":null,"kind":"activity","status":"unknown","visits":1,"unnamed":false}},{"type":"Feature","geometry":{"type":"Point","coordinates":[104.28885,10.48854]},"properties":{"id":"f147b132-0a69-51ea-87c8-85cfa970a4f0","slug":null,"name":"Crab Market","city":"Kep","citySlug":"kep-kh","cc":null,"kind":"market","status":"unknown","visits":1,"unnamed":false}},{"type":"Feature","geometry":{"type":"Point","coordinates":[-6.26342,53.34126]},"properties":{"id":"9411dabc-043f-5e2f-9740-8475dd53857c","slug":null,"name":"CrackBird South William","city":"Dublin","citySlug":"dublin-ie","cc":null,"kind":"unknown","status":"unknown","visits":1,"unnamed":false}},{"type":"Feature","geometry":{"type":"Point","coordinates":[-80.15564,25.72426]},"properties":{"id":"bddb0d6e-faa7-5c33-a48d-f68effb07860","slug":null,"name":"Crandon Park Marina","city":"Key Biscayne","citySlug":"key-biscayne-us","cc":null,"kind":"unknown","status":"unknown","visits":1,"unnamed":false}},{"type":"Feature","geometry":{"type":"Point","coordinates":[-84.29978,33.8681]},"properties":{"id":"03574827-7bb6-5e05-ba43-1f948f0e3ffe","slug":null,"name":"Crawfish Shack Seafood","city":"Chamblee","citySlug":"chamblee-us","cc":null,"kind":"unknown","status":"unknown","visits":1,"unnamed":false}},{"type":"Feature","geometry":{"type":"Point","coordinates":[6.93309,45.97755]},"properties":{"id":"bea1e48e-f5a7-54e8-9ac7-c98054f4f9d0","slug":null,"name":"Crémerie du Glacier","city":"Chamonix-Mont-Blanc","citySlug":"chamonix-mont-blanc-fr","cc":null,"kind":"unknown","status":"unknown","visits":1,"unnamed":false}},{"type":"Feature","geometry":{"type":"Point","coordinates":[-73.95638,40.71685]},"properties":{"id":"9eb19876-6a5b-5d08-9f71-7d0e577bac02","slug":null,"name":"Crif Dogs","city":"New York","citySlug":"new-york-us","cc":null,"kind":"unknown","status":"unknown","visits":1,"unnamed":false}},{"type":"Feature","geometry":{"type":"Point","coordinates":[44.80314,41.69143]},"properties":{"id":"89214467-1f1a-5e2a-aac6-6db82c1613ec","slug":null,"name":"Culinarium","city":"Tbilisi","citySlug":"tbilisi-ge","cc":null,"kind":"unknown","status":"moved","visits":1,"unnamed":false}},{"type":"Feature","geometry":{"type":"Point","coordinates":[44.81059,41.68807]},"properties":{"id":"760b3077-6284-5e1d-a672-6aeebd235d3a","slug":null,"name":"Culinarium Khasheria","city":"Tbilisi","citySlug":"tbilisi-ge","cc":null,"kind":"unknown","status":"unknown","visits":1,"unnamed":false}},{"type":"Feature","geometry":{"type":"Point","coordinates":[-73.60769,45.52998]},"properties":{"id":"1ddb9719-4b73-564a-b46a-4254245ff357","slug":null,"name":"Culinary Guild","city":"Montreal","citySlug":"montreal-ca","cc":null,"kind":"sight","status":"unknown","visits":1,"unnamed":false}},{"type":"Feature","geometry":{"type":"Point","coordinates":[-83.03769,42.34839]},"properties":{"id":"b85df6b6-dae1-5adf-b59f-a28896bf3362","slug":null,"name":"Cutters Bar & Grill","city":"Detroit","citySlug":"detroit-us","cc":null,"kind":"unknown","status":"unknown","visits":1,"unnamed":false}},{"type":"Feature","geometry":{"type":"Point","coordinates":[-76.37642,18.17037]},"properties":{"id":"23afd895-7319-50d0-824e-7746295206e6","slug":null,"name":"Cynthia’s on Winifred","city":"Fairy Hill","citySlug":"fairy-hill-jm","cc":null,"kind":"unknown","status":"unknown","visits":1,"unnamed":false}},{"type":"Feature","geometry":{"type":"Point","coordinates":[-75.09794,39.98612]},"properties":{"id":"2d5db2ef-87f5-5c21-9716-86f6ce3182ae","slug":null,"name":"Czerw's Polish Kielbasa","city":"Philadelphia","citySlug":"philadelphia-us","cc":null,"kind":"unknown","status":"unknown","visits":1,"unnamed":false}},{"type":"Feature","geometry":{"type":"Point","coordinates":[-77.03756,38.90845]},"properties":{"id":"926f1d10-f317-5c5a-8ef2-9daf04c96129","slug":null,"name":"D C Central Kitchen Inc","city":"Washington","citySlug":"washington-us","cc":null,"kind":"activity","status":"unknown","visits":1,"unnamed":false}},{"type":"Feature","geometry":{"type":"Point","coordinates":[-46.66745,-23.56632]},"properties":{"id":"422283ab-1a8e-566c-aecb-0ad407ae0ea9","slug":null,"name":"D.O.M.","city":"São Paulo","citySlug":"sao-paulo-br","cc":null,"kind":"unknown","status":"unknown","visits":1,"unnamed":false}},{"type":"Feature","geometry":{"type":"Point","coordinates":[15.07961,37.50757]},"properties":{"id":"38fba273-7364-5e5d-b7fc-fdbb4ed07d53","slug":null,"name":"D'Antone","city":"Catania","citySlug":"catania-it","cc":null,"kind":"unknown","status":"unknown","visits":1,"unnamed":false}},{"type":"Feature","geometry":{"type":"Point","coordinates":[144.96798,-37.81081]},"properties":{"id":"7b685577-78b2-55c4-9fc1-e3d8a380a6ce","slug":null,"name":"Dainty Sichuan Hot Pot - CBD","city":"Melbourne","citySlug":"melbourne-au","cc":null,"kind":"food","status":"unknown","visits":1,"unnamed":false}},{"type":"Feature","geometry":{"type":"Point","coordinates":[139.77487,35.71036]},"properties":{"id":"f81095ed-d0c0-5eee-9f73-3701570dbea5","slug":null,"name":"Daitoryo","city":"Taito","citySlug":"taito-jp","cc":null,"kind":"unknown","status":"unknown","visits":1,"unnamed":false}},{"type":"Feature","geometry":{"type":"Point","coordinates":[121.37895,31.1472]},"properties":{"id":"426a3aa9-0313-58a1-869c-6af96943c4fa","slug":null,"name":"Dali Shijiagong","city":"Minhang District","citySlug":"minhang-district-cn","cc":null,"kind":"market","status":"unknown","visits":1,"unnamed":false}},{"type":"Feature","geometry":{"type":"Point","coordinates":[35.23041,31.78163]},"properties":{"id":"3be0637a-3d99-566b-acb2-a6122687c190","slug":null,"name":"Damascus Gate","city":"Jerusalem","citySlug":"jerusalem-il","cc":null,"kind":"unknown","status":"unknown","visits":1,"unnamed":false}},{"type":"Feature","geometry":{"type":"Point","coordinates":[121.05284,14.61894]},"properties":{"id":"27895ab3-b112-5106-86a3-97c8b34eca05","slug":null,"name":"Dampa Sa Farmers Market","city":"Quezon City","citySlug":"quezon-city-ph","cc":null,"kind":"market","status":"unknown","visits":1,"unnamed":false}},{"type":"Feature","geometry":{"type":"Point","coordinates":[-110.56259,45.66137]},"properties":{"id":"4f6a48b1-eb77-5798-b189-4c08d190f533","slug":null,"name":"Dan Bailey's Fly Shop","city":"Livingston","citySlug":"livingston-us","cc":null,"kind":"activity","status":"unknown","visits":1,"unnamed":false}},{"type":"Feature","geometry":{"type":"Point","coordinates":[-86.77557,36.15345]},"properties":{"id":"8f44d304-0a22-5193-bf23-5ecb49e62bcf","slug":null,"name":"Dandgure's Classic Southern Cooking","city":"Nashville","citySlug":"nashville-us","cc":null,"kind":"unknown","status":"unknown","visits":1,"unnamed":false}},{"type":"Feature","geometry":{"type":"Point","coordinates":[-117.03551,32.53114]},"properties":{"id":"b92bdc7c-9968-58bc-a770-b58e19b91e7c","slug":null,"name":"Dandy del Sur Cantina","city":"Tijuana","citySlug":"tijuana-mx","cc":null,"kind":"food","status":"unknown","visits":1,"unnamed":false}},{"type":"Feature","geometry":{"type":"Point","coordinates":[-7.64215,33.5163]},"properties":{"id":"8c8561b7-9c73-5e8d-8f93-ecd596cb77a3","slug":null,"name":"Dar Diafa دار الضيافة‎","city":"Casablanca","citySlug":"casablanca-ma","cc":null,"kind":"unknown","status":"unknown","visits":1,"unnamed":false}},{"type":"Feature","geometry":{"type":"Point","coordinates":[40.95254,37.17737]},"properties":{"id":"e777d211-0e4e-5779-b095-bb4d32ea9346","slug":null,"name":"Dara","city":"Artuklu","citySlug":"artuklu-tr","cc":null,"kind":"activity","status":"unknown","visits":1,"unnamed":false}},{"type":"Feature","geometry":{"type":"Point","coordinates":[44.5081,40.1836]},"properties":{"id":"acc1e23d-67da-5ef0-8906-6fa3c8ac9824","slug":null,"name":"Dargett Craft Beer","city":"Yerevan","citySlug":"yerevan-am","cc":null,"kind":"unknown","status":"unknown","visits":1,"unnamed":false}},{"type":"Feature","geometry":{"type":"Point","coordinates":[126.66003,45.7533]},"properties":{"id":"a4121145-eed6-5b20-98d6-4531b55b22d3","slug":null,"name":"Dasong Dumplings","city":"Harbin","citySlug":"harbin-cn","cc":null,"kind":"food","status":"unknown","visits":1,"unnamed":false}},{"type":"Feature","geometry":{"type":"Point","coordinates":[104.07248,30.64661]},"properties":{"id":"21e8eab1-d762-5855-9967-93a7fd7090ce","slug":null,"name":"Dave’s Oasis","city":"Wuhou District","citySlug":"wuhou-district-cn","cc":null,"kind":"food","status":"unknown","visits":1,"unnamed":false}},{"type":"Feature","geometry":{"type":"Point","coordinates":[-118.28482,34.10633]},"properties":{"id":"eec597c6-b446-5534-aa67-02f4f3d9dff9","slug":null,"name":"David Choe's parents' house","city":"Los Angeles","citySlug":"los-angeles-us","cc":null,"kind":"unknown","status":"unknown","visits":1,"unnamed":false}},{"type":"Feature","geometry":{"type":"Point","coordinates":[-90.13305,30.00206]},"properties":{"id":"23c114f2-b97a-5106-b0c2-d1225952586e","slug":null,"name":"DBC Bar & Grill","city":"Metairie","citySlug":"metairie-us","cc":null,"kind":"food","status":"unknown","visits":1,"unnamed":false}},{"type":"Feature","geometry":{"type":"Point","coordinates":[-73.99225,40.72444]},"properties":{"id":"6cc44719-83cb-5a22-840e-b87353294826","slug":null,"name":"DBGB","city":"New York","citySlug":"new-york-us","cc":null,"kind":"food","status":"closed","visits":1,"unnamed":false}},{"type":"Feature","geometry":{"type":"Point","coordinates":[6.95691,50.9481]},"properties":{"id":"dcb08900-ce4c-5966-9c69-07d15c66e2b7","slug":null,"name":"De Fressbud","city":"Cologne","citySlug":"cologne-de","cc":null,"kind":"unknown","status":"unknown","visits":1,"unnamed":false}},{"type":"Feature","geometry":{"type":"Point","coordinates":[4.89084,52.36955]},"properties":{"id":"d1d1dc0a-7ef9-5f09-8221-9b279020f485","slug":null,"name":"De Pilsener Club (Engelse Reet)","city":"Amsterdam","citySlug":"amsterdam-nl","cc":null,"kind":"unknown","status":"unknown","visits":1,"unnamed":false}},{"type":"Feature","geometry":{"type":"Point","coordinates":[4.88422,52.37636]},"properties":{"id":"5e078474-86c7-5828-b1d6-44562069fa88","slug":null,"name":"De Twee Zwaantjes","city":"Amsterdam","citySlug":"amsterdam-nl","cc":null,"kind":"unknown","status":"unknown","visits":1,"unnamed":false}},{"type":"Feature","geometry":{"type":"Point","coordinates":[-105.54744,35.20745]},"properties":{"id":"e4303280-9818-58a5-ac99-f12026e94990","slug":null,"name":"Dead Horse Ranch","city":"San Miguel County","citySlug":"san-miguel-county-us","cc":null,"kind":"unknown","status":"unknown","visits":1,"unnamed":false}},{"type":"Feature","geometry":{"type":"Point","coordinates":[-118.31816,34.09094]},"properties":{"id":"86199da1-c2d3-5e8d-b14a-142108c86957","slug":null,"name":"Dearly Departed Tours and Museum","city":"Los Angeles","citySlug":"los-angeles-us","cc":null,"kind":"unknown","status":"unknown","visits":1,"unnamed":false}},{"type":"Feature","geometry":{"type":"Point","coordinates":[103.86388,1.30313]},"properties":{"id":"0623d392-0727-5888-90c1-650ba9d5aef3","slug":null,"name":"Deen Tiga Rasa","city":"Singapore","citySlug":"singapore-sg","cc":null,"kind":"food","status":"unknown","visits":1,"unnamed":false}},{"type":"Feature","geometry":{"type":"Point","coordinates":[-96.724,17.06514]},"properties":{"id":"dcd6abc5-205a-5224-82d5-36c832ad6fe6","slug":null,"name":"Del Maguey Single Village Mezcal","city":"Oaxaca City","citySlug":"oaxaca-city-mx","cc":null,"kind":"activity","status":"unknown","visits":1,"unnamed":false}},{"type":"Feature","geometry":{"type":"Point","coordinates":[-118.22365,34.00227]},"properties":{"id":"bd63db74-c994-5931-92f9-4416bfa80671","slug":null,"name":"Derby Dolls","city":"Vernon","citySlug":"vernon-us","cc":null,"kind":"activity","status":"unknown","visits":1,"unnamed":false}},{"type":"Feature","geometry":{"type":"Point","coordinates":[18.06557,59.33229]},"properties":{"id":"3681da50-5d57-54a6-8333-f736a029be64","slug":null,"name":"Designtorget","city":"Stockholm","citySlug":"stockholm-se","cc":null,"kind":"sight","status":"unknown","visits":1,"unnamed":false}},{"type":"Feature","geometry":{"type":"Point","coordinates":[-73.98321,40.74419]},"properties":{"id":"b5836697-dd02-5896-bdf7-008ce0b562f7","slug":null,"name":"Desmond's Tavern","city":"New York","citySlug":"new-york-us","cc":null,"kind":"food","status":"unknown","visits":2,"unnamed":false}},{"type":"Feature","geometry":{"type":"Point","coordinates":[74.9501,33.07097]},"properties":{"id":"8cec61e4-5bd0-5408-a5bc-828454600d68","slug":null,"name":"Devi Garh","city":"Reasi","citySlug":"reasi-in","cc":null,"kind":"lodging","status":"unknown","visits":1,"unnamed":false}},{"type":"Feature","geometry":{"type":"Point","coordinates":[-75.15814,39.93803]},"properties":{"id":"6ea1c1f3-c509-516d-a78c-b8677ec05dee","slug":null,"name":"Di Bruno Bros. - Italian Market","city":"Philadelphia","citySlug":"philadelphia-us","cc":null,"kind":"unknown","status":"unknown","visits":1,"unnamed":false}},{"type":"Feature","geometry":{"type":"Point","coordinates":[121.46014,31.22121]},"properties":{"id":"a1e2177e-e9c0-5cd3-a561-d8225edbafab","slug":null,"name":"Di Shui Dong","city":"Shanghai","citySlug":"shanghai-cn","cc":null,"kind":"unknown","status":"unknown","visits":1,"unnamed":false}},{"type":"Feature","geometry":{"type":"Point","coordinates":[144.97432,-37.8141]},"properties":{"id":"b10d30fa-7f72-59c3-b65d-04664f6b3136","slug":null,"name":"Di Stasio Citta","city":"Melbourne","citySlug":"melbourne-au","cc":null,"kind":"unknown","status":"unknown","visits":1,"unnamed":false}},{"type":"Feature","geometry":{"type":"Point","coordinates":[-17.45181,14.6769]},"properties":{"id":"2cd42c7e-cc11-5355-8fd9-2c66155c6c10","slug":null,"name":"Dibiterie Le Mboté","city":"Dakar","citySlug":"dakar-sn","cc":null,"kind":"unknown","status":"unknown","visits":1,"unnamed":false}},{"type":"Feature","geometry":{"type":"Point","coordinates":[121.51004,25.0551]},"properties":{"id":"9a57c1f1-fbb0-5048-80c0-8a011dae9aa4","slug":null,"name":"Dihua Street","city":"Taipei","citySlug":"taipei-tw","cc":null,"kind":"unknown","status":"unknown","visits":1,"unnamed":false}},{"type":"Feature","geometry":{"type":"Point","coordinates":[41.63143,41.64113]},"properties":{"id":"61321ac7-fbda-594f-905e-1d56b15478bc","slug":null,"name":"Dilber Gentlemen's Club","city":"Batumi","citySlug":"batumi-ge","cc":null,"kind":"unknown","status":"unknown","visits":1,"unnamed":false}},{"type":"Feature","geometry":{"type":"Point","coordinates":[121.53011,25.03348]},"properties":{"id":"a6369046-c644-51fc-b7a5-3514ad0e361d","slug":null,"name":"Din Tai Fung Xinyi Restaurant","city":"Taipei","citySlug":"taipei-tw","cc":null,"kind":"unknown","status":"unknown","visits":1,"unnamed":false}},{"type":"Feature","geometry":{"type":"Point","coordinates":[-86.74929,36.18115]},"properties":{"id":"fddb807f-e7d5-5d9d-a206-293a515e7d60","slug":null,"name":"Dino's Bar","city":"Nashville","citySlug":"nashville-us","cc":null,"kind":"unknown","status":"unknown","visits":1,"unnamed":false}},{"type":"Feature","geometry":{"type":"Point","coordinates":[-75.16281,39.94538]},"properties":{"id":"f6d347da-56b2-558c-a40c-34be00f32149","slug":null,"name":"Dirty Franks","city":"Philadelphia","citySlug":"philadelphia-us","cc":null,"kind":"unknown","status":"unknown","visits":1,"unnamed":false}},{"type":"Feature","geometry":{"type":"Point","coordinates":[-77.02834,38.88097]},"properties":{"id":"62be5abf-b63e-50f1-8d5e-c7fd40fe4775","slug":null,"name":"District Wharf","city":"Washington","citySlug":"washington-us","cc":null,"kind":"food","status":"unknown","visits":1,"unnamed":false}},{"type":"Feature","geometry":{"type":"Point","coordinates":[-3.68606,40.45788]},"properties":{"id":"10c4472a-4004-55eb-ade7-0ea2f714c19b","slug":null,"name":"DiverXO","city":"Madrid","citySlug":"madrid-es","cc":null,"kind":"food","status":"unknown","visits":1,"unnamed":false}},{"type":"Feature","geometry":{"type":"Point","coordinates":[51.39438,35.75651]},"properties":{"id":"224b246e-ad95-5737-bb83-571db29c3279","slug":null,"name":"DiziBar Persian Cuisine","city":"Tehran","citySlug":"tehran-ir","cc":null,"kind":"unknown","status":"unknown","visits":1,"unnamed":false}},{"type":"Feature","geometry":{"type":"Point","coordinates":[-9.16663,38.70181]},"properties":{"id":"3b4f403c-d8c3-5925-85a7-404b6973982a","slug":null,"name":"Doca de Alcântara / Doca do Espanhol","city":"Lisbon","citySlug":"lisbon-pt","cc":null,"kind":"activity","status":"unknown","visits":1,"unnamed":false}},{"type":"Feature","geometry":{"type":"Point","coordinates":[-74.44101,39.35714]},"properties":{"id":"a0211941-b65c-560f-9f6b-220695ee0201","slug":null,"name":"Dock's Oyster House","city":"Atlantic City","citySlug":"atlantic-city-us","cc":null,"kind":"unknown","status":"unknown","visits":1,"unnamed":false}},{"type":"Feature","geometry":{"type":"Point","coordinates":[-91.05616,33.41563]},"properties":{"id":"2380c67e-69dd-5392-9b1a-a764b51b264d","slug":null,"name":"Doe's Eat Place","city":"Greenville","citySlug":"greenville-us","cc":null,"kind":"unknown","status":"unknown","visits":1,"unnamed":false}},{"type":"Feature","geometry":{"type":"Point","coordinates":[44.51575,40.18059]},"properties":{"id":"e273d0ef-a4ab-598d-b110-53141aa916c4","slug":null,"name":"Dolmama - Armenia's Restaurant","city":"Yerevan","citySlug":"yerevan-am","cc":null,"kind":"unknown","status":"unknown","visits":1,"unnamed":false}},{"type":"Feature","geometry":{"type":"Point","coordinates":[-90.11237,29.9174]},"properties":{"id":"f27bcbb9-8cd7-546c-83c5-a282d5dfb540","slug":null,"name":"Domilise's Po-Boy & Bar","city":"New Orleans","citySlug":"new-orleans-us","cc":null,"kind":"food","status":"unknown","visits":1,"unnamed":false}},{"type":"Feature","geometry":{"type":"Point","coordinates":[-73.57154,45.50055]},"properties":{"id":"41b22ccc-5cd4-58fc-ba4f-731053bd82fc","slug":null,"name":"Dominion Square Tavern","city":"Montreal","citySlug":"montreal-ca","cc":null,"kind":"unknown","status":"unknown","visits":1,"unnamed":false}},{"type":"Feature","geometry":{"type":"Point","coordinates":[13.45207,52.51048]},"properties":{"id":"849b1c24-2b3a-5115-a1d1-7b872520d04e","slug":null,"name":"Domke Nino Fleischerei","city":"Berlin","citySlug":"berlin-de","cc":null,"kind":"unknown","status":"unknown","visits":1,"unnamed":false}},{"type":"Feature","geometry":{"type":"Point","coordinates":[-58.36367,-34.6361]},"properties":{"id":"f4c80e0c-3663-5df9-921e-a790f7071949","slug":null,"name":"Don Carlos","city":"Buenos Aires","citySlug":"buenos-aires-ar","cc":null,"kind":"unknown","status":"unknown","visits":1,"unnamed":false}},{"type":"Feature","geometry":{"type":"Point","coordinates":[-71.6296,-33.03553]},"properties":{"id":"2cc33450-ca09-53f3-a903-e6dd91bbbe17","slug":null,"name":"Don Vittorio","city":"Valparaíso","citySlug":"valparaiso-cl","cc":null,"kind":"food","status":"unknown","visits":1,"unnamed":false}},{"type":"Feature","geometry":{"type":"Point","coordinates":[-72.98589,-41.31751]},"properties":{"id":"b18b1478-70ad-5c84-9302-2cb3923c3633","slug":null,"name":"Donde El Gordito","city":"Puerto Varas","citySlug":"puerto-varas-cl","cc":null,"kind":"food","status":"unknown","visits":1,"unnamed":false}},{"type":"Feature","geometry":{"type":"Point","coordinates":[107.58852,16.47256]},"properties":{"id":"72c52073-eab0-5905-9384-5c1fbeeba58f","slug":null,"name":"Dong Ba Market","city":"Phú Xuân Ward","citySlug":"phu-xuan-ward-vn","cc":null,"kind":"unknown","status":"unknown","visits":1,"unnamed":false}},{"type":"Feature","geometry":{"type":"Point","coordinates":[-118.30494,34.05794]},"properties":{"id":"811b6aa7-e210-5635-867c-e73d949c5062","slug":null,"name":"Dong Il Jang Restaurant","city":"Los Angeles","citySlug":"los-angeles-us","cc":null,"kind":"unknown","status":"unknown","visits":1,"unnamed":false}},{"type":"Feature","geometry":{"type":"Point","coordinates":[128.61148,44.93083]},"properties":{"id":"dc3df4b9-02d8-598b-92c8-7b0c0ae85a72","slug":null,"name":"Donghe Barbecue Yabuli Branch","city":"Shangzhi","citySlug":"shangzhi-cn","cc":null,"kind":"food","status":"unknown","visits":1,"unnamed":false}},{"type":"Feature","geometry":{"type":"Point","coordinates":[-75.10233,39.93153]},"properties":{"id":"523d5037-04d9-5482-9c3a-585563629376","slug":null,"name":"Donkey's Place","city":"Camden","citySlug":"camden-us","cc":null,"kind":"unknown","status":"unknown","visits":1,"unnamed":false}},{"type":"Feature","geometry":{"type":"Point","coordinates":[-90.07849,29.96821]},"properties":{"id":"51b5c0e1-7e89-51fe-b8f4-adca2a9d5fe5","slug":null,"name":"Dooky Chase Restaurant","city":"New Orleans","citySlug":"new-orleans-us","cc":null,"kind":"unknown","status":"unknown","visits":1,"unnamed":false}},{"type":"Feature","geometry":{"type":"Point","coordinates":[-115.1503,36.1055]},"properties":{"id":"3247dd0b-3758-5ac4-b68b-b8e82ce19aff","slug":null,"name":"Double Down Saloon","city":"Paradise","citySlug":"paradise-us","cc":null,"kind":"food","status":"unknown","visits":1,"unnamed":false}},{"type":"Feature","geometry":{"type":"Point","coordinates":[-87.63537,41.88935]},"properties":{"id":"3c5d92cd-4152-5347-8400-7cf76c3505f4","slug":null,"name":"Doughnut Vault","city":"Chicago","citySlug":"chicago-us","cc":null,"kind":"unknown","status":"unknown","visits":1,"unnamed":false}},{"type":"Feature","geometry":{"type":"Point","coordinates":[-76.9479,18.40627]},"properties":{"id":"5ef3cc73-966e-5a8c-a9cd-9f18d978750e","slug":null,"name":"Dr. Hoe Rum Bar","city":"Oracabessa","citySlug":"oracabessa-jm","cc":null,"kind":"unknown","status":"unknown","visits":1,"unnamed":false}},{"type":"Feature","geometry":{"type":"Point","coordinates":[25.43306,45.51359]},"properties":{"id":"2a26cddf-2abd-5bac-976c-53fc34bbda19","slug":null,"name":"Dracula's Nest","city":"Rasnov","citySlug":"rasnov-ro","cc":null,"kind":"sight","status":"unknown","visits":1,"unnamed":false}},{"type":"Feature","geometry":{"type":"Point","coordinates":[-4.76204,57.07942]},"properties":{"id":"e1531539-b818-5292-b05f-2e4787049313","slug":null,"name":"Drynachan Bed & Breakfast","city":"Highland","citySlug":"highland-gb","cc":null,"kind":"unknown","status":"unknown","visits":1,"unnamed":false}},{"type":"Feature","geometry":{"type":"Point","coordinates":[2.36289,48.87125]},"properties":{"id":"44001d6a-04d9-5b99-9ddb-839db5a0bdac","slug":null,"name":"Du Pain et des Idées","city":"Paris","citySlug":"paris-fr","cc":null,"kind":"unknown","status":"unknown","visits":1,"unnamed":false}},{"type":"Feature","geometry":{"type":"Point","coordinates":[-10.78894,6.37207]},"properties":{"id":"585f3b6d-a649-5375-a61e-62af6b67b2c0","slug":null,"name":"Duala Market","city":"Monrovia","citySlug":"monrovia-lr","cc":null,"kind":"market","status":"unknown","visits":1,"unnamed":false}},{"type":"Feature","geometry":{"type":"Point","coordinates":[-3.18671,55.9504]},"properties":{"id":"1ebf4953-4e1c-5bcd-95ed-8f675090527d","slug":null,"name":"Dubh Prais","city":"City of Edinburgh","citySlug":"city-of-edinburgh-gb","cc":null,"kind":"unknown","status":"unknown","visits":1,"unnamed":false}},{"type":"Feature","geometry":{"type":"Point","coordinates":[-83.10173,42.31797]},"properties":{"id":"0e4caada-743c-558d-bba4-38755be21fdb","slug":null,"name":"Duly's Place Coney Island","city":"Detroit","citySlug":"detroit-us","cc":null,"kind":"unknown","status":"unknown","visits":1,"unnamed":false}},{"type":"Feature","geometry":{"type":"Point","coordinates":[33.1553,54.78647]},"properties":{"id":"dade4e82-bce3-5da1-b5b6-74c3fb6f7ac7","slug":null,"name":"Dyagilevo","city":"Dorogobuzhsky District","citySlug":"dorogobuzhsky-district-ru","cc":null,"kind":"market","status":"unknown","visits":1,"unnamed":false}},{"type":"Feature","geometry":{"type":"Point","coordinates":[-115.17539,36.10995]},"properties":{"id":"65178aa4-ee41-5599-aa3a-9b0713df6c2f","slug":null,"name":"é by José Andrés","city":null,"citySlug":null,"cc":null,"kind":"unknown","status":"unknown","visits":1,"unnamed":false}},{"type":"Feature","geometry":{"type":"Point","coordinates":[-0.06344,51.52651]},"properties":{"id":"592a18ff-9da2-5566-a2f1-bf847ac45125","slug":null,"name":"E Pellicci","city":"Greater London","citySlug":"greater-london-gb","cc":null,"kind":"unknown","status":"unknown","visits":1,"unnamed":false}},{"type":"Feature","geometry":{"type":"Point","coordinates":[2.3428,48.86387]},"properties":{"id":"44b40be1-f24a-594e-9600-5aeb5d66e200","slug":null,"name":"E.DEHILLERIN","city":"Paris","citySlug":"paris-fr","cc":null,"kind":"unknown","status":"unknown","visits":1,"unnamed":false}},{"type":"Feature","geometry":{"type":"Point","coordinates":[-97.77476,30.24752]},"properties":{"id":"7a789f56-0845-5007-96c2-e2d58fdbd2f8","slug":null,"name":"East Side King","city":"Austin","citySlug":"austin-us","cc":null,"kind":"food","status":"unknown","visits":1,"unnamed":false}},{"type":"Feature","geometry":{"type":"Point","coordinates":[-73.98446,40.72746]},"properties":{"id":"233218a0-511b-5941-a808-4ee31cc97da7","slug":null,"name":"East Village Books","city":"New York","citySlug":"new-york-us","cc":null,"kind":"unknown","status":"unknown","visits":1,"unnamed":false}},{"type":"Feature","geometry":{"type":"Point","coordinates":[-122.38702,47.56124]},"properties":{"id":"4ce8dcc5-c275-5670-889d-02e569c50fe2","slug":null,"name":"Easy Street Records & Cafe","city":"Seattle","citySlug":"seattle-us","cc":null,"kind":"unknown","status":"unknown","visits":1,"unnamed":false}},{"type":"Feature","geometry":{"type":"Point","coordinates":[-115.13898,36.1669]},"properties":{"id":"6337c6cb-78d2-5e94-a885-33f790d9e22c","slug":null,"name":"eat.","city":null,"citySlug":null,"cc":null,"kind":"unknown","status":"unknown","visits":1,"unnamed":false}},{"type":"Feature","geometry":{"type":"Point","coordinates":[-77.15415,38.87399]},"properties":{"id":"247bff76-bb05-5b1b-88c4-fdd4355704b5","slug":null,"name":"Eden Center","city":"Falls Church","citySlug":"falls-church-us","cc":null,"kind":"market","status":"unknown","visits":1,"unnamed":false}},{"type":"Feature","geometry":{"type":"Point","coordinates":[-81.73705,41.49268]},"properties":{"id":"0ff3bb97-58d7-5880-ba26-9b9fa8e1a2ac","slug":null,"name":"Edgewater Pier","city":"Cleveland","citySlug":"cleveland-us","cc":null,"kind":"activity","status":"unknown","visits":1,"unnamed":false}},{"type":"Feature","geometry":{"type":"Point","coordinates":[-79.40658,43.64195]},"properties":{"id":"757078e6-793e-57e6-822d-5830826d1981","slug":null,"name":"Edulis Restaurant","city":"Toronto","citySlug":"toronto-ca","cc":null,"kind":"unknown","status":"unknown","visits":1,"unnamed":false}},{"type":"Feature","geometry":{"type":"Point","coordinates":[-71.05611,42.28306]},"properties":{"id":"ba4dad87-4bee-5b81-a2f7-89594524510f","slug":null,"name":"Eire Pub","city":"Boston","citySlug":"boston-us","cc":null,"kind":"food","status":"unknown","visits":1,"unnamed":false}},{"type":"Feature","geometry":{"type":"Point","coordinates":[-73.99022,40.74114]},"properties":{"id":"35ea79a2-b90d-5bd8-8938-0fae41d5b38d","slug":null,"name":"Eisenberg's Sandwich Shop","city":"New York","citySlug":"new-york-us","cc":null,"kind":"food","status":"unknown","visits":1,"unnamed":false}},{"type":"Feature","geometry":{"type":"Point","coordinates":[-82.42112,23.11948]},"properties":{"id":"6fca4199-de3b-5ed6-94d2-556a75190b45","slug":null,"name":"El Aljibe","city":"Havana","citySlug":"havana-cu","cc":null,"kind":"food","status":"unknown","visits":1,"unnamed":false}},{"type":"Feature","geometry":{"type":"Point","coordinates":[-97.7125,30.26099]},"properties":{"id":"94cfecec-e4d1-50bc-ae05-3ac35ee5e95a","slug":null,"name":"El Azteca","city":"Austin","citySlug":"austin-us","cc":null,"kind":"food","status":"closed","visits":1,"unnamed":false}},{"type":"Feature","geometry":{"type":"Point","coordinates":[-3.84629,40.12639]},"properties":{"id":"e56de1f3-ca2e-5996-aa06-6a048382414c","slug":null,"name":"El Bohío","city":"Illescas","citySlug":"illescas-es","cc":null,"kind":"food","status":"unknown","visits":1,"unnamed":false}},{"type":"Feature","geometry":{"type":"Point","coordinates":[3.01757,42.27553]},"properties":{"id":"0c42d608-3a02-5bc5-bffd-2fae60830898","slug":null,"name":"El Bulli","city":"Figueres","citySlug":"figueres-es","cc":null,"kind":"food","status":"closed","visits":1,"unnamed":false}},{"type":"Feature","geometry":{"type":"Point","coordinates":[2.14784,41.37331]},"properties":{"id":"1859793e-a8a0-53cd-b77f-864e2d39558c","slug":null,"name":"El Bullilab","city":"Barcelona","citySlug":"barcelona-es","cc":null,"kind":"activity","status":"unknown","visits":1,"unnamed":false}},{"type":"Feature","geometry":{"type":"Point","coordinates":[-69.17339,19.30084]},"properties":{"id":"681b1652-f367-5cd4-8ed0-a2fe44a44e58","slug":null,"name":"El Cabito","city":"Samana","citySlug":"samana-do","cc":null,"kind":"food","status":"unknown","visits":1,"unnamed":false}},{"type":"Feature","geometry":{"type":"Point","coordinates":[-73.98785,40.71982]},"properties":{"id":"3f64c949-a58b-55da-b9e7-6ab5eeeb0c95","slug":null,"name":"El Castillo de Jagua","city":"New York","citySlug":"new-york-us","cc":null,"kind":"unknown","status":"unknown","visits":1,"unnamed":false}},{"type":"Feature","geometry":{"type":"Point","coordinates":[-70.67756,-33.45531]},"properties":{"id":"67073219-970c-525e-b0f8-04854454017b","slug":null,"name":"El Hoyo","city":"Santiago","citySlug":"santiago-cl","cc":null,"kind":"food","status":"unknown","visits":1,"unnamed":false}},{"type":"Feature","geometry":{"type":"Point","coordinates":[-104.41218,29.56405]},"properties":{"id":"daec0356-19b2-58e0-80b8-1caa29a60fdf","slug":null,"name":"El Mexico de Ayer","city":"Ojinaga","citySlug":"ojinaga-mx","cc":null,"kind":"unknown","status":"unknown","visits":1,"unnamed":false}},{"type":"Feature","geometry":{"type":"Point","coordinates":[-76.81735,-12.11184]},"properties":{"id":"ae87d467-c996-54ef-b9f1-0e1fd958cd4e","slug":null,"name":"El Monasterio","city":"Cieneguilla","citySlug":"cieneguilla-pe","cc":null,"kind":"food","status":"unknown","visits":1,"unnamed":false}},{"type":"Feature","geometry":{"type":"Point","coordinates":[-80.13711,25.77567]},"properties":{"id":"d8d2f68c-e5c5-5ca4-b53b-6cde7c0003d0","slug":null,"name":"El Palacio de los Jugos","city":"Miami Beach","citySlug":"miami-beach-us","cc":null,"kind":"unknown","status":"unknown","visits":1,"unnamed":false}},{"type":"Feature","geometry":{"type":"Point","coordinates":[-79.89339,-2.19044]},"properties":{"id":"3ee3330f-5592-5528-845c-5c8199313598","slug":null,"name":"El Pez Volador","city":"Guayaquil","citySlug":"guayaquil-ec","cc":null,"kind":"food","status":"unknown","visits":1,"unnamed":false}},{"type":"Feature","geometry":{"type":"Point","coordinates":[-78.51311,-0.2436]},"properties":{"id":"0849552b-9dc5-5cc9-b951-8a8c48585bb8","slug":null,"name":"El Pobre Diablo Park","city":"Chimbacalle","citySlug":"chimbacalle-ec","cc":null,"kind":"food","status":"unknown","visits":1,"unnamed":false}},{"type":"Feature","geometry":{"type":"Point","coordinates":[-77.10071,38.88384]},"properties":{"id":"a5c4a0ae-877a-5edf-959c-83ae5e688c87","slug":null,"name":"El Pollo Rico","city":"Arlington","citySlug":"arlington-us","cc":null,"kind":"food","status":"unknown","visits":1,"unnamed":false}},{"type":"Feature","geometry":{"type":"Point","coordinates":[-74.0012,40.74741]},"properties":{"id":"2461af93-4a8e-5b0c-bb88-2ae865a1f98d","slug":null,"name":"El Quinto Pino","city":"New York","citySlug":"new-york-us","cc":null,"kind":"food","status":"unknown","visits":1,"unnamed":false}},{"type":"Feature","geometry":{"type":"Point","coordinates":[-66.09832,18.29167]},"properties":{"id":"caf2efb8-50be-58d4-9b22-27f696623039","slug":null,"name":"El Rancho de Apa","city":"Hato Nuevo","citySlug":"hato-nuevo-us","cc":null,"kind":"unknown","status":"unknown","visits":1,"unnamed":false}},{"type":"Feature","geometry":{"type":"Point","coordinates":[-80.34616,25.73325]},"properties":{"id":"a2007a20-4eed-5dcd-ba1c-750c7d217230","slug":null,"name":"El Rey De Las Fritas","city":"Miami-Dade County","citySlug":"miami-dade-county-us","cc":null,"kind":"food","status":"unknown","visits":1,"unnamed":false}},{"type":"Feature","geometry":{"type":"Point","coordinates":[-3.59844,37.1737]},"properties":{"id":"462bce51-dec9-527d-a6fb-c878dcdee547","slug":null,"name":"El Tabernaculo","city":"Granada","citySlug":"granada-es","cc":null,"kind":"unknown","status":"unknown","visits":1,"unnamed":false}},{"type":"Feature","geometry":{"type":"Point","coordinates":[-106.57834,35.07702]},"properties":{"id":"bd7403ff-ec94-5e07-a014-bca1d574f181","slug":null,"name":"El Taco Loco","city":"Albuquerque","citySlug":"albuquerque-us","cc":null,"kind":"unknown","status":"unknown","visits":1,"unnamed":false}},{"type":"Feature","geometry":{"type":"Point","coordinates":[-97.69401,30.23396]},"properties":{"id":"d5f6710a-15e8-56c7-9f18-84d16fc65e74","slug":null,"name":"El Taco Rico","city":"Austin","citySlug":"austin-us","cc":null,"kind":"food","status":"closed","visits":1,"unnamed":false}},{"type":"Feature","geometry":{"type":"Point","coordinates":[-84.28563,33.8911]},"properties":{"id":"dd56ffaf-6fcb-510e-a44f-d5162eae9399","slug":null,"name":"El Taco Veloz","city":"Doraville","citySlug":"doraville-us","cc":null,"kind":"unknown","status":"unknown","visits":1,"unnamed":false}},{"type":"Feature","geometry":{"type":"Point","coordinates":[-82.34894,23.14055]},"properties":{"id":"9b4b6e0d-7861-53d6-bfc1-f84d9a0f5a4f","slug":null,"name":"El Templete","city":"Havana","citySlug":"havana-cu","cc":null,"kind":"food","status":"unknown","visits":1,"unnamed":false}},{"type":"Feature","geometry":{"type":"Point","coordinates":[-65.84098,18.43111]},"properties":{"id":"5f6f74e7-a6aa-5672-9eea-656da168e8e5","slug":null,"name":"El Trasmayo","city":"Medianía Alta","citySlug":"mediania-alta-us","cc":null,"kind":"unknown","status":"unknown","visits":1,"unnamed":false}},{"type":"Feature","geometry":{"type":"Point","coordinates":[4.88077,52.37559]},"properties":{"id":"229d3de2-cbd9-5ee1-a1c7-afb2090c7a1e","slug":null,"name":"Electric Ladyland - Museum of Fluorescent Art","city":"Amsterdam","citySlug":"amsterdam-nl","cc":null,"kind":"unknown","status":"unknown","visits":1,"unnamed":false}},{"type":"Feature","geometry":{"type":"Point","coordinates":[-123.01007,49.24806]},"properties":{"id":"a74a34d9-d657-5a72-baa2-88764e62deef","slug":null,"name":"Electronic Arts Canada","city":"Burnaby","citySlug":"burnaby-ca","cc":null,"kind":"activity","status":"unknown","visits":1,"unnamed":false}},{"type":"Feature","geometry":{"type":"Point","coordinates":[35.26686,32.07118]},"properties":{"id":"9089c821-9429-54a9-b382-407c8523ef3e","slug":null,"name":"Eli","city":"Eli","citySlug":"eli-ps","cc":null,"kind":"unknown","status":"unknown","visits":1,"unnamed":false}},{"type":"Feature","geometry":{"type":"Point","coordinates":[-1.98316,43.32177]},"properties":{"id":"6165da67-6373-567e-a476-bf05c20a3d2c","slug":null,"name":"Elkano Kalea","city":"San Sebastián","citySlug":"san-sebastian-es","cc":null,"kind":"unknown","status":"unknown","visits":1,"unnamed":false}},{"type":"Feature","geometry":{"type":"Point","coordinates":[-84.38786,33.75833]},"properties":{"id":"6ef04062-5fac-5c26-81bc-6b60733bf3a0","slug":null,"name":"Ellis Hotel, Atlanta, a Tribute Portfolio Hotel","city":"Atlanta","citySlug":"atlanta-us","cc":null,"kind":"unknown","status":"unknown","visits":1,"unnamed":false}},{"type":"Feature","geometry":{"type":"Point","coordinates":[-122.16553,47.50384]},"properties":{"id":"8a5284bb-f095-5ae9-bb9f-54460bdc3595","slug":null,"name":"Emerald Haze Cannabis Emporium","city":"Renton","citySlug":"renton-us","cc":null,"kind":"unknown","status":"unknown","visits":1,"unnamed":false}},{"type":"Feature","geometry":{"type":"Point","coordinates":[-90.06729,29.94462]},"properties":{"id":"6e48676b-abc0-5916-adb5-4244c90b1432","slug":null,"name":"Emeril's New Orleans","city":"New Orleans","citySlug":"new-orleans-us","cc":null,"kind":"food","status":"unknown","visits":1,"unnamed":false}},{"type":"Feature","geometry":{"type":"Point","coordinates":[-73.9945,40.72455]},"properties":{"id":"1e4b8440-1f0a-548e-9bb2-cfc72d0aa4ff","slug":null,"name":"Emilio's Ballato","city":"New York","citySlug":"new-york-us","cc":null,"kind":"unknown","status":"unknown","visits":1,"unnamed":false}},{"type":"Feature","geometry":{"type":"Point","coordinates":[-84.38361,33.78108]},"properties":{"id":"e5ede5e9-6682-5cd5-9282-9512612ae52a","slug":null,"name":"Empire State South","city":"Atlanta","citySlug":"atlanta-us","cc":null,"kind":"unknown","status":"unknown","visits":1,"unnamed":false}},{"type":"Feature","geometry":{"type":"Point","coordinates":[-83.03631,42.37553]},"properties":{"id":"5ba02121-52ae-5d3c-a3e5-cc26e27b47fc","slug":null,"name":"Engine 23 Squad 3","city":"Detroit","citySlug":"detroit-us","cc":null,"kind":"unknown","status":"unknown","visits":1,"unnamed":false}},{"type":"Feature","geometry":{"type":"Point","coordinates":[1.86468,41.62862]},"properties":{"id":"dac65db5-1df7-5558-b02f-1cd0590d2896","slug":null,"name":"Enric Rovira Chocolates","city":"el Borràs","citySlug":"el-borras-es","cc":null,"kind":"activity","status":"unknown","visits":1,"unnamed":false}},{"type":"Feature","geometry":{"type":"Point","coordinates":[121.48085,31.21576]},"properties":{"id":"b3dd1b58-bfc4-5b1c-9aae-9d5c7105c3c1","slug":null,"name":"Erguang Wonton (Zhaozhou Road)","city":"Shanghai","citySlug":"shanghai-cn","cc":null,"kind":"unknown","status":"unknown","visits":1,"unnamed":false}},{"type":"Feature","geometry":{"type":"Point","coordinates":[-73.99271,40.7592]},"properties":{"id":"591f2aeb-2a81-5960-8320-d1778c3db910","slug":null,"name":"Esca","city":"New York","citySlug":"new-york-us","cc":null,"kind":"food","status":"unknown","visits":1,"unnamed":false}},{"type":"Feature","geometry":{"type":"Point","coordinates":[-56.17116,-34.90654]},"properties":{"id":"bba42d28-7e1c-59e4-bbb0-8ab2d013f696","slug":null,"name":"Escaramuza Libros","city":"Montevideo","citySlug":"montevideo-uy","cc":null,"kind":"unknown","status":"unknown","visits":1,"unnamed":false}},{"type":"Feature","geometry":{"type":"Point","coordinates":[-99.26011,19.39496]},"properties":{"id":"8f1068fd-b7dc-555c-b5ab-ba223425c636","slug":null,"name":"Escuela de Box Rudy Perez","city":"Mexico City","citySlug":"mexico-city-mx","cc":null,"kind":"unknown","status":"unknown","visits":1,"unnamed":false}},{"type":"Feature","geometry":{"type":"Point","coordinates":[-96.72575,17.06655]},"properties":{"id":"a05eae90-ae66-545f-8a5e-d3a5fbadc289","slug":null,"name":"Espacio Zapata","city":"Oaxaca City","citySlug":"oaxaca-city-mx","cc":null,"kind":"unknown","status":"unknown","visits":1,"unnamed":false}},{"type":"Feature","geometry":{"type":"Point","coordinates":[2.39303,41.50232]},"properties":{"id":"1e4d9bf7-42d6-5a67-9ae2-d65eb1cf5840","slug":null,"name":"Espinaler","city":"Vilassar de Mar","citySlug":"vilassar-de-mar-es","cc":null,"kind":"food","status":"unknown","visits":1,"unnamed":false}},{"type":"Feature","geometry":{"type":"Point","coordinates":[-73.99422,40.75566]},"properties":{"id":"9a2216e1-2dd7-59da-848c-e70d6b87e340","slug":null,"name":"Esposito Meat Market","city":"New York","citySlug":"new-york-us","cc":null,"kind":"market","status":"unknown","visits":1,"unnamed":false}},{"type":"Feature","geometry":{"type":"Point","coordinates":[-78.51393,-0.22437]},"properties":{"id":"aa435ec5-5f6b-54e2-b075-e8d04f7c9f03","slug":null,"name":"Esquina de la Ronda","city":"Quito","citySlug":"quito-ec","cc":null,"kind":"food","status":"closed","visits":1,"unnamed":false}},{"type":"Feature","geometry":{"type":"Point","coordinates":[-66.08059,18.44948]},"properties":{"id":"6e6496bf-62c8-572e-947d-2dbd66076a78","slug":null,"name":"Esquina El Watusi","city":"San Juan","citySlug":"san-juan-us","cc":null,"kind":"unknown","status":"unknown","visits":1,"unnamed":false}},{"type":"Feature","geometry":{"type":"Point","coordinates":[-73.97036,40.75612]},"properties":{"id":"b76ed20e-bd06-5be1-aac8-6061e63b0e0d","slug":null,"name":"Ess-a-Bagel","city":"New York","citySlug":"new-york-us","cc":null,"kind":"unknown","status":"unknown","visits":1,"unnamed":false}},{"type":"Feature","geometry":{"type":"Point","coordinates":[-56.19382,-34.89847]},"properties":{"id":"c65fb5d4-1bdf-5ab8-86e3-02ca223eb9d8","slug":null,"name":"Estación Central General Artigas","city":"Montevideo","citySlug":"montevideo-uy","cc":null,"kind":"sight","status":"unknown","visits":1,"unnamed":false}},{"type":"Feature","geometry":{"type":"Point","coordinates":[-82.376,23.11867]},"properties":{"id":"7ab070ac-709a-5b01-97fa-9c93198f0279","slug":null,"name":"Estadio Latinoamericano","city":"Havana","citySlug":"havana-cu","cc":null,"kind":"activity","status":"unknown","visits":1,"unnamed":false}},{"type":"Feature","geometry":{"type":"Point","coordinates":[-56.21191,-34.90552]},"properties":{"id":"99e44c5f-dff7-59f7-a57d-a65a96e7d109","slug":null,"name":"Estancia del Puerto","city":"Montevideo","citySlug":"montevideo-uy","cc":null,"kind":"food","status":"unknown","visits":1,"unnamed":false}},{"type":"Feature","geometry":{"type":"Point","coordinates":[-58.4094,-34.62965]},"properties":{"id":"5b4635a9-e56b-54d0-bd80-d7d78740b3c5","slug":null,"name":"Estancia Los Corrales","city":"Buenos Aires","citySlug":"buenos-aires-ar","cc":null,"kind":"activity","status":"unknown","visits":1,"unnamed":false}},{"type":"Feature","geometry":{"type":"Point","coordinates":[-157.88426,21.32242]},"properties":{"id":"b669b6d0-4f35-565d-9985-3d8df2a71375","slug":null,"name":"Ethel's Grill","city":"Honolulu","citySlug":"honolulu-us","cc":null,"kind":"unknown","status":"unknown","visits":1,"unnamed":false}},{"type":"Feature","geometry":{"type":"Point","coordinates":[-80.13101,25.79088]},"properties":{"id":"17a862d1-38a7-5737-9e2b-d2518daf3e88","slug":null,"name":"Everglades National Park","city":"Miami Beach","citySlug":"miami-beach-us","cc":null,"kind":"sight","status":"unknown","visits":1,"unnamed":false}},{"type":"Feature","geometry":{"type":"Point","coordinates":[-79.36545,43.68462]},"properties":{"id":"ffca06d0-b053-53fe-9d65-244f449b83ab","slug":null,"name":"Evergreen Brick Works","city":"Toronto","citySlug":"toronto-ca","cc":null,"kind":"unknown","status":"unknown","visits":1,"unnamed":false}},{"type":"Feature","geometry":{"type":"Point","coordinates":[-0.06224,51.53595]},"properties":{"id":"eec44a58-b156-5092-ad5a-c2cabe5eb264","slug":null,"name":"F. Cooke","city":"Greater London","citySlug":"greater-london-gb","cc":null,"kind":"unknown","status":"unknown","visits":1,"unnamed":false}},{"type":"Feature","geometry":{"type":"Point","coordinates":[-82.40991,23.12749]},"properties":{"id":"ca81b0e3-2adc-535d-b1ed-ba628cfeb1c7","slug":null,"name":"Fábrica de Arte Cubano","city":"Havana","citySlug":"havana-cu","cc":null,"kind":"unknown","status":"unknown","visits":1,"unnamed":false}},{"type":"Feature","geometry":{"type":"Point","coordinates":[35.50667,33.89056]},"properties":{"id":"94758e25-3fe4-5f9d-b655-af1ef3f5c07f","slug":null,"name":"Falafel M Sayhoun Original Shop","city":"Bashura","citySlug":"bashura-lb","cc":null,"kind":"food","status":"unknown","visits":1,"unnamed":false}},{"type":"Feature","geometry":{"type":"Point","coordinates":[35.50665,33.89044]},"properties":{"id":"0a6379dd-c1e2-5b05-b149-27c80bb5777a","slug":null,"name":"Falafel M. Sahyoun","city":"Bashura","citySlug":"bashura-lb","cc":null,"kind":"food","status":"unknown","visits":1,"unnamed":false}},{"type":"Feature","geometry":{"type":"Point","coordinates":[-6.26329,53.34315]},"properties":{"id":"43671125-c307-5890-b80f-ef5e05d0bd10","slug":null,"name":"Fallon & Byrne, Food Hall","city":"Dublin","citySlug":"dublin-ie","cc":null,"kind":"unknown","status":"unknown","visits":1,"unnamed":false}},{"type":"Feature","geometry":{"type":"Point","coordinates":[7.47011,45.74061]},"properties":{"id":"3b3a6eb3-407f-56f9-9ca2-0bd63a12c335","slug":null,"name":"Farmhouse Maison Rosset","city":"Nus","citySlug":"nus-it","cc":null,"kind":"unknown","status":"unknown","visits":1,"unnamed":false}},{"type":"Feature","geometry":{"type":"Point","coordinates":[13.20432,32.88721]},"properties":{"id":"2c727109-43f5-5ea2-8b5a-f0b77fa207da","slug":null,"name":"Fashloum","city":"Tripoli","citySlug":"tripoli-ly","cc":null,"kind":"unknown","status":"unknown","visits":1,"unnamed":false}},{"type":"Feature","geometry":{"type":"Point","coordinates":[-87.68338,41.76158]},"properties":{"id":"61c0ff78-b4d0-53b4-97fa-ed320a4d92a8","slug":null,"name":"Fat Johnnie's Famous Red Hots","city":"Chicago","citySlug":"chicago-us","cc":null,"kind":"food","status":"unknown","visits":1,"unnamed":false}},{"type":"Feature","geometry":{"type":"Point","coordinates":[-84.36711,33.80461]},"properties":{"id":"3f050ce4-7c87-5cfa-a4d8-55ff9054d68e","slug":null,"name":"Fat Matt's Rib Shack","city":"Atlanta","citySlug":"atlanta-us","cc":null,"kind":"unknown","status":"unknown","visits":1,"unnamed":false}},{"type":"Feature","geometry":{"type":"Point","coordinates":[25.92008,-2.94999]},"properties":{"id":"f15552d9-8e68-584f-b5fa-4f67de9f72dc","slug":null,"name":"Fatimata Restaurant","city":"Kindu","citySlug":"kindu-cd","cc":null,"kind":"unknown","status":"unknown","visits":1,"unnamed":false}},{"type":"Feature","geometry":{"type":"Point","coordinates":[11.33112,43.54892]},"properties":{"id":"3c4f55ad-038f-5b57-904d-bebf1227856f","slug":null,"name":"Fattoria Casaloste","city":"Greve in Chianti","citySlug":"greve-in-chianti-it","cc":null,"kind":"food","status":"unknown","visits":1,"unnamed":false}},{"type":"Feature","geometry":{"type":"Point","coordinates":[96.09066,16.95831]},"properties":{"id":"4eb30202-3272-5e5f-a39e-537f403b2bf7","slug":null,"name":"Feel Myanmar","city":"Yangon City","citySlug":"yangon-city-mm","cc":null,"kind":"unknown","status":"unknown","visits":1,"unnamed":false}},{"type":"Feature","geometry":{"type":"Point","coordinates":[-46.68935,-23.55761]},"properties":{"id":"51e2365e-f293-5ca2-a090-011808b4bbd4","slug":null,"name":"Feijoada da Lana","city":"São Paulo","citySlug":"sao-paulo-br","cc":null,"kind":"unknown","status":"unknown","visits":1,"unnamed":false}},{"type":"Feature","geometry":{"type":"Point","coordinates":[121.53382,25.02028]},"properties":{"id":"83977e7b-e643-5392-abfe-fa263897562d","slug":null,"name":"Fengcheng Cantonese Restaurant","city":"Taipei","citySlug":"taipei-tw","cc":null,"kind":"unknown","status":"unknown","visits":1,"unnamed":false}},{"type":"Feature","geometry":{"type":"Point","coordinates":[113.56949,22.11929]},"properties":{"id":"8fe8a9ff-c43c-595a-bba3-314d021fca6b","slug":null,"name":"Fernando's Restaurant","city":"Hac Sa Village","citySlug":"hac-sa-village-cn","cc":null,"kind":"food","status":"unknown","visits":1,"unnamed":false}},{"type":"Feature","geometry":{"type":"Point","coordinates":[-122.39341,37.79558]},"properties":{"id":"5ea94ebd-7248-5878-a691-def377a49ca3","slug":null,"name":"Ferry Plaza Farmers Market","city":"San Francisco","citySlug":"san-francisco-us","cc":null,"kind":"market","status":"unknown","visits":1,"unnamed":false}},{"type":"Feature","geometry":{"type":"Point","coordinates":[-5.0075,34.01812]},"properties":{"id":"af503389-5f90-5664-bbac-3029d5b6523f","slug":null,"name":"Fes","city":"Fez","citySlug":"fez-ma","cc":null,"kind":"unknown","status":"unknown","visits":1,"unnamed":false}},{"type":"Feature","geometry":{"type":"Point","coordinates":[-79.93157,32.78235]},"properties":{"id":"ec9e4b40-4b43-599a-ba2f-1091b7f991d7","slug":null,"name":"FIG","city":"Charleston","citySlug":"charleston-us","cc":null,"kind":"unknown","status":"unknown","visits":1,"unnamed":false}},{"type":"Feature","geometry":{"type":"Point","coordinates":[25.13422,35.34307]},"properties":{"id":"06ee3f7e-c09d-5e41-86f5-b66495dcd52c","slug":null,"name":"Fish Market","city":"Heraklion Municipal Unit","citySlug":"heraklion-municipal-unit-gr","cc":null,"kind":"market","status":"unknown","visits":1,"unnamed":false}},{"type":"Feature","geometry":{"type":"Point","coordinates":[113.86214,22.25417]},"properties":{"id":"f80f5a62-c93c-59ca-b80d-a6b6db17c1c2","slug":null,"name":"Fishing Village Gourmet Food","city":"Hong Kong","citySlug":"hong-kong-cn","cc":null,"kind":"unknown","status":"unknown","visits":1,"unnamed":false}},{"type":"Feature","geometry":{"type":"Point","coordinates":[-105.93915,35.68716]},"properties":{"id":"62e39231-282a-5025-8fa4-0bf612194093","slug":null,"name":"Five & Dime General Store","city":"Santa Fe","citySlug":"santa-fe-us","cc":null,"kind":"unknown","status":"unknown","visits":1,"unnamed":false}},{"type":"Feature","geometry":{"type":"Point","coordinates":[13.40244,52.54124]},"properties":{"id":"e1fad9da-ebc8-56e1-99a6-251c15e8b2b3","slug":null,"name":"Fleamarket at Mauerpark","city":"Berlin","citySlug":"berlin-de","cc":null,"kind":"unknown","status":"unknown","visits":1,"unnamed":false}},{"type":"Feature","geometry":{"type":"Point","coordinates":[-86.28858,12.11114]},"properties":{"id":"8386c47c-c407-522c-8f5c-67fc262b6406","slug":null,"name":"Flor De Pino","city":"Managua","citySlug":"managua-ni","cc":null,"kind":"food","status":"unknown","visits":1,"unnamed":false}},{"type":"Feature","geometry":{"type":"Point","coordinates":[87.88133,22.43591]},"properties":{"id":"00f9660b-ac81-5edd-b65b-e5e4f24d93a8","slug":null,"name":"Flower Market Kolaghat","city":"Kolaghat","citySlug":"kolaghat-in","cc":null,"kind":"sight","status":"unknown","visits":1,"unnamed":false}},{"type":"Feature","geometry":{"type":"Point","coordinates":[89.63226,27.48264]},"properties":{"id":"6bc68072-c687-5876-aba4-cf4025dbb76f","slug":null,"name":"Folk heritage museum restaurant","city":"Thimphu","citySlug":"thimphu-bt","cc":null,"kind":"unknown","status":"unknown","visits":1,"unnamed":false}},{"type":"Feature","geometry":{"type":"Point","coordinates":[-99.17086,19.37814]},"properties":{"id":"49755293-745f-5abc-9986-ad0ceb91adb6","slug":null,"name":"Fonda Margarita","city":"Mexico City","citySlug":"mexico-city-mx","cc":null,"kind":"food","status":"unknown","visits":1,"unnamed":false}},{"type":"Feature","geometry":{"type":"Point","coordinates":[13.36207,38.11548]},"properties":{"id":"68ec70cb-3f39-57b4-8bdc-3743c766c20c","slug":null,"name":"Fontana Pretoria","city":"Palermo","citySlug":"palermo-it","cc":null,"kind":"sight","status":"unknown","visits":1,"unnamed":false}},{"type":"Feature","geometry":{"type":"Point","coordinates":[-122.50082,47.80274]},"properties":{"id":"c051e75d-7686-583e-bef3-a77cdbf97939","slug":null,"name":"Food Market at Kingston","city":"Kingston","citySlug":"kingston-us","cc":null,"kind":"market","status":"unknown","visits":1,"unnamed":false}},{"type":"Feature","geometry":{"type":"Point","coordinates":[-79.39673,43.65333]},"properties":{"id":"517bb390-d782-52d0-a581-456ad0dcae90","slug":null,"name":"Forestview Chinese Restaurant","city":"Toronto","citySlug":"toronto-ca","cc":null,"kind":"unknown","status":"unknown","visits":1,"unnamed":false}},{"type":"Feature","geometry":{"type":"Point","coordinates":[11.71213,44.35361]},"properties":{"id":"b10b6bef-5edd-524d-aa5a-661dcace2b51","slug":null,"name":"Formaggeria salumeria gastronomia Cavallotti","city":"Imola","citySlug":"imola-it","cc":null,"kind":"market","status":"unknown","visits":1,"unnamed":false}},{"type":"Feature","geometry":{"type":"Point","coordinates":[39.52616,-6.43509]},"properties":{"id":"cbafc733-2e42-557f-822b-bd90167f8895","slug":null,"name":"Forodhani Gardens","city":"Mtende","citySlug":"mtende-tz","cc":null,"kind":"unknown","status":"unknown","visits":1,"unnamed":false}},{"type":"Feature","geometry":{"type":"Point","coordinates":[80.09433,6.15894]},"properties":{"id":"72528244-b8ef-5949-b5f5-4f198386ff26","slug":null,"name":"Foundation of Goodness MCC Centre of Excellence","city":"Seenigama","citySlug":"seenigama-lk","cc":null,"kind":"activity","status":"unknown","visits":1,"unnamed":false}},{"type":"Feature","geometry":{"type":"Point","coordinates":[-87.62509,41.89933]},"properties":{"id":"0dbd0b35-8591-5a20-9326-1fdf9f3a233e","slug":null,"name":"Four Seasons Hotel Chicago","city":"Chicago","citySlug":"chicago-us","cc":null,"kind":"unknown","status":"unknown","visits":1,"unnamed":false}},{"type":"Feature","geometry":{"type":"Point","coordinates":[-6.2256,53.3265]},"properties":{"id":"fc71b84c-17ce-5312-8bbc-4e75a96b133d","slug":null,"name":"Four Seasons Hotel Dublin","city":"Dublin","citySlug":"dublin-ie","cc":null,"kind":"unknown","status":"unknown","visits":1,"unnamed":false}},{"type":"Feature","geometry":{"type":"Point","coordinates":[170.01759,-43.46448]},"properties":{"id":"3d9a3038-b676-55bc-b22e-16540aae22f2","slug":null,"name":"Fox Glacier","city":"Fox Glacier","citySlug":"fox-glacier-nz","cc":null,"kind":"sight","status":"unknown","visits":1,"unnamed":false}},{"type":"Feature","geometry":{"type":"Point","coordinates":[126.62825,45.73877]},"properties":{"id":"e6c371dd-d596-5299-ae1b-5ff819484717","slug":null,"name":"Fox Pub","city":"Harbin","citySlug":"harbin-cn","cc":null,"kind":"food","status":"unknown","visits":1,"unnamed":false}},{"type":"Feature","geometry":{"type":"Point","coordinates":[-46.69914,-23.5013]},"properties":{"id":"461fd869-8ab0-5fcd-b5fb-96693cb63d65","slug":null,"name":"Frangó","city":"São Paulo","citySlug":"sao-paulo-br","cc":null,"kind":"unknown","status":"unknown","visits":1,"unnamed":false}},{"type":"Feature","geometry":{"type":"Point","coordinates":[35.52372,33.89609]},"properties":{"id":"1f73b0da-c37f-5383-8deb-bf87d96be17f","slug":null,"name":"Frank Würst Fine Hotdog","city":"Mar Mikhael","citySlug":"mar-mikhael-lb","cc":null,"kind":"food","status":"unknown","visits":1,"unnamed":false}},{"type":"Feature","geometry":{"type":"Point","coordinates":[-74.00894,40.22744]},"properties":{"id":"728cc276-3da0-5dcc-9587-c958960e89ba","slug":null,"name":"Frank's Deli & Restaurant","city":"Asbury Park","citySlug":"asbury-park-us","cc":null,"kind":"unknown","status":"unknown","visits":1,"unnamed":false}},{"type":"Feature","geometry":{"type":"Point","coordinates":[-97.73132,30.27012]},"properties":{"id":"51343356-9f34-5a1e-bdd9-db35654b1617","slug":null,"name":"Franklin Barbecue","city":"Austin","citySlug":"austin-us","cc":null,"kind":"food","status":"unknown","visits":1,"unnamed":false}},{"type":"Feature","geometry":{"type":"Point","coordinates":[-94.51382,37.07246]},"properties":{"id":"88995fb5-4984-5579-88e5-23224b4c6d14","slug":null,"name":"Fred & Red's","city":"Joplin","citySlug":"joplin-us","cc":null,"kind":"food","status":"unknown","visits":1,"unnamed":false}},{"type":"Feature","geometry":{"type":"Point","coordinates":[-118.29154,34.10464]},"properties":{"id":"ae53fdd6-2a74-59a2-952f-7aa25bd2f9eb","slug":null,"name":"Fred 62","city":"Los Angeles","citySlug":"los-angeles-us","cc":null,"kind":"unknown","status":"unknown","visits":1,"unnamed":false}},{"type":"Feature","geometry":{"type":"Point","coordinates":[-63.05708,18.03041]},"properties":{"id":"d43d3486-57d1-54a7-bdbc-cc0f1741deba","slug":null,"name":"Freedom Fighter's Ital Shack","city":"Cul-de-Sac","citySlug":"cul-de-sac-nl","cc":null,"kind":"unknown","status":"unknown","visits":1,"unnamed":false}},{"type":"Feature","geometry":{"type":"Point","coordinates":[-115.14427,36.17079]},"properties":{"id":"b89222e8-3ed3-5853-80c3-4887779a6065","slug":null,"name":"Fremont Street Experience","city":"Las Vegas","citySlug":"las-vegas-us","cc":null,"kind":"sight","status":"unknown","visits":1,"unnamed":false}},{"type":"Feature","geometry":{"type":"Point","coordinates":[-90.06869,29.95579]},"properties":{"id":"b0de7d29-c8fe-5239-ba90-481777137805","slug":null,"name":"French 75","city":"New Orleans","citySlug":"new-orleans-us","cc":null,"kind":"unknown","status":"unknown","visits":1,"unnamed":false}},{"type":"Feature","geometry":{"type":"Point","coordinates":[2.34792,48.86771]},"properties":{"id":"55c3e866-1e3b-5c1e-87c2-05e223bdf077","slug":null,"name":"Frenchie","city":"Paris","citySlug":"paris-fr","cc":null,"kind":"food","status":"unknown","visits":1,"unnamed":false}},{"type":"Feature","geometry":{"type":"Point","coordinates":[12.47066,41.89123]},"properties":{"id":"392eeae4-4db0-566b-a004-df8cc2d9237e","slug":null,"name":"Freni e Frizoni","city":"Rome","citySlug":"rome-it","cc":null,"kind":"unknown","status":"unknown","visits":1,"unnamed":false}},{"type":"Feature","geometry":{"type":"Point","coordinates":[4.88943,52.36729]},"properties":{"id":"8c9e405d-9788-5c04-a976-6b6b4e423b15","slug":null,"name":"Frens Haringhandel","city":"Amsterdam","citySlug":"amsterdam-nl","cc":null,"kind":"unknown","status":"unknown","visits":1,"unnamed":false}},{"type":"Feature","geometry":{"type":"Point","coordinates":[13.36015,38.11231]},"properties":{"id":"99a66a66-ee47-5b89-8ff8-1ec974b285bc","slug":null,"name":"Frittola","city":"Palermo","citySlug":"palermo-it","cc":null,"kind":"food","status":"unknown","visits":1,"unnamed":false}},{"type":"Feature","geometry":{"type":"Point","coordinates":[-73.57668,45.47955]},"properties":{"id":"820899c7-a322-5807-8040-dcf570156a4f","slug":null,"name":"Fromagerie du Marché Atwater","city":"Montreal","citySlug":"montreal-ca","cc":null,"kind":"unknown","status":"unknown","visits":1,"unnamed":false}},{"type":"Feature","geometry":{"type":"Point","coordinates":[121.43656,31.22106]},"properties":{"id":"798cde7f-0bbf-5a18-9aa3-9df37a548371","slug":null,"name":"Fuchun Xiaolong","city":"Jing'an District","citySlug":"jingan-district-cn","cc":null,"kind":"unknown","status":"unknown","visits":1,"unnamed":false}},{"type":"Feature","geometry":{"type":"Point","coordinates":[-70.63587,-33.43759]},"properties":{"id":"5131828f-b39d-5f00-b462-a8f1d2abdfca","slug":null,"name":"Fuente Alemana","city":"Santiago","citySlug":"santiago-cl","cc":null,"kind":"food","status":"unknown","visits":1,"unnamed":false}},{"type":"Feature","geometry":{"type":"Point","coordinates":[-74.00142,40.70648]},"properties":{"id":"85b6a07f-a683-59cb-8993-684fb5ce46cd","slug":null,"name":"Fulton Fish Market","city":"New York","citySlug":"new-york-us","cc":null,"kind":"food","status":"unknown","visits":1,"unnamed":false}},{"type":"Feature","geometry":{"type":"Point","coordinates":[12.56742,55.68448]},"properties":{"id":"614bf31c-f119-58d3-a2f2-9ae72631cf7a","slug":null,"name":"Funchs Vinstue","city":"Copenhagen","citySlug":"copenhagen-dk","cc":null,"kind":"unknown","status":"unknown","visits":1,"unnamed":false}},{"type":"Feature","geometry":{"type":"Point","coordinates":[-25.31043,37.77607]},"properties":{"id":"66961ff6-bd09-5018-bc66-f4ec5c6e05ff","slug":null,"name":"Furnas","city":"Povoação","citySlug":"povoacao-pt","cc":null,"kind":"activity","status":"unknown","visits":1,"unnamed":false}},{"type":"Feature","geometry":{"type":"Point","coordinates":[121.57747,25.0509]},"properties":{"id":"ac7aac3d-d771-5ffd-a74b-70f7a881c786","slug":null,"name":"Fuzhou Pepper Buns (pork pepper buns)","city":"Taipei","citySlug":"taipei-tw","cc":null,"kind":"unknown","status":"unknown","visits":1,"unnamed":false}},{"type":"Feature","geometry":{"type":"Point","coordinates":[-0.06021,51.52684]},"properties":{"id":"f64f97bf-686e-557a-8b77-357823325bb7","slug":null,"name":"G.Kelly","city":"Greater London","citySlug":"greater-london-gb","cc":null,"kind":"unknown","status":"unknown","visits":1,"unnamed":false}},{"type":"Feature","geometry":{"type":"Point","coordinates":[44.80657,41.6957]},"properties":{"id":"0839b442-f9f9-5681-a063-9efddcb70ca4","slug":null,"name":"Gabriadze","city":"Tbilisi","citySlug":"tbilisi-ge","cc":null,"kind":"unknown","status":"unknown","visits":1,"unnamed":false}},{"type":"Feature","geometry":{"type":"Point","coordinates":[-43.17607,-22.96247]},"properties":{"id":"f15a5b81-d614-5705-b645-e1194aa0262d","slug":null,"name":"Galeto Sat's","city":"Rio de Janeiro","citySlug":"rio-de-janeiro-br","cc":null,"kind":"food","status":"unknown","visits":1,"unnamed":false}},{"type":"Feature","geometry":{"type":"Point","coordinates":[79.84701,6.91858]},"properties":{"id":"34ec388f-1db4-5932-ad1d-7e6428e6df39","slug":null,"name":"Galle Face Green","city":"Colombo","citySlug":"colombo-lk","cc":null,"kind":"unknown","status":"unknown","visits":1,"unnamed":false}},{"type":"Feature","geometry":{"type":"Point","coordinates":[79.84599,6.9205]},"properties":{"id":"c8219c27-27b5-52a6-b99a-816b9e631eb1","slug":null,"name":"Galle Face Hotel","city":"Colombo","citySlug":"colombo-lk","cc":null,"kind":"lodging","status":"unknown","visits":1,"unnamed":false}},{"type":"Feature","geometry":{"type":"Point","coordinates":[166.66802,-77.84639]},"properties":{"id":"8e069501-eade-5e13-b663-d8985616e43f","slug":null,"name":"Galley","city":null,"citySlug":null,"cc":null,"kind":"unknown","status":"unknown","visits":1,"unnamed":false}},{"type":"Feature","geometry":{"type":"Point","coordinates":[-71.02735,42.33783]},"properties":{"id":"0165cad8-96c1-531f-9d67-f6189327ef33","slug":null,"name":"Galley Diner","city":"Boston","citySlug":"boston-us","cc":null,"kind":"food","status":"unknown","visits":1,"unnamed":false}},{"type":"Feature","geometry":{"type":"Point","coordinates":[-1.9855,43.3234]},"properties":{"id":"9466cabc-fb0d-5ac4-bc18-c792d0229e77","slug":null,"name":"Ganbara","city":"San Sebastián","citySlug":"san-sebastian-es","cc":null,"kind":"unknown","status":"unknown","visits":2,"unnamed":false}},{"type":"Feature","geometry":{"type":"Point","coordinates":[127.11487,37.49286]},"properties":{"id":"8f0112e2-199c-5ae0-bd46-7b4cb5752539","slug":null,"name":"Garak Market","city":"Seoul","citySlug":"seoul-kr","cc":null,"kind":"unknown","status":"unknown","visits":1,"unnamed":false}},{"type":"Feature","geometry":{"type":"Point","coordinates":[-80.20373,25.7774]},"properties":{"id":"bf4d1858-a2bb-5e14-96d3-b486033b7114","slug":null,"name":"Garcia's","city":"Miami","citySlug":"miami-us","cc":null,"kind":"unknown","status":"unknown","visits":1,"unnamed":false}},{"type":"Feature","geometry":{"type":"Point","coordinates":[-73.56652,45.50011]},"properties":{"id":"74d5d1b8-dbe1-5da9-8721-d5fff9a99fb4","slug":null,"name":"Gare Centrale Train Station","city":"Montreal","citySlug":"montreal-ca","cc":null,"kind":"unknown","status":"unknown","visits":1,"unnamed":false}},{"type":"Feature","geometry":{"type":"Point","coordinates":[107.77323,-7.51484]},"properties":{"id":"b080f90a-5f7b-5e20-a602-8a245be5a021","slug":null,"name":"Garut Regency","city":"Garut","citySlug":"garut-id","cc":null,"kind":"activity","status":"unknown","visits":1,"unnamed":false}},{"type":"Feature","geometry":{"type":"Point","coordinates":[-54.54514,-34.59239]},"properties":{"id":"7a92258d-abfd-53f8-bceb-5cd0e4ffc2de","slug":null,"name":"Garzon","city":"Maldonado","citySlug":"maldonado-uy","cc":null,"kind":"food","status":"unknown","visits":1,"unnamed":false}},{"type":"Feature","geometry":{"type":"Point","coordinates":[16.35018,48.20524]},"properties":{"id":"2fea7e9c-769b-50f9-842f-dc5dedc8aa9b","slug":null,"name":"Gastwirtschaft Wratschko","city":"Vienna","citySlug":"vienna-at","cc":null,"kind":"food","status":"unknown","visits":1,"unnamed":false}},{"type":"Feature","geometry":{"type":"Point","coordinates":[34.46684,31.5017]},"properties":{"id":"052022f3-b945-5fc2-b8fb-d8e4322d6428","slug":null,"name":"Gaza","city":"Gaza","citySlug":"gaza-ps","cc":null,"kind":"unknown","status":"unknown","visits":1,"unnamed":false}},{"type":"Feature","geometry":{"type":"Point","coordinates":[4.90751,52.37167]},"properties":{"id":"b715456c-e8e7-572e-b223-938ee2b72d47","slug":null,"name":"Gebr. Hartering","city":"Amsterdam","citySlug":"amsterdam-nl","cc":null,"kind":"unknown","status":"unknown","visits":1,"unnamed":false}},{"type":"Feature","geometry":{"type":"Point","coordinates":[12.46692,41.90924]},"properties":{"id":"43e815ce-440f-53af-9bcd-231f284bb920","slug":null,"name":"Gelateria dei Gracchi","city":"Rome","citySlug":"rome-it","cc":null,"kind":"unknown","status":"unknown","visits":1,"unnamed":false}},{"type":"Feature","geometry":{"type":"Point","coordinates":[19.05162,47.48374]},"properties":{"id":"83d28005-098a-55cd-9ab9-e4f4d07e071a","slug":null,"name":"Gellért Thermal Bath","city":"Budapest","citySlug":"budapest-hu","cc":null,"kind":"unknown","status":"unknown","visits":1,"unnamed":false}},{"type":"Feature","geometry":{"type":"Point","coordinates":[-74.19265,40.8087]},"properties":{"id":"05976f0d-ce0c-5964-b1f7-d7b4fb411ca8","slug":null,"name":"Gencarelli's Bakery","city":"Bloomfield","citySlug":"bloomfield-us","cc":null,"kind":"food","status":"unknown","visits":1,"unnamed":false}},{"type":"Feature","geometry":{"type":"Point","coordinates":[-73.81203,40.76473]},"properties":{"id":"4b227b72-7b59-5815-b85d-b0f0cee077e6","slug":null,"name":"Geo Si Gi","city":"New York","citySlug":"new-york-us","cc":null,"kind":"unknown","status":"unknown","visits":1,"unnamed":false}},{"type":"Feature","geometry":{"type":"Point","coordinates":[-73.95757,40.5799]},"properties":{"id":"e6f63afe-c8d4-55d1-87dc-944943233e52","slug":null,"name":"Georgian Food","city":"New York","citySlug":"new-york-us","cc":null,"kind":"food","status":"unknown","visits":1,"unnamed":false}},{"type":"Feature","geometry":{"type":"Point","coordinates":[131.35067,33.28062]},"properties":{"id":"d671f5db-8b82-5718-80f8-27e7b834eafe","slug":null,"name":"Gettouan","city":"Yufu","citySlug":"yufu-jp","cc":null,"kind":"unknown","status":"unknown","visits":1,"unnamed":false}},{"type":"Feature","geometry":{"type":"Point","coordinates":[103.86195,1.30159]},"properties":{"id":"9464a7cd-1e8e-5265-a1f0-f61df7547d3f","slug":null,"name":"Geylang Claypot Rice","city":"Singapore","citySlug":"singapore-sg","cc":null,"kind":"unknown","status":"unknown","visits":1,"unnamed":false}},{"type":"Feature","geometry":{"type":"Point","coordinates":[103.89739,1.31695]},"properties":{"id":"e95c65d2-7e21-55c2-a922-6d58fe19097e","slug":null,"name":"Geylang Serai","city":"Singapore","citySlug":"singapore-sg","cc":null,"kind":"unknown","status":"unknown","visits":1,"unnamed":false}},{"type":"Feature","geometry":{"type":"Point","coordinates":[-106.48197,36.31371]},"properties":{"id":"b411a5c5-3828-5b33-9bf7-00885a228ca5","slug":null,"name":"Ghost Ranch","city":"Rio Arriba County","citySlug":"rio-arriba-county-us","cc":null,"kind":"unknown","status":"unknown","visits":1,"unnamed":false}},{"type":"Feature","geometry":{"type":"Point","coordinates":[98.99824,18.78018]},"properties":{"id":"3b4ae574-e45e-5877-9d46-35a6966d61d3","slug":null,"name":"Gia Tod Teing Keun","city":"Chiang Mai City Municipality","citySlug":"chiang-mai-city-municipality-th","cc":null,"kind":"unknown","status":"unknown","visits":1,"unnamed":false}},{"type":"Feature","geometry":{"type":"Point","coordinates":[-73.65684,45.4957]},"properties":{"id":"d9c0423d-de7a-5a91-bd2c-5c153c602d93","slug":null,"name":"Gibeau Orange Julep","city":"Montreal","citySlug":"montreal-ca","cc":null,"kind":"unknown","status":"unknown","visits":1,"unnamed":false}},{"type":"Feature","geometry":{"type":"Point","coordinates":[139.76114,35.67133]},"properties":{"id":"eccaee4d-5096-53ca-aef9-937f2836a688","slug":null,"name":"Ginza Sushi Ko Honten","city":"Chuo","citySlug":"chuo-jp","cc":null,"kind":"unknown","status":"unknown","visits":1,"unnamed":false}},{"type":"Feature","geometry":{"type":"Point","coordinates":[-87.64795,41.88417]},"properties":{"id":"ee920ef5-5ccc-51de-9c52-fb93d5c49a4b","slug":null,"name":"Girl & The Goat","city":"Chicago","citySlug":"chicago-us","cc":null,"kind":"unknown","status":"unknown","visits":1,"unnamed":false}},{"type":"Feature","geometry":{"type":"Point","coordinates":[-118.33016,34.0401]},"properties":{"id":"5c8e1eb3-f38c-5878-bf7c-077f6116888b","slug":null,"name":"Gish Bac","city":"Los Angeles","citySlug":"los-angeles-us","cc":null,"kind":"unknown","status":"unknown","visits":1,"unnamed":false}},{"type":"Feature","geometry":{"type":"Point","coordinates":[12.5759,41.85673]},"properties":{"id":"fda69af4-a58e-58b8-bee2-fd6235ddc805","slug":null,"name":"Gladiators","city":"Rome","citySlug":"rome-it","cc":null,"kind":"unknown","status":"unknown","visits":1,"unnamed":false}},{"type":"Feature","geometry":{"type":"Point","coordinates":[-91.92235,30.30776]},"properties":{"id":"3e39ae76-1df6-57da-9d17-092354b51f29","slug":null,"name":"Glenda's Creole Kitchen Restaurant","city":"Saint Martin Parish","citySlug":"saint-martin-parish-us","cc":null,"kind":"food","status":"unknown","visits":1,"unnamed":false}},{"type":"Feature","geometry":{"type":"Point","coordinates":[-73.95052,40.67242]},"properties":{"id":"506bd4dc-c406-5c2f-b95d-38851144a8c2","slug":null,"name":"Gloria's Caribbean Cuisine","city":"New York","citySlug":"new-york-us","cc":null,"kind":"food","status":"unknown","visits":1,"unnamed":false}},{"type":"Feature","geometry":{"type":"Point","coordinates":[-72.91678,11.53842]},"properties":{"id":"18f8ef21-e790-5db5-bc7a-ceaad018e7cd","slug":null,"name":"Goat vendor","city":"Riohacha","citySlug":"riohacha-co","cc":null,"kind":"unknown","status":"unknown","visits":1,"unnamed":false}},{"type":"Feature","geometry":{"type":"Point","coordinates":[151.20454,-33.87797]},"properties":{"id":"ab1a99d4-0f0f-5211-a56e-ed7179a9cbc0","slug":null,"name":"Golden Century Seafood Restaurant","city":"Sydney","citySlug":"sydney-au","cc":null,"kind":"food","status":"unknown","visits":1,"unnamed":false}},{"type":"Feature","geometry":{"type":"Point","coordinates":[74.87647,31.61996]},"properties":{"id":"6ab5d11e-8c8e-50d6-86a4-551af370f50c","slug":null,"name":"Golden Temple","city":"Amritsar","citySlug":"amritsar-in","cc":null,"kind":"unknown","status":"unknown","visits":1,"unnamed":false}},{"type":"Feature","geometry":{"type":"Point","coordinates":[-76.94237,18.41154]},"properties":{"id":"d3df1550-91ec-59b8-bc64-bf789c0cb753","slug":null,"name":"GoldenEye","city":"Oracabessa","citySlug":"oracabessa-jm","cc":null,"kind":"unknown","status":"unknown","visits":1,"unnamed":false}},{"type":"Feature","geometry":{"type":"Point","coordinates":[103.83455,1.30845]},"properties":{"id":"9e5e8b79-bc1f-524c-a7d4-b2ffd275c547","slug":null,"name":"Goodwood Park Hotel","city":"Singapore","citySlug":"singapore-sg","cc":null,"kind":"unknown","status":"unknown","visits":1,"unnamed":false}},{"type":"Feature","geometry":{"type":"Point","coordinates":[37.75325,55.50706]},"properties":{"id":"84b2d610-e2ba-5b31-95f9-6dec859d68f1","slug":null,"name":"Gorki","city":"Gorki","citySlug":"gorki-ru","cc":null,"kind":"market","status":"unknown","visits":1,"unnamed":false}},{"type":"Feature","geometry":{"type":"Point","coordinates":[135.5136,34.6488]},"properties":{"id":"26a194bc-c26a-5ac1-9490-58cba842cc17","slug":null,"name":"Gosakudon","city":"Osaka","citySlug":"osaka-jp","cc":null,"kind":"food","status":"unknown","visits":1,"unnamed":false}},{"type":"Feature","geometry":{"type":"Point","coordinates":[-97.75479,30.24966]},"properties":{"id":"54bd9162-8be8-51a5-9e02-990948bf7264","slug":null,"name":"Gourdough's Big. Fat. Donuts.","city":"Austin","citySlug":"austin-us","cc":null,"kind":"food","status":"unknown","visits":1,"unnamed":false}},{"type":"Feature","geometry":{"type":"Point","coordinates":[-43.30472,-23.01337]},"properties":{"id":"eb722484-0ae5-5856-a256-b83fa37c8aeb","slug":null,"name":"Gracie Barra Rio Matriz","city":"Rio de Janeiro","citySlug":"rio-de-janeiro-br","cc":null,"kind":"activity","status":"unknown","visits":1,"unnamed":false}},{"type":"Feature","geometry":{"type":"Point","coordinates":[-1.85077,48.67689]},"properties":{"id":"15aac213-5c73-564e-8b7e-f8ff4763a295","slug":null,"name":"Grain de Vanille","city":"Cancale","citySlug":"cancale-fr","cc":null,"kind":"food","status":"unknown","visits":1,"unnamed":false}},{"type":"Feature","geometry":{"type":"Point","coordinates":[103.83331,1.30649]},"properties":{"id":"a5a345da-8d9d-562f-bc1f-420d5980869e","slug":null,"name":"Grand Hyatt Singapore","city":"Singapore","citySlug":"singapore-sg","cc":null,"kind":"lodging","status":"unknown","visits":2,"unnamed":false}},{"type":"Feature","geometry":{"type":"Point","coordinates":[113.54338,22.1909]},"properties":{"id":"68316809-1695-53ac-85fb-6700fefccfaa","slug":null,"name":"Grand Lisboa hotel","city":"Macau","citySlug":"macau-cn","cc":null,"kind":"activity","status":"unknown","visits":1,"unnamed":false}},{"type":"Feature","geometry":{"type":"Point","coordinates":[-5.81314,35.78433]},"properties":{"id":"2a7cc4b2-ca20-5114-afb6-9f1cedcd3704","slug":null,"name":"Grand Socco","city":"Tangier","citySlug":"tangier-ma","cc":null,"kind":"unknown","status":"unknown","visits":1,"unnamed":false}},{"type":"Feature","geometry":{"type":"Point","coordinates":[34.84097,-19.84724]},"properties":{"id":"9d424c80-e1dc-563a-9aee-663dc2fed5dc","slug":null,"name":"Grande Hotel","city":"Beira","citySlug":"beira-mz","cc":null,"kind":"sight","status":"unknown","visits":1,"unnamed":false}},{"type":"Feature","geometry":{"type":"Point","coordinates":[-79.97054,40.44869]},"properties":{"id":"f079c647-5c66-5487-8abd-531440a8e7c0","slug":null,"name":"Grandma B's","city":"Pittsburgh","citySlug":"pittsburgh-us","cc":null,"kind":"unknown","status":"unknown","visits":1,"unnamed":false}},{"type":"Feature","geometry":{"type":"Point","coordinates":[-73.99062,40.75561]},"properties":{"id":"bf0fcad4-5fb2-5cf8-aae2-98209e712c62","slug":null,"name":"Gray's Papaya","city":"New York","citySlug":"new-york-us","cc":null,"kind":"food","status":"unknown","visits":1,"unnamed":false}},{"type":"Feature","geometry":{"type":"Point","coordinates":[-82.9753,42.42725]},"properties":{"id":"ac8f82b9-927d-5760-b6af-f37cdc37e2a0","slug":null,"name":"Greedy Greg's Soul Food","city":"Detroit","citySlug":"detroit-us","cc":null,"kind":"unknown","status":"unknown","visits":1,"unnamed":false}},{"type":"Feature","geometry":{"type":"Point","coordinates":[-94.89263,39.41801]},"properties":{"id":"0b89e42c-a5f8-53a8-b636-e77add4f5ab3","slug":null,"name":"Green Dirt Farm Creamery","city":"Weston","citySlug":"weston-us","cc":null,"kind":"activity","status":"unknown","visits":1,"unnamed":false}},{"type":"Feature","geometry":{"type":"Point","coordinates":[-77.37441,18.46069]},"properties":{"id":"cef12518-fe7d-5a20-8dae-90ea8cb92dbc","slug":null,"name":"Green Grotto Caves","city":"Discovery Bay","citySlug":"discovery-bay-jm","cc":null,"kind":"sight","status":"unknown","visits":1,"unnamed":false}},{"type":"Feature","geometry":{"type":"Point","coordinates":[-72.59941,42.58792]},"properties":{"id":"2828f204-9af6-50c9-985c-124e0b702f64","slug":null,"name":"Greenfield","city":"Greenfield","citySlug":"greenfield-us","cc":null,"kind":"unknown","status":"unknown","visits":1,"unnamed":false}},{"type":"Feature","geometry":{"type":"Point","coordinates":[149.49549,-35.26075]},"properties":{"id":"f5b4eebf-1414-5f70-bdc8-bbf2f37a6046","slug":null,"name":"Greenhill Farm","city":"Bungendore","citySlug":"bungendore-au","cc":null,"kind":"activity","status":"unknown","visits":1,"unnamed":false}},{"type":"Feature","geometry":{"type":"Point","coordinates":[-75.15008,39.95098]},"properties":{"id":"28e8ae69-a9b6-52e8-9096-25dae99906ea","slug":null,"name":"Grim Philly Twilight Tours","city":"Philadelphia","citySlug":"philadelphia-us","cc":null,"kind":"unknown","status":"unknown","visits":1,"unnamed":false}},{"type":"Feature","geometry":{"type":"Point","coordinates":[13.31783,52.50101]},"properties":{"id":"c82f5808-a0aa-52e6-81ea-1d07ab696640","slug":null,"name":"Grosz","city":"Berlin","citySlug":"berlin-de","cc":null,"kind":"unknown","status":"closed","visits":1,"unnamed":false}},{"type":"Feature","geometry":{"type":"Point","coordinates":[-73.59223,45.47384]},"properties":{"id":"3f6f1522-21c4-5a8c-ac90-cc2528364460","slug":null,"name":"Grumman'78","city":"Montreal","citySlug":"montreal-ca","cc":null,"kind":"unknown","status":"unknown","visits":1,"unnamed":false}},{"type":"Feature","geometry":{"type":"Point","coordinates":[103.90122,1.31328]},"properties":{"id":"a80bc388-a4f6-5ae5-a61d-1ea301d52190","slug":null,"name":"Guan Hoe Soon Restaurant","city":"Singapore","citySlug":"singapore-sg","cc":null,"kind":"unknown","status":"unknown","visits":1,"unnamed":false}},{"type":"Feature","geometry":{"type":"Point","coordinates":[-9.5757,51.51916]},"properties":{"id":"1740ce3d-e474-58f0-a371-6c936b478ab0","slug":null,"name":"Gubbeen Farm House Products Limited","city":"West Cork","citySlug":"west-cork-ie","cc":null,"kind":"activity","status":"unknown","visits":1,"unnamed":false}},{"type":"Feature","geometry":{"type":"Point","coordinates":[-80.5763,32.3973]},"properties":{"id":"da0096e7-832c-543f-8229-28661303a066","slug":null,"name":"Gullah Grub Restaurant","city":"Beaufort County","citySlug":"beaufort-county-us","cc":null,"kind":"food","status":"unknown","visits":1,"unnamed":false}},{"type":"Feature","geometry":{"type":"Point","coordinates":[44.51486,40.16757]},"properties":{"id":"353683a9-3bad-578d-b4fb-e31b38fce3ba","slug":null,"name":"Gum Market","city":"Yerevan","citySlug":"yerevan-am","cc":null,"kind":"unknown","status":"unknown","visits":1,"unnamed":false}},{"type":"Feature","geometry":{"type":"Point","coordinates":[-122.34037,47.60843]},"properties":{"id":"cc44cf9f-c407-52f7-bc3d-ed8d8b2ebfdf","slug":null,"name":"Gum Wall","city":"Seattle","citySlug":"seattle-us","cc":null,"kind":"unknown","status":"unknown","visits":1,"unnamed":false}},{"type":"Feature","geometry":{"type":"Point","coordinates":[-63.12246,18.0695]},"properties":{"id":"fecd241a-5b83-548a-8d36-df802b943911","slug":null,"name":"Gus's Beach Bar","city":"Marigot","citySlug":"marigot-fr","cc":null,"kind":"unknown","status":"unknown","visits":1,"unnamed":false}},{"type":"Feature","geometry":{"type":"Point","coordinates":[16.69653,47.91205]},"properties":{"id":"543dc5fd-faaa-5881-ba88-2aaa0e993712","slug":null,"name":"Gut Purbach","city":"Purbach am Neusiedler See","citySlug":"purbach-am-neusiedler-see-at","cc":null,"kind":"food","status":"unknown","visits":1,"unnamed":false}},{"type":"Feature","geometry":{"type":"Point","coordinates":[126.99934,37.57015]},"properties":{"id":"4ddfc9fe-49e6-553a-850a-c1d87c0ef54a","slug":null,"name":"Gwangjang Market","city":"Seoul","citySlug":"seoul-kr","cc":null,"kind":"unknown","status":"unknown","visits":1,"unnamed":false}},{"type":"Feature","geometry":{"type":"Point","coordinates":[107.04481,20.9712]},"properties":{"id":"97ed392e-8964-5f02-bf9e-41135bbcbda2","slug":null,"name":"Hạ Long","city":"Bai Chay Ward","citySlug":"bai-chay-ward-vn","cc":null,"kind":"sight","status":"unknown","visits":1,"unnamed":false}},{"type":"Feature","geometry":{"type":"Point","coordinates":[107.04481,20.9712]},"properties":{"id":"e0d75f55-60b8-5735-87eb-8aa8ddbcee26","slug":null,"name":"Hạ Long Bay","city":"Bai Chay Ward","citySlug":"bai-chay-ward-vn","cc":null,"kind":"unknown","status":"unknown","visits":1,"unnamed":false}},{"type":"Feature","geometry":{"type":"Point","coordinates":[51.68371,32.66773]},"properties":{"id":"edef901e-2899-5a89-8108-92dd1b3da78d","slug":null,"name":"Haaj Mahmoud Shefa'at Beryani","city":"Isfahan","citySlug":"isfahan-ir","cc":null,"kind":"unknown","status":"unknown","visits":1,"unnamed":false}},{"type":"Feature","geometry":{"type":"Point","coordinates":[6.9377,50.92958]},"properties":{"id":"3730ce2e-eead-5010-89e9-4358754c45d6","slug":null,"name":"Habibi Köln","city":"Cologne","citySlug":"cologne-de","cc":null,"kind":"unknown","status":"unknown","visits":1,"unnamed":false}},{"type":"Feature","geometry":{"type":"Point","coordinates":[139.71456,35.66129]},"properties":{"id":"3d3d6305-fffa-52ab-b3b4-a1c2e2159583","slug":null,"name":"HACHI","city":"Minato","citySlug":"minato-jp","cc":null,"kind":"food","status":"unknown","visits":1,"unnamed":false}},{"type":"Feature","geometry":{"type":"Point","coordinates":[-3.548,38.15146]},"properties":{"id":"9490c7fc-05a1-5760-bca5-763cebed65bc","slug":null,"name":"Hacienda La Marquesa","city":"Vilches","citySlug":"vilches-es","cc":null,"kind":"unknown","status":"unknown","visits":1,"unnamed":false}},{"type":"Feature","geometry":{"type":"Point","coordinates":[-1.98225,43.32347]},"properties":{"id":"47beea2e-0ce2-5f79-8ff3-fdc4d87833f1","slug":null,"name":"Haizea","city":"San Sebastián","citySlug":"san-sebastian-es","cc":null,"kind":"food","status":"unknown","visits":1,"unnamed":false}},{"type":"Feature","geometry":{"type":"Point","coordinates":[144.99602,-37.91557]},"properties":{"id":"a59ea576-ca1f-52d6-a7e4-f55a9e001c66","slug":null,"name":"Half Moon","city":"Brighton","citySlug":"brighton-au","cc":null,"kind":"food","status":"unknown","visits":1,"unnamed":false}},{"type":"Feature","geometry":{"type":"Point","coordinates":[-118.29588,34.06382]},"properties":{"id":"0a6428f3-8348-5a75-9903-5362c81377c6","slug":null,"name":"Ham Ji Park","city":"Los Angeles","citySlug":"los-angeles-us","cc":null,"kind":"unknown","status":"unknown","visits":1,"unnamed":false}},{"type":"Feature","geometry":{"type":"Point","coordinates":[-75.14364,39.94849]},"properties":{"id":"46e0acaa-62f1-5c39-8c31-3edaa4ce966d","slug":null,"name":"Han Dynasty - Old City","city":"Philadelphia","citySlug":"philadelphia-us","cc":null,"kind":"unknown","status":"unknown","visits":1,"unnamed":false}},{"type":"Feature","geometry":{"type":"Point","coordinates":[105.28505,11.2639]},"properties":{"id":"3f716f93-ba22-59db-9b53-c6f21ff81371","slug":null,"name":"Hang Meas Hotel & Restaurant","city":"Neak Loeung","citySlug":"neak-loeung-kh","cc":null,"kind":"unknown","status":"unknown","visits":1,"unnamed":false}},{"type":"Feature","geometry":{"type":"Point","coordinates":[105.82014,21.00312]},"properties":{"id":"b172da2a-f665-59d2-9fad-afbee88c18f6","slug":null,"name":"Hanoi","city":"Hà Nội","citySlug":"ha-noi-vn","cc":null,"kind":"unknown","status":"unknown","visits":1,"unnamed":false}},{"type":"Feature","geometry":{"type":"Point","coordinates":[105.83416,21.02776]},"properties":{"id":"84f809e6-03a4-5de3-a11a-335f31592422","slug":null,"name":"Hanoi Food Stand","city":"Hà Nội","citySlug":"ha-noi-vn","cc":null,"kind":"food","status":"unknown","visits":1,"unnamed":false}},{"type":"Feature","geometry":{"type":"Point","coordinates":[-90.10587,29.91689]},"properties":{"id":"06a1fca7-d22b-5d06-a237-488e9d125c4e","slug":null,"name":"Hansen's Sno-Bliz","city":"New Orleans","citySlug":"new-orleans-us","cc":null,"kind":"unknown","status":"unknown","visits":1,"unnamed":false}},{"type":"Feature","geometry":{"type":"Point","coordinates":[135.36146,34.72154]},"properties":{"id":"2a14c424-9da3-5f3a-b7d0-1341ce43c31b","slug":null,"name":"Hanshin Koshien Stadium","city":"Nishinomiya","citySlug":"nishinomiya-jp","cc":null,"kind":"sight","status":"unknown","visits":1,"unnamed":false}},{"type":"Feature","geometry":{"type":"Point","coordinates":[-61.4099,12.59362]},"properties":{"id":"63e6f7a3-bef1-53ae-96a5-c78de8db0e26","slug":null,"name":"Happy Island","city":"Big Sands","citySlug":"big-sands-vc","cc":null,"kind":"food","status":"unknown","visits":1,"unnamed":false}},{"type":"Feature","geometry":{"type":"Point","coordinates":[114.15187,22.28269]},"properties":{"id":"004b4e19-2de4-5d3a-bda6-5b1607927e33","slug":null,"name":"Happy Paradise","city":"Hong Kong","citySlug":"hong-kong-cn","cc":null,"kind":"unknown","status":"unknown","visits":1,"unnamed":false}},{"type":"Feature","geometry":{"type":"Point","coordinates":[-87.67451,41.90128]},"properties":{"id":"bf16dfd0-0d39-5850-833b-540a1771c0c9","slug":null,"name":"Happy Village","city":"Chicago","citySlug":"chicago-us","cc":null,"kind":"unknown","status":"unknown","visits":1,"unnamed":false}},{"type":"Feature","geometry":{"type":"Point","coordinates":[-75.17121,39.92842]},"properties":{"id":"36323708-5e26-5e47-8363-6c2421ddab51","slug":null,"name":"Hardena","city":"Philadelphia","citySlug":"philadelphia-us","cc":null,"kind":"unknown","status":"unknown","visits":1,"unnamed":false}},{"type":"Feature","geometry":{"type":"Point","coordinates":[151.19989,-33.87498]},"properties":{"id":"66d9773d-8d46-5e1c-8cab-3bd811a24ede","slug":null,"name":"Harry's Cafe de Wheels - Darling Harbour","city":"Sydney","citySlug":"sydney-au","cc":null,"kind":"unknown","status":"unknown","visits":1,"unnamed":false}},{"type":"Feature","geometry":{"type":"Point","coordinates":[151.2212,-33.86924]},"properties":{"id":"c322f61a-badc-55b8-b8d6-13ec5f7f8671","slug":null,"name":"Harry's Cafe de Wheels - Woolloomooloo","city":"Sydney","citySlug":"sydney-au","cc":null,"kind":"food","status":"unknown","visits":1,"unnamed":false}},{"type":"Feature","geometry":{"type":"Point","coordinates":[13.41926,52.50093]},"properties":{"id":"a8260344-0ebc-555a-a917-899070ba6426","slug":null,"name":"Hasir","city":"Berlin","citySlug":"berlin-de","cc":null,"kind":"market","status":"unknown","visits":1,"unnamed":false}},{"type":"Feature","geometry":{"type":"Point","coordinates":[-0.13185,51.51435]},"properties":{"id":"057a9623-c6d6-5436-9c94-334197ad9fbd","slug":null,"name":"Hazlitt's","city":"City of Westminster","citySlug":"city-of-westminster-gb","cc":null,"kind":"lodging","status":"unknown","visits":1,"unnamed":false}},{"type":"Feature","geometry":{"type":"Point","coordinates":[-90.07156,29.94732]},"properties":{"id":"48eef643-85c3-558d-9d4b-ad014dc71841","slug":null,"name":"Herbsaint","city":"New Orleans","citySlug":"new-orleans-us","cc":null,"kind":"food","status":"unknown","visits":2,"unnamed":false}},{"type":"Feature","geometry":{"type":"Point","coordinates":[-79.87722,40.40783]},"properties":{"id":"038fc74f-6e53-54f5-a990-9e1c06043f7b","slug":null,"name":"Hidy's Cafe","city":"Rankin","citySlug":"rankin-us","cc":null,"kind":"unknown","status":"unknown","visits":1,"unnamed":false}},{"type":"Feature","geometry":{"type":"Point","coordinates":[136.66699,36.5725]},"properties":{"id":"c2e86497-37ce-56b2-8ff5-21d292da6614","slug":null,"name":"Higashi Chaya District","city":"Kanazawa","citySlug":"kanazawa-jp","cc":null,"kind":"unknown","status":"unknown","visits":1,"unnamed":false}},{"type":"Feature","geometry":{"type":"Point","coordinates":[135.76558,35.01031]},"properties":{"id":"80bd2d62-3d97-53e5-943e-2db5e13542a5","slug":null,"name":"Hiiragiya","city":"Kyoto","citySlug":"kyoto-jp","cc":null,"kind":"food","status":"unknown","visits":1,"unnamed":false}},{"type":"Feature","geometry":{"type":"Point","coordinates":[28.04962,-26.19364]},"properties":{"id":"cfd4ddcf-c480-54cf-9291-aaf6158823da","slug":null,"name":"Hillbrow","city":"Johannesburg Ward 123","citySlug":"johannesburg-ward-123-za","cc":null,"kind":"unknown","status":"unknown","visits":1,"unnamed":false}},{"type":"Feature","geometry":{"type":"Point","coordinates":[99.24756,18.75577]},"properties":{"id":"66db8484-3e42-5a39-83cf-7a3671a4a7e8","slug":null,"name":"Him Tang Pig's Blood Soup","city":"Ban On Klang","citySlug":"ban-on-klang-th","cc":null,"kind":"unknown","status":"unknown","visits":1,"unnamed":false}},{"type":"Feature","geometry":{"type":"Point","coordinates":[83.93106,28.59832]},"properties":{"id":"00a33d53-d188-5dc3-9bac-98583b7de930","slug":null,"name":"Himalayas","city":"Annapurna","citySlug":"annapurna-np","cc":null,"kind":"activity","status":"unknown","visits":1,"unnamed":false}},{"type":"Feature","geometry":{"type":"Point","coordinates":[-73.97477,40.84161]},"properties":{"id":"5bc202f6-b21e-535e-b181-5aca7baebe01","slug":null,"name":"Hiram's","city":"Fort Lee","citySlug":"fort-lee-us","cc":null,"kind":"food","status":"unknown","visits":2,"unnamed":false}},{"type":"Feature","geometry":{"type":"Point","coordinates":[103.89785,1.31555]},"properties":{"id":"5bc704cf-bc31-54c5-9b78-e769fb65a7bb","slug":null,"name":"Hjh Maimunah Restaurant & Catering Pte Ltd","city":"Singapore","citySlug":"singapore-sg","cc":null,"kind":"unknown","status":"unknown","visits":1,"unnamed":false}},{"type":"Feature","geometry":{"type":"Point","coordinates":[-46.62939,-23.54177]},"properties":{"id":"34e8de42-b782-538b-98b5-b371833a9e30","slug":null,"name":"Hocca Bar - Mercadão","city":"São Paulo","citySlug":"sao-paulo-br","cc":null,"kind":"unknown","status":"unknown","visits":1,"unnamed":false}},{"type":"Feature","geometry":{"type":"Point","coordinates":[-6.2646,53.34198]},"properties":{"id":"41543d20-c487-5418-86fb-1d1525c0eae1","slug":null,"name":"Hogans","city":"Dublin","citySlug":"dublin-ie","cc":null,"kind":"unknown","status":"unknown","visits":1,"unnamed":false}},{"type":"Feature","geometry":{"type":"Point","coordinates":[-84.39024,33.81598]},"properties":{"id":"1c198767-157f-55f3-b330-3c9006f84ebd","slug":null,"name":"Holeman and Finch Public House","city":"Atlanta","citySlug":"atlanta-us","cc":null,"kind":"unknown","status":"unknown","visits":1,"unnamed":false}},{"type":"Feature","geometry":{"type":"Point","coordinates":[-73.99367,40.75672]},"properties":{"id":"401da8ae-6c94-5997-a062-6b3969398d13","slug":null,"name":"Holland Bar","city":"New York","citySlug":"new-york-us","cc":null,"kind":"food","status":"unknown","visits":1,"unnamed":false}},{"type":"Feature","geometry":{"type":"Point","coordinates":[-84.35588,33.74668]},"properties":{"id":"bf680052-aea7-5151-8361-85202ed21e94","slug":null,"name":"Home grown GA Restaurant","city":"Atlanta","citySlug":"atlanta-us","cc":null,"kind":"unknown","status":"unknown","visits":1,"unnamed":false}},{"type":"Feature","geometry":{"type":"Point","coordinates":[-79.94683,32.78885]},"properties":{"id":"55ff028f-896f-5043-b8fb-e5f833ce1fbe","slug":null,"name":"Hominy Grill","city":"Charleston","citySlug":"charleston-us","cc":null,"kind":"food","status":"unknown","visits":1,"unnamed":false}},{"type":"Feature","geometry":{"type":"Point","coordinates":[114.18071,22.27227]},"properties":{"id":"69f58f7a-3b8f-530c-bf59-1f3dbaa2188f","slug":null,"name":"Hong Kong Jockey Club Happy Valley Racecourse","city":"Hong Kong","citySlug":"hong-kong-cn","cc":null,"kind":"activity","status":"unknown","visits":1,"unnamed":false}},{"type":"Feature","geometry":{"type":"Point","coordinates":[135.50636,34.65027]},"properties":{"id":"22559588-3c8a-5b51-96ff-a33937da3753","slug":null,"name":"Honke hormone dojo","city":"Osaka","citySlug":"osaka-jp","cc":null,"kind":"food","status":"unknown","visits":1,"unnamed":false}},{"type":"Feature","geometry":{"type":"Point","coordinates":[139.73104,35.66347]},"properties":{"id":"0bf14fde-c5f7-544a-ad89-7bc82bf86a12","slug":null,"name":"Honmura An","city":"Minato","citySlug":"minato-jp","cc":null,"kind":"unknown","status":"unknown","visits":1,"unnamed":false}},{"type":"Feature","geometry":{"type":"Point","coordinates":[-73.99889,40.71445]},"properties":{"id":"7cd24ca2-caaf-57c0-ab42-74522fd65312","slug":null,"name":"Hop Kee","city":"New York","citySlug":"new-york-us","cc":null,"kind":"food","status":"unknown","visits":1,"unnamed":false}},{"type":"Feature","geometry":{"type":"Point","coordinates":[-106.02007,35.63286]},"properties":{"id":"fe7e7b5b-a29e-5fa1-8d65-0ab5854618d5","slug":null,"name":"Horseman's Haven Cafe","city":"Santa Fe","citySlug":"santa-fe-us","cc":null,"kind":"unknown","status":"unknown","visits":1,"unnamed":false}},{"type":"Feature","geometry":{"type":"Point","coordinates":[-79.3959,43.64907]},"properties":{"id":"a96c37b8-28ca-5c69-adad-72e8bf71822a","slug":null,"name":"Horseshoe Tavern","city":"Toronto","citySlug":"toronto-ca","cc":null,"kind":"unknown","status":"unknown","visits":1,"unnamed":false}},{"type":"Feature","geometry":{"type":"Point","coordinates":[136.60563,36.61299]},"properties":{"id":"1e5b58ee-896a-5838-b992-d07604d8d723","slug":null,"name":"Hosho Sushi","city":"Kanazawa","citySlug":"kanazawa-jp","cc":null,"kind":"food","status":"unknown","visits":1,"unnamed":false}},{"type":"Feature","geometry":{"type":"Point","coordinates":[-87.69814,41.94267]},"properties":{"id":"908b78d3-ce25-582e-9712-b36efd93072d","slug":null,"name":"Hot Doug's","city":"Chicago","citySlug":"chicago-us","cc":null,"kind":"food","status":"unknown","visits":1,"unnamed":false}},{"type":"Feature","geometry":{"type":"Point","coordinates":[-81.56531,41.45704]},"properties":{"id":"435df1a1-971f-5ae1-a670-a3a997ea7b84","slug":null,"name":"Hot Sauce Williams Barbecue","city":"Cleveland","citySlug":"cleveland-us","cc":null,"kind":"food","status":"unknown","visits":1,"unnamed":false}},{"type":"Feature","geometry":{"type":"Point","coordinates":[-0.12631,51.47969]},"properties":{"id":"12508b30-ce6f-51c6-b242-38cf54d54db9","slug":null,"name":"Hot Stuff","city":"Greater London","citySlug":"greater-london-gb","cc":null,"kind":"unknown","status":"unknown","visits":1,"unnamed":false}},{"type":"Feature","geometry":{"type":"Point","coordinates":[2.33942,48.87964]},"properties":{"id":"849a7d52-3e15-5612-a45c-6ee569d37a8b","slug":null,"name":"Hôtel Amour","city":"Paris","citySlug":"paris-fr","cc":null,"kind":"unknown","status":"unknown","visits":1,"unnamed":false}},{"type":"Feature","geometry":{"type":"Point","coordinates":[79.85291,6.902]},"properties":{"id":"7151116b-9561-500f-a230-84bbad06cf3f","slug":null,"name":"Hotel De Pilawoos","city":"Colombo","citySlug":"colombo-lk","cc":null,"kind":"food","status":"unknown","visits":1,"unnamed":false}},{"type":"Feature","geometry":{"type":"Point","coordinates":[-122.40494,37.79027]},"properties":{"id":"cec09e45-1176-5f1b-b724-9dd55ef4c17d","slug":null,"name":"Hotel Des Arts","city":"San Francisco","citySlug":"san-francisco-us","cc":null,"kind":"unknown","status":"unknown","visits":1,"unnamed":false}},{"type":"Feature","geometry":{"type":"Point","coordinates":[6.91935,46.01949]},"properties":{"id":"81202529-fc20-505e-ab5a-cc4a68a4db59","slug":null,"name":"Hôtel du Buet","city":"Vallorcine","citySlug":"vallorcine-fr","cc":null,"kind":"unknown","status":"unknown","visits":1,"unnamed":false}},{"type":"Feature","geometry":{"type":"Point","coordinates":[12.48787,41.90556]},"properties":{"id":"ba0954d7-8c6a-50d2-95c9-0dd5a1aff1a7","slug":null,"name":"Hotel Majestic","city":"Rome","citySlug":"rome-it","cc":null,"kind":"food","status":"unknown","visits":1,"unnamed":false}},{"type":"Feature","geometry":{"type":"Point","coordinates":[-72.33774,18.52968]},"properties":{"id":"93d2c228-9f17-5221-af4e-f052734ccb5e","slug":null,"name":"Hôtel Oloffson","city":"Port-au-Prince Arrondissement","citySlug":"port-au-prince-arrondissement-ht","cc":null,"kind":"lodging","status":"unknown","visits":1,"unnamed":false}},{"type":"Feature","geometry":{"type":"Point","coordinates":[2.33534,48.88787]},"properties":{"id":"dd74356a-9d18-573a-ae23-3a23af9cb2c9","slug":null,"name":"Hôtel Particulier Montmartre","city":"Paris","citySlug":"paris-fr","cc":null,"kind":"unknown","status":"unknown","visits":1,"unnamed":false}},{"type":"Feature","geometry":{"type":"Point","coordinates":[-97.73092,18.88377]},"properties":{"id":"647d9800-24e5-5904-8e51-6c4c9264335c","slug":null,"name":"Hotel San Francisco","city":"Tecamachalco","citySlug":"tecamachalco-mx","cc":null,"kind":"unknown","status":"unknown","visits":1,"unnamed":false}},{"type":"Feature","geometry":{"type":"Point","coordinates":[-46.66684,-23.58167]},"properties":{"id":"0099b55b-1598-52f4-bc13-e0dc0dd60633","slug":null,"name":"Hotel Unique","city":"São Paulo","citySlug":"sao-paulo-br","cc":null,"kind":"unknown","status":"unknown","visits":1,"unnamed":false}},{"type":"Feature","geometry":{"type":"Point","coordinates":[-122.42254,37.79345]},"properties":{"id":"695d65d1-a2da-557e-969f-1ecffd187340","slug":null,"name":"House of Prime Rib","city":"San Francisco","citySlug":"san-francisco-us","cc":null,"kind":"food","status":"unknown","visits":1,"unnamed":false}},{"type":"Feature","geometry":{"type":"Point","coordinates":[-97.92338,19.31849]},"properties":{"id":"183c477d-cf1d-56ad-811c-dc338ce87d18","slug":null,"name":"Huamantla","city":"Huamantla","citySlug":"huamantla-mx","cc":null,"kind":"sight","status":"unknown","visits":1,"unnamed":false}},{"type":"Feature","geometry":{"type":"Point","coordinates":[104.04567,30.65951]},"properties":{"id":"3d029a81-0da3-59c5-9220-ac51505a00b5","slug":null,"name":"Huangcheng Laoma Hot Pot","city":"Qingyang District","citySlug":"qingyang-district-cn","cc":null,"kind":"food","status":"unknown","visits":1,"unnamed":false}},{"type":"Feature","geometry":{"type":"Point","coordinates":[114.85518,23.30502]},"properties":{"id":"f48862e1-2a4e-5be9-99a1-2cc1cb9b4050","slug":null,"name":"Huanglongshi","city":"叶西村","citySlug":"-cn","cc":null,"kind":"sight","status":"unknown","visits":1,"unnamed":false}},{"type":"Feature","geometry":{"type":"Point","coordinates":[-73.79839,42.37886]},"properties":{"id":"40535076-07d0-5c23-a3d2-c260a45281d1","slug":null,"name":"Hudson River","city":"Town of New Baltimore","citySlug":"town-of-new-baltimore-us","cc":null,"kind":"food","status":"unknown","visits":1,"unnamed":false}},{"type":"Feature","geometry":{"type":"Point","coordinates":[2.32775,48.83224]},"properties":{"id":"7cb4076b-1ab4-5f32-8d8f-72c6eceafc16","slug":null,"name":"Hugo Desnoyer","city":"Paris","citySlug":"paris-fr","cc":null,"kind":"market","status":"unknown","visits":1,"unnamed":false}},{"type":"Feature","geometry":{"type":"Point","coordinates":[114.17383,22.27788]},"properties":{"id":"c0139b2a-66c6-5bfd-9dab-e1e1fe61ed89","slug":null,"name":"Hui Lau Shan","city":"Hong Kong","citySlug":"hong-kong-cn","cc":null,"kind":"unknown","status":"unknown","visits":1,"unnamed":false}},{"type":"Feature","geometry":{"type":"Point","coordinates":[-17.52889,14.74584]},"properties":{"id":"c36b6af7-cc3a-5707-bc73-eeb49c549cc1","slug":null,"name":"Huitres De Sokone","city":"Dakar","citySlug":"dakar-sn","cc":null,"kind":"unknown","status":"unknown","visits":1,"unnamed":false}},{"type":"Feature","geometry":{"type":"Point","coordinates":[-115.13787,36.15823]},"properties":{"id":"f3cf1ac8-2300-55d6-bdf4-eecdb4c7e7b3","slug":null,"name":"Huntridge Tavern","city":"Las Vegas","citySlug":"las-vegas-us","cc":null,"kind":"unknown","status":"unknown","visits":1,"unnamed":false}},{"type":"Feature","geometry":{"type":"Point","coordinates":[-79.9321,32.77807]},"properties":{"id":"e65cfe40-9733-50b0-8ae2-3a613eb961a5","slug":null,"name":"Husk","city":"Charleston","citySlug":"charleston-us","cc":null,"kind":"unknown","status":"unknown","visits":1,"unnamed":false}},{"type":"Feature","geometry":{"type":"Point","coordinates":[24.90953,60.66403]},"properties":{"id":"9e0dfe9c-0ce0-5c97-9595-b1d715faf016","slug":null,"name":"Hyvinkää Speedway","city":"Hausjärvi","citySlug":"hausjarvi-fi","cc":null,"kind":"activity","status":"unknown","visits":1,"unnamed":false}},{"type":"Feature","geometry":{"type":"Point","coordinates":[12.51442,41.89974]},"properties":{"id":"e25fbeb6-23bb-5151-a57b-ec8a2dec3204","slug":null,"name":"I Porchettoni","city":"Rome","citySlug":"rome-it","cc":null,"kind":"unknown","status":"unknown","visits":1,"unnamed":false}},{"type":"Feature","geometry":{"type":"Point","coordinates":[115.26241,-8.50642]},"properties":{"id":"869beb9e-8518-5422-849a-c15515ceee62","slug":null,"name":"Ibu Oka","city":"Ubud District","citySlug":"ubud-district-id","cc":null,"kind":"unknown","status":"unknown","visits":1,"unnamed":false}},{"type":"Feature","geometry":{"type":"Point","coordinates":[-73.51521,45.55185]},"properties":{"id":"f1dcfdd8-409f-5d78-b261-de04df00ac35","slug":null,"name":"Ice Fishing on the St. Lawrence","city":"Longueuil","citySlug":"longueuil-ca","cc":null,"kind":"unknown","status":"unknown","visits":1,"unnamed":false}},{"type":"Feature","geometry":{"type":"Point","coordinates":[-46.65812,-23.54927]},"properties":{"id":"41907d75-1cc7-5cdb-ae8a-f1fa2857d42e","slug":null,"name":"Ici Bistrô","city":"São Paulo","citySlug":"sao-paulo-br","cc":null,"kind":"unknown","status":"unknown","visits":1,"unnamed":false}},{"type":"Feature","geometry":{"type":"Point","coordinates":[-57.5902,-25.29392]},"properties":{"id":"40b1fa97-9497-562f-9036-9471bf4f63ea","slug":null,"name":"Iglesia Divino Niño Jesus en Asuncion Paraguay","city":"Asuncion","citySlug":"asuncion-py","cc":null,"kind":"unknown","status":"unknown","visits":1,"unnamed":false}},{"type":"Feature","geometry":{"type":"Point","coordinates":[-90.05797,29.96225]},"properties":{"id":"fe6396db-570c-502c-92b1-833a7d6a199e","slug":null,"name":"Igor's Checkpoint Charlie's","city":"New Orleans","citySlug":"new-orleans-us","cc":null,"kind":"unknown","status":"unknown","visits":1,"unnamed":false}},{"type":"Feature","geometry":{"type":"Point","coordinates":[11.34513,44.49314]},"properties":{"id":"f0f515fb-5347-5e80-8419-964362e7e3f0","slug":null,"name":"Il Calice Wine Bar and Food Bologna","city":"Bologna","citySlug":"bologna-it","cc":null,"kind":"food","status":"unknown","visits":1,"unnamed":false}},{"type":"Feature","geometry":{"type":"Point","coordinates":[37.36135,0.34287]},"properties":{"id":"6b97f3e0-92bb-5263-92ff-f098a2ea8ecf","slug":null,"name":"Il Ngwesi Community","city":"Laikipia North","citySlug":"laikipia-north-ke","cc":null,"kind":"unknown","status":"unknown","visits":1,"unnamed":false}},{"type":"Feature","geometry":{"type":"Point","coordinates":[-48.45374,-1.49923]},"properties":{"id":"b2a87ab5-62a4-5b78-9a41-fae0d61aee56","slug":null,"name":"Ilha do Cumb","city":"Belém","citySlug":"belem-br","cc":null,"kind":"activity","status":"unknown","visits":1,"unnamed":false}},{"type":"Feature","geometry":{"type":"Point","coordinates":[-49.6025,-0.03611]},"properties":{"id":"352d38cb-e3ed-57ff-9d9e-af0ccfa3229a","slug":null,"name":"Ilha Mexiana","city":"Chaves","citySlug":"chaves-br","cc":null,"kind":"activity","status":"unknown","visits":1,"unnamed":false}},{"type":"Feature","geometry":{"type":"Point","coordinates":[144.97277,-37.81124]},"properties":{"id":"546dbf61-860e-5289-b727-e374928832b7","slug":null,"name":"Imperial Hotel","city":"Melbourne","citySlug":"melbourne-au","cc":null,"kind":"food","status":"unknown","visits":1,"unnamed":false}},{"type":"Feature","geometry":{"type":"Point","coordinates":[103.8367,1.28936]},"properties":{"id":"f466d790-f040-5d7c-b85e-48538f4df74d","slug":null,"name":"Imperial Restaurant","city":"Singapore","citySlug":"singapore-sg","cc":null,"kind":"unknown","status":"unknown","visits":1,"unnamed":false}},{"type":"Feature","geometry":{"type":"Point","coordinates":[-118.39678,33.95371]},"properties":{"id":"9d405172-0abc-55f1-ab7c-ad7cc0d28c80","slug":null,"name":"In-N-Out Burger","city":"Los Angeles","citySlug":"los-angeles-us","cc":null,"kind":"unknown","status":"unknown","visits":1,"unnamed":false}},{"type":"Feature","geometry":{"type":"Point","coordinates":[-122.42719,37.74598]},"properties":{"id":"6a64c342-1a8d-5390-b142-bbf5e3498f12","slug":null,"name":"Incanto","city":"San Francisco","citySlug":"san-francisco-us","cc":null,"kind":"food","status":"closed","visits":1,"unnamed":false}},{"type":"Feature","geometry":{"type":"Point","coordinates":[-44.21961,-20.12421]},"properties":{"id":"11fef83a-7c64-53a4-8819-4f78630a863e","slug":null,"name":"Inhotim Museum","city":"Brumadinho","citySlug":"brumadinho-br","cc":null,"kind":"unknown","status":"unknown","visits":1,"unnamed":false}},{"type":"Feature","geometry":{"type":"Point","coordinates":[-122.34132,47.60989]},"properties":{"id":"4b42ee34-94fe-560b-8502-b172509f48a8","slug":null,"name":"Inn at the Market","city":"Seattle","citySlug":"seattle-us","cc":null,"kind":"unknown","status":"unknown","visits":1,"unnamed":false}},{"type":"Feature","geometry":{"type":"Point","coordinates":[-74.00036,40.72083]},"properties":{"id":"4ac06652-730c-5438-a5ce-2489c598fcfa","slug":null,"name":"International Culinary Center","city":"New York","citySlug":"new-york-us","cc":null,"kind":"activity","status":"unknown","visits":1,"unnamed":false}},{"type":"Feature","geometry":{"type":"Point","coordinates":[-90.069,29.95123]},"properties":{"id":"0d84afa5-a1e7-5d23-89c4-48c0cade0da0","slug":null,"name":"International House Hotel","city":"New Orleans","citySlug":"new-orleans-us","cc":null,"kind":"unknown","status":"unknown","visits":1,"unnamed":false}},{"type":"Feature","geometry":{"type":"Point","coordinates":[-87.62662,41.91029]},"properties":{"id":"f7c352c4-a37c-5fe7-843f-d2acafe705cc","slug":null,"name":"International Museum of Surgical Science","city":"Chicago","citySlug":"chicago-us","cc":null,"kind":"unknown","status":"unknown","visits":1,"unnamed":false}},{"type":"Feature","geometry":{"type":"Point","coordinates":[103.98827,1.38917]},"properties":{"id":"65a39eb2-2542-5d6e-ae01-b53bc1021547","slug":null,"name":"International Muslim Food Stall Nasi Lemak","city":"Singapore","citySlug":"singapore-sg","cc":null,"kind":"unknown","status":"unknown","visits":1,"unnamed":false}},{"type":"Feature","geometry":{"type":"Point","coordinates":[-80.37415,25.79504]},"properties":{"id":"59197af4-51dd-5014-a266-f710b011321b","slug":null,"name":"International Specialty Produce, Inc.","city":"Sweetwater","citySlug":"sweetwater-us","cc":null,"kind":"market","status":"unknown","visits":1,"unnamed":false}},{"type":"Feature","geometry":{"type":"Point","coordinates":[-77.02546,38.88387]},"properties":{"id":"0c82a95d-a965-5d89-9c6a-6a5e9a2edc0b","slug":null,"name":"International Spy Museum","city":"Washington","citySlug":"washington-us","cc":null,"kind":"activity","status":"unknown","visits":1,"unnamed":false}},{"type":"Feature","geometry":{"type":"Point","coordinates":[137.86047,35.55761]},"properties":{"id":"8fbd4581-f354-59bd-92fa-3437f4b018bc","slug":null,"name":"Ise Shrine","city":"Takamori","citySlug":"takamori-jp","cc":null,"kind":"sight","status":"unknown","visits":1,"unnamed":false}},{"type":"Feature","geometry":{"type":"Point","coordinates":[127.82565,26.43576]},"properties":{"id":"a0692ca2-3a65-5267-a27c-6814afceaf58","slug":null,"name":"Ishikawa Dome","city":"Uruma","citySlug":"uruma-jp","cc":null,"kind":"unknown","status":"unknown","visits":1,"unnamed":false}},{"type":"Feature","geometry":{"type":"Point","coordinates":[40.73233,-15.03645]},"properties":{"id":"13bf9233-8b6c-56f7-ab1e-a8a2d287dbaf","slug":null,"name":"Island of Mozambique","city":"Ilha de Mocambique","citySlug":"ilha-de-mocambique-mz","cc":null,"kind":"sight","status":"unknown","visits":1,"unnamed":false}},{"type":"Feature","geometry":{"type":"Point","coordinates":[-80.23882,25.77539]},"properties":{"id":"e4db2d1e-4e5b-5a35-886f-577ebcce723a","slug":null,"name":"Islas Canarias Restaurant","city":"Miami","citySlug":"miami-us","cc":null,"kind":"unknown","status":"unknown","visits":1,"unnamed":false}},{"type":"Feature","geometry":{"type":"Point","coordinates":[-75.15844,39.93631]},"properties":{"id":"e50460f6-ec89-55b6-8228-2776ac56fbd1","slug":null,"name":"Italian Market","city":"Philadelphia","citySlug":"philadelphia-us","cc":null,"kind":"unknown","status":"unknown","visits":1,"unnamed":false}},{"type":"Feature","geometry":{"type":"Point","coordinates":[139.63634,35.65225]},"properties":{"id":"15cf7fda-8176-53c6-91ea-375bd7de2e53","slug":null,"name":"Ivan Ramen","city":"Setagaya","citySlug":"setagaya-jp","cc":null,"kind":"food","status":"closed","visits":1,"unnamed":false}},{"type":"Feature","geometry":{"type":"Point","coordinates":[-122.30313,47.44326]},"properties":{"id":"62315ffc-2e2f-5afe-bc7e-878958e532ec","slug":null,"name":"Ivar's Seafood Bar (kiosk)","city":"SeaTac","citySlug":"seatac-us","cc":null,"kind":"unknown","status":"unknown","visits":1,"unnamed":false}},{"type":"Feature","geometry":{"type":"Point","coordinates":[3.40466,6.44704]},"properties":{"id":"aec6867a-d2a9-5735-9c62-6fcc17044b86","slug":null,"name":"Iya-Eba Restaurant & Bar","city":"Lagos","citySlug":"lagos-ng","cc":null,"kind":"unknown","status":"unknown","visits":1,"unnamed":false}},{"type":"Feature","geometry":{"type":"Point","coordinates":[-46.63607,-23.55825]},"properties":{"id":"c1cd0518-eeea-50e9-8201-8f8542c6b537","slug":null,"name":"Izakaya Issa","city":"São Paulo","citySlug":"sao-paulo-br","cc":null,"kind":"unknown","status":"unknown","visits":1,"unnamed":false}},{"type":"Feature","geometry":{"type":"Point","coordinates":[-56.20797,-34.90841]},"properties":{"id":"adf50918-8465-5710-9702-c70af845aa74","slug":null,"name":"Jacinto","city":"Montevideo","citySlug":"montevideo-uy","cc":null,"kind":"unknown","status":"unknown","visits":1,"unnamed":false}},{"type":"Feature","geometry":{"type":"Point","coordinates":[-52.72022,47.56498]},"properties":{"id":"249d686d-d1e9-57bf-82dd-4a2b73c9403f","slug":null,"name":"Jack Axes","city":"St. John's","citySlug":"st-johns-ca","cc":null,"kind":"unknown","status":"unknown","visits":1,"unnamed":false}},{"type":"Feature","geometry":{"type":"Point","coordinates":[-79.37567,43.64039]},"properties":{"id":"dfc91534-6886-5ece-8608-c6a7bf4dfc84","slug":null,"name":"Jack Layton Ferry Terminal","city":"Toronto","citySlug":"toronto-ca","cc":null,"kind":"unknown","status":"unknown","visits":1,"unnamed":false}},{"type":"Feature","geometry":{"type":"Point","coordinates":[-94.58582,39.08725]},"properties":{"id":"82a05ea2-1b6c-5dd4-a168-fb9be2693ddc","slug":null,"name":"Jack Stack Barbecue | Freight House","city":"Kansas City","citySlug":"kansas-city-us","cc":null,"kind":"food","status":"unknown","visits":1,"unnamed":false}},{"type":"Feature","geometry":{"type":"Point","coordinates":[-74.00686,40.72789]},"properties":{"id":"dd7b15f3-a842-585c-94f9-d56f89eac018","slug":null,"name":"Jacques Torres","city":"New York","citySlug":"new-york-us","cc":null,"kind":"food","status":"unknown","visits":1,"unnamed":false}},{"type":"Feature","geometry":{"type":"Point","coordinates":[-90.13223,29.94905]},"properties":{"id":"155d9127-c045-5e37-a033-286801a1428b","slug":null,"name":"Jacques-Imo's","city":"New Orleans","citySlug":"new-orleans-us","cc":null,"kind":"unknown","status":"unknown","visits":1,"unnamed":false}},{"type":"Feature","geometry":{"type":"Point","coordinates":[121.44513,31.24139]},"properties":{"id":"4033e0f6-6239-5da4-bc86-82f372f08f84","slug":null,"name":"Jade Buddha Temple","city":"Jing'an District","citySlug":"jingan-district-cn","cc":null,"kind":"food","status":"unknown","visits":1,"unnamed":false}},{"type":"Feature","geometry":{"type":"Point","coordinates":[80.00561,9.66245]},"properties":{"id":"0100be77-090a-525f-9366-6952ba47742c","slug":null,"name":"Jaffna Beach","city":"Gurunagar","citySlug":"gurunagar-lk","cc":null,"kind":"unknown","status":"unknown","visits":1,"unnamed":false}},{"type":"Feature","geometry":{"type":"Point","coordinates":[80.02065,9.66508]},"properties":{"id":"9cd4cc9a-96ed-5936-b5d8-2dce201b32d6","slug":null,"name":"Jaffna Railway Station","city":"Gurunagar","citySlug":"gurunagar-lk","cc":null,"kind":"unknown","status":"unknown","visits":1,"unnamed":false}},{"type":"Feature","geometry":{"type":"Point","coordinates":[-80.25719,25.80734]},"properties":{"id":"41c8a44d-be39-5a27-b181-a97e94764536","slug":null,"name":"Jai Alai","city":"Miami","citySlug":"miami-us","cc":null,"kind":"unknown","status":"unknown","visits":1,"unnamed":false}},{"type":"Feature","geometry":{"type":"Point","coordinates":[70.90834,26.91575]},"properties":{"id":"76216db1-2ed0-5e13-92a6-5869623e56ba","slug":null,"name":"Jaisalmer","city":"Amar Sagar","citySlug":"amar-sagar-in","cc":null,"kind":"activity","status":"unknown","visits":1,"unnamed":false}},{"type":"Feature","geometry":{"type":"Point","coordinates":[39.54522,-6.31559]},"properties":{"id":"495e4a3c-530d-55df-b059-bd9524857508","slug":null,"name":"Jambiani","city":"Jambiani","citySlug":"jambiani-tz","cc":null,"kind":"unknown","status":"unknown","visits":1,"unnamed":false}},{"type":"Feature","geometry":{"type":"Point","coordinates":[121.52974,25.02915]},"properties":{"id":"3232baf0-915e-56e7-8f3f-787169d066db","slug":null,"name":"James Kitchen","city":"Taipei","citySlug":"taipei-tw","cc":null,"kind":"unknown","status":"unknown","visits":1,"unnamed":false}},{"type":"Feature","geometry":{"type":"Point","coordinates":[-74.44487,39.35252]},"properties":{"id":"f9faa73e-bb45-5fcc-8a88-c1db4337caac","slug":null,"name":"James' Original Salt Water Tfy","city":"Atlantic City","citySlug":"atlantic-city-us","cc":null,"kind":"unknown","status":"unknown","visits":1,"unnamed":false}},{"type":"Feature","geometry":{"type":"Point","coordinates":[-123.11833,49.28025]},"properties":{"id":"2df6e339-6547-5c51-b74c-462c3356024f","slug":null,"name":"JAPADOG","city":"Vancouver","citySlug":"vancouver-ca","cc":null,"kind":"food","status":"unknown","visits":1,"unnamed":false}},{"type":"Feature","geometry":{"type":"Point","coordinates":[27.06755,45.79516]},"properties":{"id":"53383afb-3392-54a6-97c0-6c9534acae1f","slug":null,"name":"Jariștea","city":"Jariștea","citySlug":"jaristea-ro","cc":null,"kind":"food","status":"unknown","visits":1,"unnamed":false}},{"type":"Feature","geometry":{"type":"Point","coordinates":[24.93126,60.17415]},"properties":{"id":"f48fb60c-4e99-5617-adfa-adfe522327e1","slug":null,"name":"Jaskan grilli","city":"Helsinki","citySlug":"helsinki-fi","cc":null,"kind":"food","status":"unknown","visits":1,"unnamed":false}},{"type":"Feature","geometry":{"type":"Point","coordinates":[39.18982,-6.16321]},"properties":{"id":"fca9a1ac-45bf-5ae5-8b11-46622d13c3f2","slug":null,"name":"Jaw's Corner","city":"Mkunazini","citySlug":"mkunazini-tz","cc":null,"kind":"unknown","status":"unknown","visits":1,"unnamed":false}},{"type":"Feature","geometry":{"type":"Point","coordinates":[-73.94411,40.59999]},"properties":{"id":"18e51de7-d42c-5d4f-936c-71b5405f9db1","slug":null,"name":"Jay & Lloyd's Kosher Deli","city":"New York","citySlug":"new-york-us","cc":null,"kind":"food","status":"unknown","visits":1,"unnamed":false}},{"type":"Feature","geometry":{"type":"Point","coordinates":[-73.61467,45.53647]},"properties":{"id":"f57e12a1-de4a-5dbd-b4cd-7bd5be1fefb9","slug":null,"name":"Jean Talon Market","city":"Montreal","citySlug":"montreal-ca","cc":null,"kind":"unknown","status":"unknown","visits":1,"unnamed":false}},{"type":"Feature","geometry":{"type":"Point","coordinates":[126.95111,37.54194]},"properties":{"id":"5389da44-0328-5ed1-b34c-807358780063","slug":null,"name":"Jeongdaepo","city":"Seoul","citySlug":"seoul-kr","cc":null,"kind":"unknown","status":"unknown","visits":1,"unnamed":false}},{"type":"Feature","geometry":{"type":"Point","coordinates":[-74.00215,40.70777]},"properties":{"id":"0a3f4a9e-298c-5bdc-a8a7-30265986242b","slug":null,"name":"Jeremy's Ale House","city":"New York","citySlug":"new-york-us","cc":null,"kind":"unknown","status":"unknown","visits":1,"unnamed":false}},{"type":"Feature","geometry":{"type":"Point","coordinates":[-79.93217,32.78334]},"properties":{"id":"8e6b1668-8de6-57cd-b1fe-c4eb08738daf","slug":null,"name":"Jestine's Kitchen","city":"Charleston","citySlug":"charleston-us","cc":null,"kind":"food","status":"unknown","visits":1,"unnamed":false}},{"type":"Feature","geometry":{"type":"Point","coordinates":[-87.64522,41.86567]},"properties":{"id":"44af098e-6739-5cf1-8ab7-fa1985d47e5f","slug":null,"name":"Jim's Original","city":"Chicago","citySlug":"chicago-us","cc":null,"kind":"unknown","status":"unknown","visits":1,"unnamed":false}},{"type":"Feature","geometry":{"type":"Point","coordinates":[-87.72659,41.90642]},"properties":{"id":"b18d5e2d-b38c-5aea-8d30-f807151acde8","slug":null,"name":"Jimmy's Red Hots","city":"Chicago","citySlug":"chicago-us","cc":null,"kind":"unknown","status":"unknown","visits":1,"unnamed":false}},{"type":"Feature","geometry":{"type":"Point","coordinates":[121.59176,25.0497]},"properties":{"id":"a902b257-71a0-53b7-bbe1-989d35b06a59","slug":null,"name":"Jin Chun Fa Beef Noodle","city":"Taipei","citySlug":"taipei-tw","cc":null,"kind":"unknown","status":"unknown","visits":1,"unnamed":false}},{"type":"Feature","geometry":{"type":"Point","coordinates":[120.42024,27.70557]},"properties":{"id":"30d3adc0-9421-5e97-b72f-a6225ca6c2bf","slug":null,"name":"Jingfu Temple","city":"Wenzhou","citySlug":"wenzhou-cn","cc":null,"kind":"sight","status":"unknown","visits":1,"unnamed":false}},{"type":"Feature","geometry":{"type":"Point","coordinates":[-4.29273,55.87481]},"properties":{"id":"e2542c54-e5f3-515d-9626-c69325d6f92f","slug":null,"name":"Jinty McGuinty's Irish Bar","city":"Glasgow","citySlug":"glasgow-gb","cc":null,"kind":"unknown","status":"unknown","visits":1,"unnamed":false}},{"type":"Feature","geometry":{"type":"Point","coordinates":[135.5024,34.66633]},"properties":{"id":"92038cea-1d07-541e-975f-b966b673da8c","slug":null,"name":"Jiyuken","city":"Osaka","citySlug":"osaka-jp","cc":null,"kind":"food","status":"unknown","visits":1,"unnamed":false}},{"type":"Feature","geometry":{"type":"Point","coordinates":[67.88082,40.12504]},"properties":{"id":"cfa2934c-3cd2-5f6f-bb9f-3b783e6e0213","slug":null,"name":"Jizzakh","city":"Jizzakh","citySlug":"jizzakh-uz","cc":null,"kind":"sight","status":"unknown","visits":1,"unnamed":false}},{"type":"Feature","geometry":{"type":"Point","coordinates":[-67.07523,18.51416]},"properties":{"id":"a05f5397-f700-5410-95d6-31ac801c737d","slug":null,"name":"Jobos Beach","city":"Bajura","citySlug":"bajura-us","cc":null,"kind":"food","status":"unknown","visits":1,"unnamed":false}},{"type":"Feature","geometry":{"type":"Point","coordinates":[-73.57531,45.48306]},"properties":{"id":"6560c752-9292-5057-8f23-3761e420348f","slug":null,"name":"Joe Beef","city":"Montreal","citySlug":"montreal-ca","cc":null,"kind":"unknown","status":"unknown","visits":1,"unnamed":false}},{"type":"Feature","geometry":{"type":"Point","coordinates":[-93.54204,47.17863]},"properties":{"id":"edcf0a1a-e45e-5f64-add0-54d2951c5312","slug":null,"name":"Joe's Garage","city":"Harris Township","citySlug":"harris-township-us","cc":null,"kind":"unknown","status":"unknown","visits":1,"unnamed":false}},{"type":"Feature","geometry":{"type":"Point","coordinates":[-94.63931,38.91532]},"properties":{"id":"3c536c3f-e806-56d4-add7-12ddde1bff74","slug":null,"name":"Joe's Kansas City Bar-B-Que","city":"Leawood","citySlug":"leawood-us","cc":null,"kind":"unknown","status":"unknown","visits":1,"unnamed":false}},{"type":"Feature","geometry":{"type":"Point","coordinates":[-94.62074,39.04445]},"properties":{"id":"ad698b93-598f-5d08-b6d2-6487bc1b7121","slug":null,"name":"Joe's Kansas City Bar-B-Que","city":"Kansas City","citySlug":"kansas-city-us","cc":null,"kind":"food","status":"unknown","visits":1,"unnamed":false}},{"type":"Feature","geometry":{"type":"Point","coordinates":[16.37602,48.20536]},"properties":{"id":"135ef566-c3f2-5e5f-aebd-f973a8d09296","slug":null,"name":"Joh. Springer's Erben","city":"Vienna","citySlug":"vienna-at","cc":null,"kind":"activity","status":"unknown","visits":1,"unnamed":false}},{"type":"Feature","geometry":{"type":"Point","coordinates":[-6.27199,53.36964]},"properties":{"id":"1acedb91-620a-52d2-a8b7-48d7b4878725","slug":null,"name":"John Kavanagh","city":"Dublin","citySlug":"dublin-ie","cc":null,"kind":"unknown","status":"unknown","visits":1,"unnamed":false}},{"type":"Feature","geometry":{"type":"Point","coordinates":[-73.98427,40.71503]},"properties":{"id":"bd0b9d65-e887-5156-b524-3d4c312137f0","slug":null,"name":"John Lurie’s Apartment","city":"New York","citySlug":"new-york-us","cc":null,"kind":"unknown","status":"unknown","visits":1,"unnamed":false}},{"type":"Feature","geometry":{"type":"Point","coordinates":[-74.0094,40.72218]},"properties":{"id":"875018c2-47d6-56bf-a69f-2b81791803c7","slug":null,"name":"John Matone Killed Dylan Prime","city":"New York","citySlug":"new-york-us","cc":null,"kind":"unknown","status":"unknown","visits":1,"unnamed":false}},{"type":"Feature","geometry":{"type":"Point","coordinates":[-73.97438,40.71892]},"properties":{"id":"5c0caea4-b9ca-5529-8a94-bb8005df46d1","slug":null,"name":"John V. Lindsay East River Park","city":"New York","citySlug":"new-york-us","cc":null,"kind":"unknown","status":"unknown","visits":1,"unnamed":false}},{"type":"Feature","geometry":{"type":"Point","coordinates":[12.5658,55.67306]},"properties":{"id":"6521005e-5eb9-5e4f-8ff0-2deac832962d","slug":null,"name":"John's Hotdog Deli","city":"Copenhagen","citySlug":"copenhagen-dk","cc":null,"kind":"unknown","status":"unknown","visits":1,"unnamed":false}},{"type":"Feature","geometry":{"type":"Point","coordinates":[-73.98548,40.73072]},"properties":{"id":"b081a848-e8d2-5cbd-88e3-cc95e7631185","slug":null,"name":"John's of 12th Street","city":"New York","citySlug":"new-york-us","cc":null,"kind":"unknown","status":"unknown","visits":1,"unnamed":false}},{"type":"Feature","geometry":{"type":"Point","coordinates":[-75.14507,39.92108]},"properties":{"id":"3c152e0f-9805-5cc1-9840-45126f98ea2a","slug":null,"name":"John's Roast Pork","city":"Philadelphia","citySlug":"philadelphia-us","cc":null,"kind":"unknown","status":"unknown","visits":1,"unnamed":false}},{"type":"Feature","geometry":{"type":"Point","coordinates":[-87.81329,41.90891]},"properties":{"id":"0f825a44-7c13-532b-bf8e-72c8972c6843","slug":null,"name":"Johnnie's Beef","city":"Elmwood Park","citySlug":"elmwood-park-us","cc":null,"kind":"unknown","status":"unknown","visits":1,"unnamed":false}},{"type":"Feature","geometry":{"type":"Point","coordinates":[-63.09428,18.03663]},"properties":{"id":"290adf47-fbef-5daa-9ad7-753f720aaff2","slug":null,"name":"Johnny B's Under the Tree","city":"Simpson Bay","citySlug":"simpson-bay-nl","cc":null,"kind":"unknown","status":"unknown","visits":1,"unnamed":false}},{"type":"Feature","geometry":{"type":"Point","coordinates":[-75.13432,39.96904]},"properties":{"id":"5fba7d4e-59fe-51a0-b632-a75cc752bf11","slug":null,"name":"Johnny Brenda's","city":"Philadelphia","citySlug":"philadelphia-us","cc":null,"kind":"unknown","status":"unknown","visits":1,"unnamed":false}},{"type":"Feature","geometry":{"type":"Point","coordinates":[-89.96657,30.0188]},"properties":{"id":"7405dc75-9ed6-5445-8956-5e39e1f4f446","slug":null,"name":"Johnny's Crab Trap","city":"New Orleans","citySlug":"new-orleans-us","cc":null,"kind":"unknown","status":"unknown","visits":1,"unnamed":false}},{"type":"Feature","geometry":{"type":"Point","coordinates":[-118.29295,34.07654]},"properties":{"id":"0c8f796c-673f-5c78-a67c-9ae48bb40a37","slug":null,"name":"Jollibee","city":"Los Angeles","citySlug":"los-angeles-us","cc":null,"kind":"unknown","status":"unknown","visits":1,"unnamed":false}},{"type":"Feature","geometry":{"type":"Point","coordinates":[120.99198,14.53735]},"properties":{"id":"9544c7e5-b4c7-5d6d-ae8a-2b68a98615b2","slug":null,"name":"Jollibee Bluebay Walk","city":"Pasay","citySlug":"pasay-ph","cc":null,"kind":"unknown","status":"unknown","visits":1,"unnamed":false}},{"type":"Feature","geometry":{"type":"Point","coordinates":[126.9822,37.57858]},"properties":{"id":"7d213173-0ae7-5533-88dd-a5af2860040e","slug":null,"name":"Joseon Gimbap Restaurant","city":"Seoul","citySlug":"seoul-kr","cc":null,"kind":"food","status":"unknown","visits":1,"unnamed":false}},{"type":"Feature","geometry":{"type":"Point","coordinates":[114.17668,22.27822]},"properties":{"id":"fae072d4-f9ad-5f6f-a19d-f4f327263b11","slug":null,"name":"Joy Hing Roasted Meat","city":"Hong Kong","citySlug":"hong-kong-cn","cc":null,"kind":"unknown","status":"unknown","visits":1,"unnamed":false}},{"type":"Feature","geometry":{"type":"Point","coordinates":[-79.9448,40.41112]},"properties":{"id":"b0e985d2-c3dc-5475-9d36-ad6af19a3cdb","slug":null,"name":"Jozsa Corner","city":"Pittsburgh","citySlug":"pittsburgh-us","cc":null,"kind":"unknown","status":"unknown","visits":1,"unnamed":false}},{"type":"Feature","geometry":{"type":"Point","coordinates":[-70.25116,43.65599]},"properties":{"id":"427e69b1-6291-5c2e-9dde-71ff06be0b64","slug":null,"name":"Js Oyster","city":"Portland","citySlug":"portland-us","cc":null,"kind":"food","status":"unknown","visits":1,"unnamed":false}},{"type":"Feature","geometry":{"type":"Point","coordinates":[-122.26296,37.83776]},"properties":{"id":"2e4d964b-c090-504f-ba24-10ee09b8b1aa","slug":null,"name":"Juhu Beach Club","city":"Oakland","citySlug":"oakland-us","cc":null,"kind":"unknown","status":"unknown","visits":1,"unnamed":false}},{"type":"Feature","geometry":{"type":"Point","coordinates":[69.25528,41.29553]},"properties":{"id":"281405de-7414-5102-9879-38bbc8f0da40","slug":null,"name":"Jumanji","city":"Tashkent","citySlug":"tashkent-uz","cc":null,"kind":"food","status":"unknown","visits":1,"unnamed":false}},{"type":"Feature","geometry":{"type":"Point","coordinates":[-118.30242,34.10203]},"properties":{"id":"569e10c4-055a-542a-9dfd-f7b8418c9e82","slug":null,"name":"Jumbo's Clown Room","city":"Los Angeles","citySlug":"los-angeles-us","cc":null,"kind":"unknown","status":"unknown","visits":1,"unnamed":false}},{"type":"Feature","geometry":{"type":"Point","coordinates":[127.02411,37.5016]},"properties":{"id":"319d0da6-2c9b-5568-a0b8-48f1baface12","slug":null,"name":"Junco Music Town","city":"Seoul","citySlug":"seoul-kr","cc":null,"kind":"unknown","status":"unknown","visits":1,"unnamed":false}},{"type":"Feature","geometry":{"type":"Point","coordinates":[126.83321,37.63047]},"properties":{"id":"24afa6bd-b18b-5839-8fd9-01c08679f9f3","slug":null,"name":"K-타이거즈","city":"Goyang-si","citySlug":"goyang-si-kr","cc":null,"kind":"activity","status":"unknown","visits":1,"unnamed":false}},{"type":"Feature","geometry":{"type":"Point","coordinates":[-73.91203,40.76777]},"properties":{"id":"69c86780-7460-583b-b69c-4fbb2af19d98","slug":null,"name":"Kabab Cafe","city":"New York","citySlug":"new-york-us","cc":null,"kind":"food","status":"unknown","visits":1,"unnamed":false}},{"type":"Feature","geometry":{"type":"Point","coordinates":[24.94434,60.19369]},"properties":{"id":"f0539cb1-9418-5a75-9393-706edd73bda3","slug":null,"name":"Kafe Moskova","city":"Helsinki","citySlug":"helsinki-fi","cc":null,"kind":"food","status":"unknown","visits":1,"unnamed":false}},{"type":"Feature","geometry":{"type":"Point","coordinates":[-156.85304,21.04851]},"properties":{"id":"24a2cd86-d056-5c14-9349-1dff3a523544","slug":null,"name":"Kalaeloa Harbor","city":"Maui County","citySlug":"maui-county-us","cc":null,"kind":"unknown","status":"unknown","visits":1,"unnamed":false}},{"type":"Feature","geometry":{"type":"Point","coordinates":[18.10055,-24.43034]},"properties":{"id":"2f8f42f9-ddc1-5d5d-a2ca-34bc1196135c","slug":null,"name":"Kalahari, Namibia","city":"Hardap","citySlug":"hardap-na","cc":null,"kind":"sight","status":"unknown","visits":1,"unnamed":false}},{"type":"Feature","geometry":{"type":"Point","coordinates":[80.01081,9.68258]},"properties":{"id":"ce4b2167-ba1a-51cb-9f9a-a8ef59420909","slug":null,"name":"Kali Kovil","city":"Jaffna","citySlug":"jaffna-lk","cc":null,"kind":"unknown","status":"unknown","visits":1,"unnamed":false}},{"type":"Feature","geometry":{"type":"Point","coordinates":[26.98077,36.95228]},"properties":{"id":"7710be08-845d-5e3e-828d-5ca53bdfdcc9","slug":null,"name":"Kalimnos","city":"Vothyni","citySlug":"vothyni-gr","cc":null,"kind":"food","status":"unknown","visits":1,"unnamed":false}},{"type":"Feature","geometry":{"type":"Point","coordinates":[115.27583,-8.49555]},"properties":{"id":"f7411cac-c6f8-55c9-ad7c-237f46363646","slug":null,"name":"Kamandalu Ubud","city":"Ubud District","citySlug":"ubud-district-id","cc":null,"kind":"unknown","status":"unknown","visits":1,"unnamed":false}},{"type":"Feature","geometry":{"type":"Point","coordinates":[-73.98933,40.72048]},"properties":{"id":"2b9ad1d9-58d1-52e5-87b3-3ba03e860b50","slug":null,"name":"Kampuchea Restaurant","city":"New York","citySlug":"new-york-us","cc":null,"kind":"food","status":"unknown","visits":1,"unnamed":false}},{"type":"Feature","geometry":{"type":"Point","coordinates":[107.81648,-7.20256]},"properties":{"id":"d815183f-7ea6-57de-ae27-0c722ac768c9","slug":null,"name":"Kampung Sampireun Resort & Spa","city":"Garut","citySlug":"garut-id","cc":null,"kind":"lodging","status":"unknown","visits":1,"unnamed":false}},{"type":"Feature","geometry":{"type":"Point","coordinates":[-75.15796,39.94631]},"properties":{"id":"ab1f2f49-c111-50ab-984c-925197881544","slug":null,"name":"Kanella Grill","city":"Philadelphia","citySlug":"philadelphia-us","cc":null,"kind":"unknown","status":"unknown","visits":1,"unnamed":false}},{"type":"Feature","geometry":{"type":"Point","coordinates":[135.50149,34.6688]},"properties":{"id":"0d4e5b03-2168-539e-91e9-136bff287717","slug":null,"name":"Kani Doraku Dotombori Honten","city":"Osaka","citySlug":"osaka-jp","cc":null,"kind":"food","status":"unknown","visits":1,"unnamed":false}},{"type":"Feature","geometry":{"type":"Point","coordinates":[-94.49181,39.05089]},"properties":{"id":"fa8dbd1b-1fad-59b1-a89e-e3eed908d936","slug":null,"name":"Kansas City Chiefs Football","city":"Kansas City","citySlug":"kansas-city-us","cc":null,"kind":"activity","status":"unknown","visits":1,"unnamed":false}},{"type":"Feature","geometry":{"type":"Point","coordinates":[29.04467,41.04452]},"properties":{"id":"45d72ed2-246c-5e57-ba15-e9781c2ead70","slug":null,"name":"Karpi Trabzon Pidesi Ve Akçaabat Köftesi","city":"Üsküdar","citySlug":"uskudar-tr","cc":null,"kind":"unknown","status":"unknown","visits":1,"unnamed":false}},{"type":"Feature","geometry":{"type":"Point","coordinates":[38.79065,8.99476]},"properties":{"id":"5556e7fb-40af-5ff7-a4d0-8e6e8774ed3a","slug":null,"name":"Kategna Restaurant","city":"Bole","citySlug":"bole-et","cc":null,"kind":"unknown","status":"unknown","visits":1,"unnamed":false}},{"type":"Feature","geometry":{"type":"Point","coordinates":[-73.98743,40.72223]},"properties":{"id":"94dfa5a9-97bf-5f9d-87eb-8c3e61cb44b8","slug":null,"name":"Katz's Delicatessen","city":"New York","citySlug":"new-york-us","cc":null,"kind":"food","status":"unknown","visits":1,"unnamed":false}},{"type":"Feature","geometry":{"type":"Point","coordinates":[96.14958,16.77558]},"properties":{"id":"44b892ae-97c3-5093-9586-d9c800066317","slug":null,"name":"Kaung Myat Restaurant","city":"Yangon City","citySlug":"yangon-city-mm","cc":null,"kind":"unknown","status":"unknown","visits":1,"unnamed":false}},{"type":"Feature","geometry":{"type":"Point","coordinates":[14.4072,50.08075]},"properties":{"id":"46148b17-b436-55f5-8258-f909211b1259","slug":null,"name":"Kavárna V Sedmém Nebi","city":"Prague","citySlug":"prague-cz","cc":null,"kind":"food","status":"unknown","visits":1,"unnamed":false}},{"type":"Feature","geometry":{"type":"Point","coordinates":[37.65676,55.7736]},"properties":{"id":"82a2a5b6-5d7f-54dd-8bff-2c86d7f183cf","slug":null,"name":"Kazansky railway station","city":"Moscow","citySlug":"moscow-ru","cc":null,"kind":"unknown","status":"unknown","visits":1,"unnamed":false}},{"type":"Feature","geometry":{"type":"Point","coordinates":[-156.84914,21.05435]},"properties":{"id":"9ee64eb4-83ec-52f5-aa63-994aa55d692d","slug":null,"name":"Keawanui Fishpond","city":"Maui County","citySlug":"maui-county-us","cc":null,"kind":"unknown","status":"unknown","visits":1,"unnamed":false}},{"type":"Feature","geometry":{"type":"Point","coordinates":[121.74359,25.12831]},"properties":{"id":"8a41b85f-9ea5-5140-aaa1-acd4519b564b","slug":null,"name":"Keelung Night Market","city":"Keelung","citySlug":"keelung-tw","cc":null,"kind":"unknown","status":"unknown","visits":1,"unnamed":false}},{"type":"Feature","geometry":{"type":"Point","coordinates":[-73.98648,40.75078]},"properties":{"id":"82d8d1e8-a7a7-56d3-a2de-01aec51a63da","slug":null,"name":"Keens Steakhouse","city":"New York","citySlug":"new-york-us","cc":null,"kind":"food","status":"unknown","visits":1,"unnamed":false}},{"type":"Feature","geometry":{"type":"Point","coordinates":[-81.87195,37.73123]},"properties":{"id":"a96b4025-ba11-5343-831c-ace09102d8ba","slug":null,"name":"Keith's Bar & Grille","city":"Man","citySlug":"man-us","cc":null,"kind":"unknown","status":"unknown","visits":1,"unnamed":false}},{"type":"Feature","geometry":{"type":"Point","coordinates":[-79.92439,40.45989]},"properties":{"id":"46299f37-d100-5907-949b-f1a0dd1387a2","slug":null,"name":"Kelly's Bar & Lounge","city":"Pittsburgh","citySlug":"pittsburgh-us","cc":null,"kind":"unknown","status":"unknown","visits":1,"unnamed":false}},{"type":"Feature","geometry":{"type":"Point","coordinates":[103.8037,1.28578]},"properties":{"id":"84afb19e-b91e-53bb-8e84-9b919a21126e","slug":null,"name":"Keng Eng Kee Seafood","city":"Singapore","citySlug":"singapore-sg","cc":null,"kind":"unknown","status":"unknown","visits":1,"unnamed":false}},{"type":"Feature","geometry":{"type":"Point","coordinates":[-79.40146,43.65452]},"properties":{"id":"2b3bb49b-d97c-5a5d-879c-63b7fe0c5dcc","slug":null,"name":"Kensington Market","city":"Toronto","citySlug":"toronto-ca","cc":null,"kind":"unknown","status":"unknown","visits":1,"unnamed":false}},{"type":"Feature","geometry":{"type":"Point","coordinates":[114.1627,22.32814]},"properties":{"id":"cc3116f7-57b0-5dcb-acf3-f6cdeeb3c8f2","slug":null,"name":"Keung Kee Dai Pai Dong","city":"Hong Kong","citySlug":"hong-kong-cn","cc":null,"kind":"unknown","status":"unknown","visits":1,"unnamed":false}},{"type":"Feature","geometry":{"type":"Point","coordinates":[-81.77999,24.55506]},"properties":{"id":"904dc671-02dc-5af5-9989-53ae5c487cf1","slug":null,"name":"Key West","city":"Key West","citySlug":"key-west-us","cc":null,"kind":"sight","status":"unknown","visits":1,"unnamed":false}},{"type":"Feature","geometry":{"type":"Point","coordinates":[31.26225,30.04774]},"properties":{"id":"dd3170a4-f5d1-5b65-b22e-7eac0ff2b9cb","slug":null,"name":"Khan el-Khalili","city":"Cairo","citySlug":"cairo-eg","cc":null,"kind":"market","status":"unknown","visits":1,"unnamed":false}},{"type":"Feature","geometry":{"type":"Point","coordinates":[99.00549,18.80147]},"properties":{"id":"7a7cafb6-d763-5f9e-8a6f-60f8cb1bf124","slug":null,"name":"Khao Soi Lam Duan","city":"Chiang Mai City Municipality","citySlug":"chiang-mai-city-municipality-th","cc":null,"kind":"unknown","status":"unknown","visits":1,"unnamed":false}},{"type":"Feature","geometry":{"type":"Point","coordinates":[36.79138,-1.31222]},"properties":{"id":"d0850729-926b-50ab-8f22-4275cc365fd0","slug":null,"name":"Kibera slum","city":"Mashimoni","citySlug":"mashimoni-ke","cc":null,"kind":"unknown","status":"unknown","visits":1,"unnamed":false}},{"type":"Feature","geometry":{"type":"Point","coordinates":[-83.08886,40.10129]},"properties":{"id":"74d5adb9-61d4-560e-a4f6-ee5d14ad5b24","slug":null,"name":"Kihachi","city":"Columbus","citySlug":"columbus-us","cc":null,"kind":"food","status":"closed","visits":1,"unnamed":false}},{"type":"Feature","geometry":{"type":"Point","coordinates":[103.84402,1.27947]},"properties":{"id":"d5b12578-4aa9-56f2-9cd3-bb01ad9e969d","slug":null,"name":"Kilo Lounge","city":"Singapore","citySlug":"singapore-sg","cc":null,"kind":"unknown","status":"unknown","visits":1,"unnamed":false}},{"type":"Feature","geometry":{"type":"Point","coordinates":[114.17837,22.27815]},"properties":{"id":"395914ae-b303-5976-9348-b94ab4766d91","slug":null,"name":"Kin's Kitchen 留家廚房","city":"Hong Kong","citySlug":"hong-kong-cn","cc":null,"kind":"unknown","status":"unknown","visits":1,"unnamed":false}},{"type":"Feature","geometry":{"type":"Point","coordinates":[-118.30048,33.94525]},"properties":{"id":"1b8b9956-641f-51a9-88c0-72de14304442","slug":null,"name":"Kindle's Donuts","city":"Westmont","citySlug":"westmont-us","cc":null,"kind":"unknown","status":"unknown","visits":1,"unnamed":false}},{"type":"Feature","geometry":{"type":"Point","coordinates":[-80.12433,39.18812]},"properties":{"id":"0a4f5f7f-0380-5bde-ab07-7a7d2ee0d91a","slug":null,"name":"King Knob Motorsports Park","city":"Barbour County","citySlug":"barbour-county-us","cc":null,"kind":"unknown","status":"unknown","visits":1,"unnamed":false}},{"type":"Feature","geometry":{"type":"Point","coordinates":[-122.47574,37.76345]},"properties":{"id":"036d61d7-805c-5365-b1c9-36a3f0a759e5","slug":null,"name":"King of Noodles","city":"San Francisco","citySlug":"san-francisco-us","cc":null,"kind":"unknown","status":"unknown","visits":1,"unnamed":false}},{"type":"Feature","geometry":{"type":"Point","coordinates":[-6.06343,53.38829]},"properties":{"id":"a3dc371f-378b-542f-89d4-73867d4f0986","slug":null,"name":"King Sitric Restaurant & Accommodation","city":"Howth","citySlug":"howth-ie","cc":null,"kind":"food","status":"unknown","visits":1,"unnamed":false}},{"type":"Feature","geometry":{"type":"Point","coordinates":[-90.1074,29.9241]},"properties":{"id":"9b24ab41-41d3-5e00-9487-91f6d4b5ef2e","slug":null,"name":"Kingpin","city":"New Orleans","citySlug":"new-orleans-us","cc":null,"kind":"unknown","status":"unknown","visits":1,"unnamed":false}},{"type":"Feature","geometry":{"type":"Point","coordinates":[-6.26989,53.3437]},"properties":{"id":"77206576-72a5-5579-b09e-345ddc6b21a3","slug":null,"name":"Kinlay House Dublin","city":"Dublin","citySlug":"dublin-ie","cc":null,"kind":"unknown","status":"unknown","visits":1,"unnamed":false}},{"type":"Feature","geometry":{"type":"Point","coordinates":[-106.51127,35.01284]},"properties":{"id":"90b450a7-a615-56ff-a359-79f018015589","slug":null,"name":"Kirtland Air Force Base","city":"Bernalillo County","citySlug":"bernalillo-county-us","cc":null,"kind":"unknown","status":"unknown","visits":1,"unnamed":false}},{"type":"Feature","geometry":{"type":"Point","coordinates":[25.20077,0.51853]},"properties":{"id":"21a3d96a-208e-5434-89b7-f783f3b7fb21","slug":null,"name":"Kisangani","city":"Rwenzori","citySlug":"rwenzori-cd","cc":null,"kind":"unknown","status":"unknown","visits":1,"unnamed":false}},{"type":"Feature","geometry":{"type":"Point","coordinates":[25.19048,0.49961]},"properties":{"id":"df86d4cd-f8e0-5d40-9f84-72610d410482","slug":null,"name":"Kisangani Railway Station","city":"Kisangani","citySlug":"kisangani-cd","cc":null,"kind":"unknown","status":"unknown","visits":1,"unnamed":false}},{"type":"Feature","geometry":{"type":"Point","coordinates":[137.75688,35.85751]},"properties":{"id":"c3602a55-c34c-53c0-a049-2fbf76e2e4cf","slug":null,"name":"Kisokoma Forest Park","city":"Kiso","citySlug":"kiso-jp","cc":null,"kind":"sight","status":"unknown","visits":1,"unnamed":false}},{"type":"Feature","geometry":{"type":"Point","coordinates":[139.99643,37.12403]},"properties":{"id":"acd2697e-2b91-5264-bf76-109adf4ab283","slug":null,"name":"Kita Onsen（株）北温泉旅館","city":"Nasu","citySlug":"nasu-jp","cc":null,"kind":"unknown","status":"unknown","visits":1,"unnamed":false}},{"type":"Feature","geometry":{"type":"Point","coordinates":[-73.95197,40.78413]},"properties":{"id":"dfedbd1b-afcc-5e6c-bbf6-6894b443b26f","slug":null,"name":"Kitchen Arts & Letters","city":"New York","citySlug":"new-york-us","cc":null,"kind":"unknown","status":"unknown","visits":1,"unnamed":false}},{"type":"Feature","geometry":{"type":"Point","coordinates":[-74.0249,40.18427]},"properties":{"id":"6a472dcb-0c58-5afa-9851-4ed72fff9e8b","slug":null,"name":"Klein's Fish Market","city":"Belmar","citySlug":"belmar-us","cc":null,"kind":"food","status":"unknown","visits":1,"unnamed":false}},{"type":"Feature","geometry":{"type":"Point","coordinates":[6.95003,50.93857]},"properties":{"id":"09371401-c3fd-5007-aa5f-fc59fbb3b6fe","slug":null,"name":"Kleine Glocke","city":"Cologne","citySlug":"cologne-de","cc":null,"kind":"unknown","status":"unknown","visits":1,"unnamed":false}},{"type":"Feature","geometry":{"type":"Point","coordinates":[-74.45346,39.35009]},"properties":{"id":"84c6c500-a9f2-590b-806a-c1b2e91c2345","slug":null,"name":"Knife and Fork Inn","city":"Atlantic City","citySlug":"atlantic-city-us","cc":null,"kind":"unknown","status":"unknown","visits":1,"unnamed":false}},{"type":"Feature","geometry":{"type":"Point","coordinates":[-118.25142,34.05239]},"properties":{"id":"ae97a529-9a49-51f3-a246-7b909c769360","slug":null,"name":"Kogi Taco Truck","city":"Los Angeles","citySlug":"los-angeles-us","cc":null,"kind":"unknown","status":"unknown","visits":2,"unnamed":false}},{"type":"Feature","geometry":{"type":"Point","coordinates":[88.3639,22.57265]},"properties":{"id":"1c777a70-09fc-56ac-b081-85bee6ac4b25","slug":null,"name":"Kolkata","city":"Kolkata","citySlug":"kolkata-in","cc":null,"kind":"sight","status":"unknown","visits":1,"unnamed":false}},{"type":"Feature","geometry":{"type":"Point","coordinates":[13.82913,45.33721]},"properties":{"id":"97acf195-37e5-5f7f-bd93-d4213383471d","slug":null,"name":"KONOBA MONDO","city":"Motovun","citySlug":"motovun-hr","cc":null,"kind":"food","status":"unknown","visits":1,"unnamed":false}},{"type":"Feature","geometry":{"type":"Point","coordinates":[15.2859,43.88003]},"properties":{"id":"7cc2bbf1-aad8-54f5-8654-998406ec1899","slug":null,"name":"Konoba Sandra","city":"Kornati","citySlug":"kornati-hr","cc":null,"kind":"activity","status":"unknown","visits":1,"unnamed":false}},{"type":"Feature","geometry":{"type":"Point","coordinates":[-118.30882,34.05513]},"properties":{"id":"60cd4f29-5608-5ed2-95d4-29f3b4e96f24","slug":null,"name":"Koreatown Plaza","city":"Los Angeles","citySlug":"los-angeles-us","cc":null,"kind":"unknown","status":"unknown","visits":1,"unnamed":false}},{"type":"Feature","geometry":{"type":"Point","coordinates":[99.01123,18.81867]},"properties":{"id":"37409d40-584f-5116-8d24-cd891b8732e9","slug":null,"name":"Krapao","city":"Chiang Mai City Municipality","citySlug":"chiang-mai-city-municipality-th","cc":null,"kind":"unknown","status":"unknown","visits":1,"unnamed":false}},{"type":"Feature","geometry":{"type":"Point","coordinates":[104.16404,10.59424]},"properties":{"id":"4b7d11f2-e24c-5435-b937-42cf024bbc75","slug":null,"name":"Krong Kampot","city":"Sovann Sakor","citySlug":"sovann-sakor-kh","cc":null,"kind":"food","status":"unknown","visits":1,"unnamed":false}},{"type":"Feature","geometry":{"type":"Point","coordinates":[-74.10961,39.75956]},"properties":{"id":"11fbd326-246d-5ae6-aa34-2a63a98d9f96","slug":null,"name":"Kubel's","city":"Barnegat Light","citySlug":"barnegat-light-us","cc":null,"kind":"unknown","status":"unknown","visits":1,"unnamed":false}},{"type":"Feature","geometry":{"type":"Point","coordinates":[110.35929,1.5535]},"properties":{"id":"12a3b935-98f6-54ee-8977-495082cd8fbd","slug":null,"name":"Kuching","city":"Kampung Boyan","citySlug":"kampung-boyan-my","cc":null,"kind":"unknown","status":"unknown","visits":1,"unnamed":false}},{"type":"Feature","geometry":{"type":"Point","coordinates":[-87.70045,41.93955]},"properties":{"id":"e909482e-b470-5b6f-b93b-bb9700fbc0e5","slug":null,"name":"Kuma's Corner","city":"Chicago","citySlug":"chicago-us","cc":null,"kind":"unknown","status":"unknown","visits":1,"unnamed":false}},{"type":"Feature","geometry":{"type":"Point","coordinates":[135.50305,34.6688]},"properties":{"id":"e672c1e4-ac7c-5093-95a1-8c1170d11a12","slug":null,"name":"Kushikatsu Daruma Dotombori","city":"Osaka","citySlug":"osaka-jp","cc":null,"kind":"food","status":"unknown","visits":1,"unnamed":false}},{"type":"Feature","geometry":{"type":"Point","coordinates":[30.34943,59.92732]},"properties":{"id":"1e2bca98-8ecb-59d3-9b22-3af9a6e233a4","slug":null,"name":"Kuznechnyy Rynok","city":"Saint Petersburg","citySlug":"saint-petersburg-ru","cc":null,"kind":"unknown","status":"unknown","visits":1,"unnamed":false}},{"type":"Feature","geometry":{"type":"Point","coordinates":[-79.5381,8.95542]},"properties":{"id":"f5e0049e-8dcd-5d81-b52c-7dc3fbef7479","slug":null,"name":"Kwang Chow Chinese Dive","city":"Santa Ana","citySlug":"santa-ana-pa","cc":null,"kind":"food","status":"unknown","visits":1,"unnamed":false}},{"type":"Feature","geometry":{"type":"Point","coordinates":[30.5234,50.4501]},"properties":{"id":"b84aa6f0-cd3d-5e00-a87d-76c7b0adc34d","slug":null,"name":"Kyiv","city":"Kyiv","citySlug":"kyiv-ua","cc":null,"kind":"sight","status":"unknown","visits":1,"unnamed":false}},{"type":"Feature","geometry":{"type":"Point","coordinates":[30.52003,50.44474]},"properties":{"id":"ec0690e0-9a88-5c57-aa34-95354967f7fa","slug":null,"name":"Kyivska perepichka","city":"Kyiv","citySlug":"kyiv-ua","cc":null,"kind":"food","status":"unknown","visits":1,"unnamed":false}},{"type":"Feature","geometry":{"type":"Point","coordinates":[-87.65073,41.94021]},"properties":{"id":"57a948c1-dba8-5d29-ae16-3202c7b2ed67","slug":null,"name":"L & L Tavern","city":"Chicago","citySlug":"chicago-us","cc":null,"kind":"unknown","status":"unknown","visits":1,"unnamed":false}},{"type":"Feature","geometry":{"type":"Point","coordinates":[-71.03542,42.3316]},"properties":{"id":"fea76431-1bde-50c0-b120-e4e0d69331d0","slug":null,"name":"L Street Tavern","city":"Boston","citySlug":"boston-us","cc":null,"kind":"food","status":"unknown","visits":1,"unnamed":false}},{"type":"Feature","geometry":{"type":"Point","coordinates":[-71.23051,46.81244]},"properties":{"id":"77baac79-c0fb-5b5f-84b0-7fdeb3a608b8","slug":null,"name":"L'Affaire est Ketchup","city":"Quebec","citySlug":"quebec-ca","cc":null,"kind":"unknown","status":"unknown","visits":1,"unnamed":false}},{"type":"Feature","geometry":{"type":"Point","coordinates":[12.26328,41.73584]},"properties":{"id":"4a2ce7f7-040d-5f64-880f-15983ca2a101","slug":null,"name":"L'Angolo degli amici","city":"Rome","citySlug":"rome-it","cc":null,"kind":"unknown","status":"closed","visits":1,"unnamed":false}},{"type":"Feature","geometry":{"type":"Point","coordinates":[2.32752,48.85661]},"properties":{"id":"bf89c08b-6b39-5e25-88ba-1bc3c8a7a93f","slug":null,"name":"L'Atelier de Joël Robuchon","city":"Paris","citySlug":"paris-fr","cc":null,"kind":"food","status":"unknown","visits":1,"unnamed":false}},{"type":"Feature","geometry":{"type":"Point","coordinates":[2.33881,48.85204]},"properties":{"id":"05ae5ea3-7799-5cbe-a6b7-8d01c16a875a","slug":null,"name":"L’Avant Comptoir de la Terre","city":null,"citySlug":null,"cc":null,"kind":"food","status":"unknown","visits":1,"unnamed":false}},{"type":"Feature","geometry":{"type":"Point","coordinates":[4.38188,43.8409]},"properties":{"id":"1701964f-58f9-5d87-bcb2-8a1196f380b2","slug":null,"name":"L'Emporte Pièce","city":"Nîmes","citySlug":"nimes-fr","cc":null,"kind":"unknown","status":"unknown","visits":1,"unnamed":false}},{"type":"Feature","geometry":{"type":"Point","coordinates":[3.76522,47.4594]},"properties":{"id":"eb3d8d6b-5218-5b89-ac28-b828e6a4f366","slug":null,"name":"L'Espérance","city":"Saint-Père","citySlug":"saint-pere-fr","cc":null,"kind":"food","status":"closed","visits":1,"unnamed":false}},{"type":"Feature","geometry":{"type":"Point","coordinates":[-73.57442,45.52031]},"properties":{"id":"7a12ca5b-2820-5890-b0f9-78a05aa43836","slug":null,"name":"L'Express","city":"Montreal","citySlug":"montreal-ca","cc":null,"kind":"unknown","status":"unknown","visits":1,"unnamed":false}},{"type":"Feature","geometry":{"type":"Point","coordinates":[4.83318,45.75625]},"properties":{"id":"4f8b5177-1f2d-5994-a702-8efd322a5b20","slug":null,"name":"L'Institut Restaurant","city":"Lyon","citySlug":"lyon-fr","cc":null,"kind":"unknown","status":"unknown","visits":1,"unnamed":false}},{"type":"Feature","geometry":{"type":"Point","coordinates":[-87.63703,41.92421]},"properties":{"id":"9e1c9315-2708-5747-898d-5d6c08d8da25","slug":null,"name":"L20","city":"Chicago","citySlug":"chicago-us","cc":null,"kind":"food","status":"closed","visits":1,"unnamed":false}},{"type":"Feature","geometry":{"type":"Point","coordinates":[-73.57477,45.52535]},"properties":{"id":"7efc423f-a520-5791-ae61-e18bf254fe9b","slug":null,"name":"La Banquise","city":"Montreal","citySlug":"montreal-ca","cc":null,"kind":"food","status":"unknown","visits":1,"unnamed":false}},{"type":"Feature","geometry":{"type":"Point","coordinates":[4.83189,43.78905]},"properties":{"id":"a2093294-6735-5988-9192-5286038f3c3e","slug":null,"name":"La Cave aux Fromages","city":"Saint-Rémy-de-Provence","citySlug":"saint-remy-de-provence-fr","cc":null,"kind":"market","status":"unknown","visits":1,"unnamed":false}},{"type":"Feature","geometry":{"type":"Point","coordinates":[-75.54819,10.42799]},"properties":{"id":"c6246ddc-e7bc-55d7-a308-5a7c880a5056","slug":null,"name":"La Cevichería","city":"Cartagena","citySlug":"cartagena-co","cc":null,"kind":"food","status":"unknown","visits":1,"unnamed":false}},{"type":"Feature","geometry":{"type":"Point","coordinates":[-86.30598,12.16301]},"properties":{"id":"fbdb06ea-ce8a-507a-9af7-08f7109da6d2","slug":null,"name":"La Chureca","city":"Managua","citySlug":"managua-ni","cc":null,"kind":"activity","status":"unknown","visits":1,"unnamed":false}},{"type":"Feature","geometry":{"type":"Point","coordinates":[-46.68725,-23.55647]},"properties":{"id":"731e6d40-ce3f-5853-b604-96ef5ab02a07","slug":null,"name":"Lá da Venda","city":null,"citySlug":null,"cc":null,"kind":"unknown","status":"unknown","visits":1,"unnamed":false}},{"type":"Feature","geometry":{"type":"Point","coordinates":[-80.21259,25.76569]},"properties":{"id":"dc832e7b-1483-593b-8e7a-3c024144e5bd","slug":null,"name":"La Esquina Tropical","city":"Miami","citySlug":"miami-us","cc":null,"kind":"food","status":"unknown","visits":1,"unnamed":false}},{"type":"Feature","geometry":{"type":"Point","coordinates":[-122.42201,37.79814]},"properties":{"id":"ba0eac8f-38ca-5dbe-a7ec-8fb1ccb2ba2c","slug":null,"name":"La Folie","city":"San Francisco","citySlug":"san-francisco-us","cc":null,"kind":"unknown","status":"unknown","visits":1,"unnamed":false}},{"type":"Feature","geometry":{"type":"Point","coordinates":[-3.69474,40.43898]},"properties":{"id":"3f637ae6-8d07-54f3-aee6-fec4304235fd","slug":null,"name":"La Gabinoteca","city":"Madrid","citySlug":"madrid-es","cc":null,"kind":"food","status":"unknown","visits":1,"unnamed":false}},{"type":"Feature","geometry":{"type":"Point","coordinates":[5.74214,43.2019]},"properties":{"id":"88199263-c7ad-5b4b-9dee-965752862a0f","slug":null,"name":"La Galline","city":"La Cadière-d'Azur","citySlug":"la-cadiere-dazur-fr","cc":null,"kind":"food","status":"unknown","visits":1,"unnamed":false}},{"type":"Feature","geometry":{"type":"Point","coordinates":[12.50908,41.88422]},"properties":{"id":"3642d09c-eb22-5029-9f5d-e0c82730486f","slug":null,"name":"La Grattachecca","city":"Rome","citySlug":"rome-it","cc":null,"kind":"unknown","status":"unknown","visits":1,"unnamed":false}},{"type":"Feature","geometry":{"type":"Point","coordinates":[-95.402,29.74683]},"properties":{"id":"5a14e2d8-3f25-500b-abb6-6a11d62ff20a","slug":null,"name":"La Guadalupana Bakery & Cafe","city":"Houston","citySlug":"houston-us","cc":null,"kind":"unknown","status":"unknown","visits":1,"unnamed":false}},{"type":"Feature","geometry":{"type":"Point","coordinates":[-79.88884,-2.19134]},"properties":{"id":"3f6b1724-2d62-511d-80d7-76e9261ee200","slug":null,"name":"La Guatita","city":"Guayaquil","citySlug":"guayaquil-ec","cc":null,"kind":"food","status":"unknown","visits":1,"unnamed":false}},{"type":"Feature","geometry":{"type":"Point","coordinates":[-116.62318,31.8615]},"properties":{"id":"ec37bda0-d0ed-5eb6-89aa-b5600944527f","slug":null,"name":"La Guerrerense","city":"Ensenada","citySlug":"ensenada-mx","cc":null,"kind":"food","status":"unknown","visits":1,"unnamed":false}},{"type":"Feature","geometry":{"type":"Point","coordinates":[-118.28997,34.10042]},"properties":{"id":"7717ea0a-55ee-50ec-9d82-ada04c47098b","slug":null,"name":"La Luz De Jesus Gallery","city":"Los Angeles","citySlug":"los-angeles-us","cc":null,"kind":"unknown","status":"unknown","visits":1,"unnamed":false}},{"type":"Feature","geometry":{"type":"Point","coordinates":[-157.89314,21.32185]},"properties":{"id":"8a7499dd-7b11-5f7d-8f18-da7885069f32","slug":null,"name":"La Mariana Sailing Club","city":"Honolulu","citySlug":"honolulu-us","cc":null,"kind":"food","status":"unknown","visits":1,"unnamed":false}},{"type":"Feature","geometry":{"type":"Point","coordinates":[-117.03554,32.53094]},"properties":{"id":"38431e76-1ada-57dc-b3cb-444c84a341ea","slug":null,"name":"La Mezcalera","city":"Tijuana","citySlug":"tijuana-mx","cc":null,"kind":"food","status":"unknown","visits":1,"unnamed":false}},{"type":"Feature","geometry":{"type":"Point","coordinates":[2.33686,48.85543]},"properties":{"id":"3e8e2b59-59b3-5f01-8545-d99ba9940529","slug":null,"name":"La Palette","city":"Paris","citySlug":"paris-fr","cc":null,"kind":"unknown","status":"unknown","visits":1,"unnamed":false}},{"type":"Feature","geometry":{"type":"Point","coordinates":[-80.12068,25.85568]},"properties":{"id":"3c89fb27-c168-55a8-a479-e03ff6734857","slug":null,"name":"La Perrada De Edgar","city":"Miami Beach","citySlug":"miami-beach-us","cc":null,"kind":"unknown","status":"unknown","visits":1,"unnamed":false}},{"type":"Feature","geometry":{"type":"Point","coordinates":[-71.62954,-33.03824]},"properties":{"id":"181556f0-f01c-5553-9363-fe18a7029289","slug":null,"name":"La Playa","city":"Valparaíso","citySlug":"valparaiso-cl","cc":null,"kind":"food","status":"unknown","visits":1,"unnamed":false}},{"type":"Feature","geometry":{"type":"Point","coordinates":[-74.07481,4.59801]},"properties":{"id":"46af475b-2376-56cd-b575-d3537fa19e75","slug":null,"name":"La Puerta Falsa","city":"Bogota","citySlug":"bogota-co","cc":null,"kind":"unknown","status":"unknown","visits":1,"unnamed":false}},{"type":"Feature","geometry":{"type":"Point","coordinates":[-118.23213,34.03439]},"properties":{"id":"cab44d43-06f0-5f90-a053-20d4b5d63c0f","slug":null,"name":"La Reyna","city":"Los Angeles","citySlug":"los-angeles-us","cc":null,"kind":"unknown","status":"unknown","visits":1,"unnamed":false}},{"type":"Feature","geometry":{"type":"Point","coordinates":[2.37073,48.87341]},"properties":{"id":"1ea4dac8-e639-5fc1-9908-97cc465ec272","slug":null,"name":"La Tete Dans les Olives","city":"Paris","citySlug":"paris-fr","cc":null,"kind":"food","status":"unknown","visits":1,"unnamed":false}},{"type":"Feature","geometry":{"type":"Point","coordinates":[2.344,48.86153]},"properties":{"id":"5e627ba9-1b9d-51e0-9d9c-d854e291804e","slug":null,"name":"La Tour Montlhéry - Chez Denise","city":"Paris","citySlug":"paris-fr","cc":null,"kind":"food","status":"unknown","visits":1,"unnamed":false}},{"type":"Feature","geometry":{"type":"Point","coordinates":[-73.61217,4.16898]},"properties":{"id":"c5eb696a-ca70-5e4d-b3c8-c055148663d4","slug":null,"name":"La Vanguardia Airport","city":"Villavicencio","citySlug":"villavicencio-co","cc":null,"kind":"unknown","status":"unknown","visits":1,"unnamed":false}},{"type":"Feature","geometry":{"type":"Point","coordinates":[-70.65,-33.43119]},"properties":{"id":"af364a7d-0046-5945-a67c-e2e1721df084","slug":null,"name":"La Vega Chica","city":"Santiago","citySlug":"santiago-cl","cc":null,"kind":"food","status":"unknown","visits":1,"unnamed":false}},{"type":"Feature","geometry":{"type":"Point","coordinates":[99.00635,18.80012]},"properties":{"id":"b23d9ca0-2236-5f7b-980a-1074d84f6f43","slug":null,"name":"Laap Kao Cham Chaa","city":"Chiang Mai City Municipality","citySlug":"chiang-mai-city-municipality-th","cc":null,"kind":"unknown","status":"unknown","visits":1,"unnamed":false}},{"type":"Feature","geometry":{"type":"Point","coordinates":[-17.23413,14.83878]},"properties":{"id":"f22c09a0-2f72-50cc-879a-fd173c73d0a0","slug":null,"name":"Lac Rose","city":"Déni Guedj","citySlug":"deni-guedj-sn","cc":null,"kind":"unknown","status":"unknown","visits":1,"unnamed":false}},{"type":"Feature","geometry":{"type":"Point","coordinates":[-73.60541,45.46067]},"properties":{"id":"49cf6c93-ab4c-526e-a682-fed01a2811ed","slug":null,"name":"Lachine Canal","city":"Montreal","citySlug":"montreal-ca","cc":null,"kind":"unknown","status":"unknown","visits":1,"unnamed":false}},{"type":"Feature","geometry":{"type":"Point","coordinates":[-86.27109,12.139]},"properties":{"id":"0a5492ab-4169-5b06-bdd0-fcb251b39feb","slug":null,"name":"Laguna de Tiscapa","city":"Managua","citySlug":"managua-ni","cc":null,"kind":"sight","status":"unknown","visits":1,"unnamed":false}},{"type":"Feature","geometry":{"type":"Point","coordinates":[162.88183,-77.62847]},"properties":{"id":"c1a5bd0f-b3b3-59f5-94e7-44b20116046c","slug":null,"name":"Lake Hoare","city":null,"citySlug":null,"cc":null,"kind":"unknown","status":"unknown","visits":1,"unnamed":false}},{"type":"Feature","geometry":{"type":"Point","coordinates":[35.53842,-3.19275]},"properties":{"id":"4ab69788-5536-575b-9274-e8451ef57868","slug":null,"name":"Lake Magadi","city":"Ngorongoro","citySlug":"ngorongoro-tz","cc":null,"kind":"unknown","status":"unknown","visits":1,"unnamed":false}},{"type":"Feature","geometry":{"type":"Point","coordinates":[79.84869,6.91096]},"properties":{"id":"6811da74-7238-58a8-add6-a4753165c342","slug":null,"name":"Lakmali Hotel","city":"Colombo","citySlug":"colombo-lk","cc":null,"kind":"food","status":"unknown","visits":1,"unnamed":false}},{"type":"Feature","geometry":{"type":"Point","coordinates":[38.26913,-14.39344]},"properties":{"id":"5d666e63-2485-5f7b-a2ee-cf779ce367e8","slug":null,"name":"Lalaua","city":"Lalaua","citySlug":"lalaua-mz","cc":null,"kind":"sight","status":"unknown","visits":1,"unnamed":false}},{"type":"Feature","geometry":{"type":"Point","coordinates":[-89.51101,34.37963]},"properties":{"id":"1c36d158-497f-597b-a93d-950b4759c803","slug":null,"name":"Lamar Lounge","city":"Oxford","citySlug":"oxford-us","cc":null,"kind":"unknown","status":"closed","visits":1,"unnamed":false}},{"type":"Feature","geometry":{"type":"Point","coordinates":[114.11122,22.22447]},"properties":{"id":"db38cf7e-5bfb-5449-a430-bf1e99493c5c","slug":null,"name":"Lamcombe Seafood Restaurant","city":"Hong Kong","citySlug":"hong-kong-cn","cc":null,"kind":"unknown","status":"unknown","visits":1,"unnamed":false}},{"type":"Feature","geometry":{"type":"Point","coordinates":[114.13502,22.20001]},"properties":{"id":"b27efbe1-de48-5af0-baec-fe1d045e40b5","slug":null,"name":"Lamma Island","city":"Hong Kong","citySlug":"hong-kong-cn","cc":null,"kind":"unknown","status":"unknown","visits":1,"unnamed":false}},{"type":"Feature","geometry":{"type":"Point","coordinates":[-73.84882,40.89082]},"properties":{"id":"3196adea-5cff-5f21-942a-329049ff87a9","slug":null,"name":"Lammy's Restaurant","city":"New York","citySlug":"new-york-us","cc":null,"kind":"unknown","status":"unknown","visits":1,"unnamed":false}},{"type":"Feature","geometry":{"type":"Point","coordinates":[12.59292,35.50862]},"properties":{"id":"87f2cf77-7ccf-593b-9dfe-3aa5a38f5b45","slug":null,"name":"Lampedusa","city":"Lampedusa","citySlug":"lampedusa-it","cc":null,"kind":"sight","status":"unknown","visits":1,"unnamed":false}},{"type":"Feature","geometry":{"type":"Point","coordinates":[104.06334,30.65194]},"properties":{"id":"b9d58f75-9580-5041-b40c-6e383450f117","slug":null,"name":"Laoyikang Tea House","city":"Jinjiang District","citySlug":"jinjiang-district-cn","cc":null,"kind":"food","status":"unknown","visits":1,"unnamed":false}},{"type":"Feature","geometry":{"type":"Point","coordinates":[24.93686,60.1667]},"properties":{"id":"4822c44f-068e-5826-b0c1-459b1f63241b","slug":null,"name":"Lappi Ravintola","city":"Helsinki","citySlug":"helsinki-fi","cc":null,"kind":"food","status":"unknown","visits":1,"unnamed":false}},{"type":"Feature","geometry":{"type":"Point","coordinates":[-77.07084,-12.0725]},"properties":{"id":"2d860842-4a7b-5541-9625-ae04f5ae4fec","slug":null,"name":"Larco Museum","city":"Pueblo Libre","citySlug":"pueblo-libre-pe","cc":null,"kind":"unknown","status":"unknown","visits":1,"unnamed":false}},{"type":"Feature","geometry":{"type":"Point","coordinates":[-99.46768,27.48931]},"properties":{"id":"9edcf9d2-2fe5-5d94-8cc1-02dca1ba9f57","slug":null,"name":"Laredo Sushi Roll","city":"Laredo","citySlug":"laredo-us","cc":null,"kind":"food","status":"unknown","visits":1,"unnamed":false}},{"type":"Feature","geometry":{"type":"Point","coordinates":[-99.47636,27.46286]},"properties":{"id":"c125644b-48c1-507f-97d3-e6c4276d485c","slug":null,"name":"Laredo Taco Company","city":"Laredo","citySlug":"laredo-us","cc":null,"kind":"unknown","status":"unknown","visits":1,"unnamed":false}},{"type":"Feature","geometry":{"type":"Point","coordinates":[-117.02054,32.51938]},"properties":{"id":"1bbfbf57-7364-5c70-b9da-49ecaab437d6","slug":null,"name":"Las Ahumaderas","city":"Tijuana","citySlug":"tijuana-mx","cc":null,"kind":"food","status":"unknown","visits":1,"unnamed":false}},{"type":"Feature","geometry":{"type":"Point","coordinates":[-54.93704,-34.93838]},"properties":{"id":"1c918ccb-4556-58ae-b09a-7ca63e5e62e1","slug":null,"name":"Las Nenas Steak House","city":"Punta Del Este","citySlug":"punta-del-este-uy","cc":null,"kind":"unknown","status":"unknown","visits":1,"unnamed":false}},{"type":"Feature","geometry":{"type":"Point","coordinates":[-80.13485,25.77569]},"properties":{"id":"82151381-8128-5f55-a74b-364bbaf35113","slug":null,"name":"Las Olas Cafe","city":"Miami Beach","citySlug":"miami-beach-us","cc":null,"kind":"unknown","status":"unknown","visits":1,"unnamed":false}},{"type":"Feature","geometry":{"type":"Point","coordinates":[-99.1262,19.42342]},"properties":{"id":"2d935bb1-d543-51cf-a7ab-ebb4f68e9158","slug":null,"name":"Latin American Gym","city":"Mexico City","citySlug":"mexico-city-mx","cc":null,"kind":"activity","status":"unknown","visits":1,"unnamed":false}},{"type":"Feature","geometry":{"type":"Point","coordinates":[114.16307,22.33223]},"properties":{"id":"f747e812-3e9c-52e5-8519-1b7e26caddbc","slug":null,"name":"Lau Sum Kee Noodle","city":"Hong Kong","citySlug":"hong-kong-cn","cc":null,"kind":"unknown","status":"unknown","visits":1,"unnamed":false}},{"type":"Feature","geometry":{"type":"Point","coordinates":[-92.03107,30.23077]},"properties":{"id":"2b3255b8-ce11-5ea8-9d5c-c74ba86ca2f5","slug":null,"name":"Laura's Two","city":"Lafayette","citySlug":"lafayette-us","cc":null,"kind":"unknown","status":"unknown","visits":1,"unnamed":false}},{"type":"Feature","geometry":{"type":"Point","coordinates":[-55.23715,-34.37432]},"properties":{"id":"3b976c36-7d9e-5bc7-b9e8-407c244395df","slug":null,"name":"Lavalleja Department","city":"Minas","citySlug":"minas-uy","cc":null,"kind":"activity","status":"unknown","visits":1,"unnamed":false}},{"type":"Feature","geometry":{"type":"Point","coordinates":[127.68323,26.21473]},"properties":{"id":"6e273de4-6202-589f-af15-84ea1174e057","slug":null,"name":"Lawson Kokusai Street kumoji","city":"Naha","citySlug":"naha-jp","cc":null,"kind":"unknown","status":"unknown","visits":1,"unnamed":false}},{"type":"Feature","geometry":{"type":"Point","coordinates":[139.78163,35.68587]},"properties":{"id":"3dc09f18-117f-5b6f-af4e-560ba08ffbbf","slug":null,"name":"Lawson Ningyocho Station Shop","city":"Chuo","citySlug":"chuo-jp","cc":null,"kind":"food","status":"unknown","visits":1,"unnamed":false}},{"type":"Feature","geometry":{"type":"Point","coordinates":[-94.51747,39.0348]},"properties":{"id":"71878a1f-b2ad-5382-ba83-071b64359be5","slug":null,"name":"LC's Bar-B-Q","city":"Kansas City","citySlug":"kansas-city-us","cc":null,"kind":"food","status":"unknown","visits":1,"unnamed":false}},{"type":"Feature","geometry":{"type":"Point","coordinates":[2.33518,48.85623]},"properties":{"id":"b40e865e-f455-5c7f-b5a8-54aa76265a0a","slug":null,"name":"Le Bar de L'Hotel","city":"Paris","citySlug":"paris-fr","cc":null,"kind":"lodging","status":"unknown","visits":1,"unnamed":false}},{"type":"Feature","geometry":{"type":"Point","coordinates":[5.38681,43.29407]},"properties":{"id":"8350e152-545f-589e-b58b-5b3d71ab90eb","slug":null,"name":"Le Bar de la Plaine","city":"Marseille","citySlug":"marseille-fr","cc":null,"kind":"unknown","status":"unknown","visits":1,"unnamed":false}},{"type":"Feature","geometry":{"type":"Point","coordinates":[2.38284,48.87307]},"properties":{"id":"20bd34fb-37c1-5c3a-a4bd-3abede1ecb76","slug":null,"name":"Le Baratin","city":"Paris","citySlug":"paris-fr","cc":null,"kind":"unknown","status":"unknown","visits":1,"unnamed":false}},{"type":"Feature","geometry":{"type":"Point","coordinates":[-1.14795,44.65698]},"properties":{"id":"9e4bba48-d9ee-5248-aaf5-31be31740c38","slug":null,"name":"Le Bistrot du Port","city":"Arcachon","citySlug":"arcachon-fr","cc":null,"kind":"unknown","status":"unknown","visits":1,"unnamed":false}},{"type":"Feature","geometry":{"type":"Point","coordinates":[-90.10624,29.92053]},"properties":{"id":"5fe03aa7-b118-5e3b-9ca6-e2eb822e4db6","slug":null,"name":"Le Bon Temps Roule","city":"New Orleans","citySlug":"new-orleans-us","cc":null,"kind":"unknown","status":"unknown","visits":1,"unnamed":false}},{"type":"Feature","geometry":{"type":"Point","coordinates":[30.51816,50.44833]},"properties":{"id":"ac66b773-3fec-5c26-bd6f-1e5a9095e436","slug":null,"name":"Le Borsch","city":"Kyiv","citySlug":"kyiv-ua","cc":null,"kind":"food","status":"closed","visits":1,"unnamed":false}},{"type":"Feature","geometry":{"type":"Point","coordinates":[2.37133,48.86935]},"properties":{"id":"a25a623b-8135-5e76-a759-c9129d6dada0","slug":null,"name":"Le Châteaubriand","city":"Paris","citySlug":"paris-fr","cc":null,"kind":"food","status":"unknown","visits":1,"unnamed":false}},{"type":"Feature","geometry":{"type":"Point","coordinates":[35.51506,33.89491]},"properties":{"id":"5a54eca2-ab34-5501-bd68-96d91a5c4103","slug":null,"name":"Le Chef","city":"Mar Nicolas","citySlug":"mar-nicolas-lb","cc":null,"kind":"food","status":"unknown","visits":1,"unnamed":false}},{"type":"Feature","geometry":{"type":"Point","coordinates":[2.33885,48.85197]},"properties":{"id":"f43d044b-4e0b-51be-b017-aae5af219e96","slug":null,"name":"Le comptoir","city":null,"citySlug":null,"cc":null,"kind":"food","status":"unknown","visits":1,"unnamed":false}},{"type":"Feature","geometry":{"type":"Point","coordinates":[-71.20696,46.8119]},"properties":{"id":"2a0f3d1e-a0ef-5d97-8a05-45006c48ebf9","slug":null,"name":"Le Continental","city":"Quebec","citySlug":"quebec-ca","cc":null,"kind":"unknown","status":"unknown","visits":1,"unnamed":false}},{"type":"Feature","geometry":{"type":"Point","coordinates":[2.32907,48.84199]},"properties":{"id":"4f04b60f-c425-5ed6-a3da-58f66f11a548","slug":null,"name":"Le Dôme Café","city":"Paris","citySlug":"paris-fr","cc":null,"kind":"unknown","status":"unknown","visits":1,"unnamed":false}},{"type":"Feature","geometry":{"type":"Point","coordinates":[-17.46122,14.70245]},"properties":{"id":"eefc11d2-7249-5208-a69e-9c8c7008c61b","slug":null,"name":"Le jardin de l'Amitié","city":null,"citySlug":null,"cc":null,"kind":"unknown","status":"unknown","visits":1,"unnamed":false}},{"type":"Feature","geometry":{"type":"Point","coordinates":[2.32776,48.83224]},"properties":{"id":"d1e9e4d1-9dc1-5c80-8e23-89e5a19ed1bb","slug":null,"name":"Le Jeu de Quilles","city":"Paris","citySlug":"paris-fr","cc":null,"kind":"food","status":"closed","visits":1,"unnamed":false}},{"type":"Feature","geometry":{"type":"Point","coordinates":[2.34984,48.84004]},"properties":{"id":"ea90f0ec-756a-5880-b730-59ad701ad964","slug":null,"name":"Le Papillon","city":"Paris","citySlug":"paris-fr","cc":null,"kind":"food","status":"unknown","visits":1,"unnamed":false}},{"type":"Feature","geometry":{"type":"Point","coordinates":[2.33934,48.90255]},"properties":{"id":"471fe7dd-d113-593f-8568-1d1b7f46bcea","slug":null,"name":"Le Paul Bert","city":"Saint-Ouen-sur-Seine","citySlug":"saint-ouen-sur-seine-fr","cc":null,"kind":"unknown","status":"unknown","visits":1,"unnamed":false}},{"type":"Feature","geometry":{"type":"Point","coordinates":[5.35212,43.28009]},"properties":{"id":"fb4fc351-a424-5447-b241-6d6edb16525d","slug":null,"name":"Le Petit Nice Passedat","city":"Marseille","citySlug":"marseille-fr","cc":null,"kind":"unknown","status":"unknown","visits":1,"unnamed":false}},{"type":"Feature","geometry":{"type":"Point","coordinates":[-122.34242,47.61078]},"properties":{"id":"ff44ec00-3f8a-59e8-84ef-6c68a23390a9","slug":null,"name":"Le Pichet","city":"Seattle","citySlug":"seattle-us","cc":null,"kind":"unknown","status":"unknown","visits":1,"unnamed":false}},{"type":"Feature","geometry":{"type":"Point","coordinates":[2.38344,48.85329]},"properties":{"id":"967a6244-2b9e-59fa-9500-d5fd845b249d","slug":null,"name":"Le Pure Café","city":"Paris","citySlug":"paris-fr","cc":null,"kind":"unknown","status":"unknown","visits":1,"unnamed":false}},{"type":"Feature","geometry":{"type":"Point","coordinates":[3.57477,47.7945]},"properties":{"id":"580a0dc1-e8b7-59e7-8da3-a9116315d151","slug":null,"name":"Le Rendez Vous","city":"Auxerre","citySlug":"auxerre-fr","cc":null,"kind":"food","status":"unknown","visits":1,"unnamed":false}},{"type":"Feature","geometry":{"type":"Point","coordinates":[2.30294,48.85651]},"properties":{"id":"f6802c0b-13ea-5a07-b6d8-121fffc4b177","slug":null,"name":"Le Royal","city":"Paris","citySlug":"paris-fr","cc":null,"kind":"food","status":"unknown","visits":1,"unnamed":false}},{"type":"Feature","geometry":{"type":"Point","coordinates":[35.5954,33.94862]},"properties":{"id":"7fc23c61-67e6-52ec-92d4-eb3db05cfe52","slug":null,"name":"Le Royal Hotel Beirut","city":"Dbayeh","citySlug":"dbayeh-lb","cc":null,"kind":"activity","status":"unknown","visits":1,"unnamed":false}},{"type":"Feature","geometry":{"type":"Point","coordinates":[-79.41485,43.64512]},"properties":{"id":"641c8fa6-66d4-5ce5-9ecc-266a5abf7813","slug":null,"name":"Le Swan","city":"Toronto","citySlug":"toronto-ca","cc":null,"kind":"unknown","status":"unknown","visits":1,"unnamed":false}},{"type":"Feature","geometry":{"type":"Point","coordinates":[-1.97438,48.60058]},"properties":{"id":"2e951b3d-662b-5baa-b72a-18e7ac57017b","slug":null,"name":"Le Ty Billig","city":"Saint-Jouan-des-Guérets","citySlug":"saint-jouan-des-guerets-fr","cc":null,"kind":"food","status":"unknown","visits":1,"unnamed":false}},{"type":"Feature","geometry":{"type":"Point","coordinates":[2.36351,48.87285]},"properties":{"id":"5700a15d-318d-5025-86f9-139b277b885b","slug":null,"name":"Le Verre Volé","city":"Paris","citySlug":"paris-fr","cc":null,"kind":"unknown","status":"unknown","visits":1,"unnamed":false}},{"type":"Feature","geometry":{"type":"Point","coordinates":[2.32755,48.88385]},"properties":{"id":"9ea69037-740e-5818-b582-1ae9d5e89db7","slug":null,"name":"Le Wepler","city":null,"citySlug":null,"cc":null,"kind":"unknown","status":"unknown","visits":1,"unnamed":false}},{"type":"Feature","geometry":{"type":"Point","coordinates":[114.15274,22.28294]},"properties":{"id":"4ddfacfa-c70d-5f36-9b53-bcedfb8e26a4","slug":null,"name":"Leaf Dessert","city":null,"citySlug":null,"cc":null,"kind":"unknown","status":"unknown","visits":1,"unnamed":false}},{"type":"Feature","geometry":{"type":"Point","coordinates":[-86.25328,12.13835]},"properties":{"id":"2ecca1d7-ee42-5ca7-83cf-85d26ac2e042","slug":null,"name":"Leche agria El Ganadero","city":null,"citySlug":null,"cc":null,"kind":"food","status":"unknown","visits":1,"unnamed":false}},{"type":"Feature","geometry":{"type":"Point","coordinates":[-69.95752,18.4316]},"properties":{"id":"a80500e7-564e-5e10-86b2-57b3c3bfd2dc","slug":null,"name":"Lechonera El Monumento","city":null,"citySlug":null,"cc":null,"kind":"food","status":"unknown","visits":1,"unnamed":false}},{"type":"Feature","geometry":{"type":"Point","coordinates":[-66.07154,18.12969]},"properties":{"id":"b0419e29-8e0c-5c24-a5e6-5dc0cf250a3f","slug":null,"name":"Lechonera Los Pinos","city":null,"citySlug":null,"cc":null,"kind":"food","status":"unknown","visits":1,"unnamed":false}},{"type":"Feature","geometry":{"type":"Point","coordinates":[-94.41355,39.07604]},"properties":{"id":"113de364-0272-5609-a685-f441671a859d","slug":null,"name":"Leila's Hair Museum","city":null,"citySlug":null,"cc":null,"kind":"sight","status":"unknown","visits":1,"unnamed":false}},{"type":"Feature","geometry":{"type":"Point","coordinates":[113.53805,22.19486]},"properties":{"id":"1906fb09-fcd6-562d-8755-f352b304ba83","slug":null,"name":"Leiteria I Son","city":null,"citySlug":null,"cc":null,"kind":"food","status":"unknown","visits":1,"unnamed":false}},{"type":"Feature","geometry":{"type":"Point","coordinates":[14.29484,32.6343]},"properties":{"id":"7bb9444b-d5e1-514a-9d0b-daa40f3a173c","slug":null,"name":"Leptis Magna","city":null,"citySlug":null,"cc":null,"kind":"unknown","status":"unknown","visits":1,"unnamed":false}},{"type":"Feature","geometry":{"type":"Point","coordinates":[2.30185,48.85817]},"properties":{"id":"88b702d9-99e0-5e32-85f3-12ecc3e7a9da","slug":null,"name":"Les Cocottes","city":null,"citySlug":null,"cc":null,"kind":"food","status":"unknown","visits":1,"unnamed":false}},{"type":"Feature","geometry":{"type":"Point","coordinates":[2.34474,48.86233]},"properties":{"id":"374ce4c9-d6fd-50ff-b1d5-b4655210ac25","slug":null,"name":"Les Halles","city":null,"citySlug":null,"cc":null,"kind":"sight","status":"unknown","visits":1,"unnamed":false}},{"type":"Feature","geometry":{"type":"Point","coordinates":[103.77154,29.54413]},"properties":{"id":"ddd7b16d-f4f4-5535-8a72-df197391074a","slug":null,"name":"Leshan Giant Buddha","city":null,"citySlug":null,"cc":null,"kind":"unknown","status":"unknown","visits":1,"unnamed":false}},{"type":"Feature","geometry":{"type":"Point","coordinates":[-5.43806,57.68532]},"properties":{"id":"8cd04fae-8523-5b0c-a9ac-bb18d77a7710","slug":null,"name":"Letterewe","city":null,"citySlug":null,"cc":null,"kind":"unknown","status":"unknown","visits":1,"unnamed":false}},{"type":"Feature","geometry":{"type":"Point","coordinates":[37.44085,0.22539]},"properties":{"id":"7169dc86-95bf-557e-adb8-4fc630709b3f","slug":null,"name":"Lewa Wildlife Conservancy","city":null,"citySlug":null,"cc":null,"kind":"unknown","status":"unknown","visits":1,"unnamed":false}},{"type":"Feature","geometry":{"type":"Point","coordinates":[-73.89163,40.74715]},"properties":{"id":"2c41f9a4-1e17-5459-966a-2274eb4c8fbe","slug":null,"name":"Lhasa Fast Food","city":null,"citySlug":null,"cc":null,"kind":"unknown","status":"unknown","visits":1,"unnamed":false}},{"type":"Feature","geometry":{"type":"Point","coordinates":[116.40639,39.8983]},"properties":{"id":"689c2b4f-82a3-5d49-8398-7d795ad4c78b","slug":null,"name":"Li Qun Roast Duck Restaurant","city":null,"citySlug":null,"cc":null,"kind":"food","status":"unknown","visits":1,"unnamed":false}},{"type":"Feature","geometry":{"type":"Point","coordinates":[120.78487,30.75331]},"properties":{"id":"8a2464f9-b4ec-5e27-80d5-76b7b35d076c","slug":null,"name":"Lianglukou Hotpot","city":null,"citySlug":null,"cc":null,"kind":"unknown","status":"unknown","visits":1,"unnamed":false}},{"type":"Feature","geometry":{"type":"Point","coordinates":[13.40782,52.53649]},"properties":{"id":"b3f13a4b-6049-53e7-94c9-d0b708663811","slug":null,"name":"Lichtblick-Kino","city":null,"citySlug":null,"cc":null,"kind":"unknown","status":"unknown","visits":1,"unnamed":false}},{"type":"Feature","geometry":{"type":"Point","coordinates":[-57.63492,-25.28202]},"properties":{"id":"e54d615e-0a0a-5545-a097-40866bcaefcb","slug":null,"name":"Lido Bar","city":null,"citySlug":null,"cc":null,"kind":"unknown","status":"unknown","visits":1,"unnamed":false}},{"type":"Feature","geometry":{"type":"Point","coordinates":[-73.90964,40.88547]},"properties":{"id":"390dde18-a3d7-53ef-aee5-c690403414c4","slug":null,"name":"Liebman’s Deli","city":null,"citySlug":null,"cc":null,"kind":"unknown","status":"unknown","visits":1,"unnamed":false}},{"type":"Feature","geometry":{"type":"Point","coordinates":[100.50935,13.76115]},"properties":{"id":"8bf8fc9f-5b37-56ec-9f0f-47b6bb5fbd20","slug":null,"name":"Likhit Kai Yang","city":null,"citySlug":null,"cc":null,"kind":"food","status":"unknown","visits":1,"unnamed":false}},{"type":"Feature","geometry":{"type":"Point","coordinates":[-77.04275,-12.04637]},"properties":{"id":"815ee28d-addf-553a-b058-35812d2a384b","slug":null,"name":"Lima","city":null,"citySlug":null,"cc":null,"kind":"activity","status":"unknown","visits":1,"unnamed":false}},{"type":"Feature","geometry":{"type":"Point","coordinates":[114.15345,22.28427]},"properties":{"id":"a2be130a-69f6-5841-a830-8d8abd8bca08","slug":null,"name":"Lin Heung Tea House","city":null,"citySlug":null,"cc":null,"kind":"food","status":"unknown","visits":1,"unnamed":false}},{"type":"Feature","geometry":{"type":"Point","coordinates":[-122.3116,47.61488]},"properties":{"id":"8c2d2d6e-69a9-5248-84dc-f44ec319adf6","slug":null,"name":"Little Uncle","city":null,"citySlug":null,"cc":null,"kind":"unknown","status":"unknown","visits":1,"unnamed":false}},{"type":"Feature","geometry":{"type":"Point","coordinates":[121.55977,25.04613]},"properties":{"id":"4ecff673-a23c-5fe2-ba17-c2749218b559","slug":null,"name":"Liu Mama Noodle","city":null,"citySlug":null,"cc":null,"kind":"unknown","status":"unknown","visits":1,"unnamed":false}},{"type":"Feature","geometry":{"type":"Point","coordinates":[116.43513,40.13485]},"properties":{"id":"73eb7da6-28dd-5756-8511-affdbe1b87e1","slug":null,"name":"Liubiju Pickles","city":null,"citySlug":null,"cc":null,"kind":"market","status":"unknown","visits":1,"unnamed":false}},{"type":"Feature","geometry":{"type":"Point","coordinates":[-73.57543,45.483]},"properties":{"id":"4ce8e86d-8dcd-5e19-9b55-4c12c55f0e28","slug":null,"name":"Liverpool House","city":null,"citySlug":null,"cc":null,"kind":"unknown","status":"unknown","visits":1,"unnamed":false}},{"type":"Feature","geometry":{"type":"Point","coordinates":[-70.18534,42.052]},"properties":{"id":"eca6178a-c8c8-52e0-88a2-3a745271c191","slug":null,"name":"Lobster Pot Restaurant","city":null,"citySlug":null,"cc":null,"kind":"unknown","status":"unknown","visits":2,"unnamed":false}},{"type":"Feature","geometry":{"type":"Point","coordinates":[38.75776,8.9806]},"properties":{"id":"b0e5f659-bf68-5aa5-ad49-2c684ddd87ca","slug":null,"name":"Local Tej Bet","city":null,"citySlug":null,"cc":null,"kind":"unknown","status":"unknown","visits":1,"unnamed":false}},{"type":"Feature","geometry":{"type":"Point","coordinates":[-90.06822,29.95097]},"properties":{"id":"d0c4965b-0cbe-5d2d-90ac-1d4712c19e33","slug":null,"name":"Loft 23","city":null,"citySlug":null,"cc":null,"kind":"unknown","status":"unknown","visits":1,"unnamed":false}},{"type":"Feature","geometry":{"type":"Point","coordinates":[-75.17059,39.95639]},"properties":{"id":"48343ecd-a155-5dee-9ce8-2fc0d8137dbf","slug":null,"name":"Logan Square","city":null,"citySlug":null,"cc":null,"kind":"unknown","status":"unknown","visits":1,"unnamed":false}},{"type":"Feature","geometry":{"type":"Point","coordinates":[-81.69024,41.49879]},"properties":{"id":"4c8ce825-b35a-5f4d-a1d2-f479729040d2","slug":null,"name":"Lola","city":null,"citySlug":null,"cc":null,"kind":"food","status":"unknown","visits":1,"unnamed":false}},{"type":"Feature","geometry":{"type":"Point","coordinates":[-6.23848,53.34471]},"properties":{"id":"bf91e230-6722-542b-8a3e-06bc5fac0b93","slug":null,"name":"Lolly and Cooks","city":null,"citySlug":null,"cc":null,"kind":"unknown","status":"unknown","visits":1,"unnamed":false}},{"type":"Feature","geometry":{"type":"Point","coordinates":[-87.70715,41.93009]},"properties":{"id":"a4be7ad4-d558-586f-8ee7-f543fdcb3f71","slug":null,"name":"Longman & Eagle","city":null,"citySlug":null,"cc":null,"kind":"unknown","status":"unknown","visits":2,"unnamed":false}},{"type":"Feature","geometry":{"type":"Point","coordinates":[47.52989,-18.90052]},"properties":{"id":"18db88eb-cc12-576b-b91e-d43ba6f1751a","slug":null,"name":"Look's Andravoahangy","city":null,"citySlug":null,"cc":null,"kind":"unknown","status":"unknown","visits":1,"unnamed":false}},{"type":"Feature","geometry":{"type":"Point","coordinates":[-116.43651,33.75783]},"properties":{"id":"bd43009e-ce28-5d24-afeb-489b124df114","slug":null,"name":"Lord Fletcher's Restaurant","city":null,"citySlug":null,"cc":null,"kind":"food","status":"unknown","visits":1,"unnamed":false}},{"type":"Feature","geometry":{"type":"Point","coordinates":[103.88566,1.31418]},"properties":{"id":"61ca965f-907a-58bd-872e-99c9eb893a57","slug":null,"name":"Lorong 29 Geylang","city":null,"citySlug":null,"cc":null,"kind":"unknown","status":"unknown","visits":1,"unnamed":false}},{"type":"Feature","geometry":{"type":"Point","coordinates":[-58.56971,-34.51913]},"properties":{"id":"47ddfcd0-bc89-520c-9c59-4561414845cf","slug":null,"name":"Los Talas del Entrerriano","city":null,"citySlug":null,"cc":null,"kind":"unknown","status":"unknown","visits":1,"unnamed":false}},{"type":"Feature","geometry":{"type":"Point","coordinates":[-80.31258,39.12099]},"properties":{"id":"7ce83200-cf02-5c72-93e2-c6272615f693","slug":null,"name":"Lost Creek Farm","city":null,"citySlug":null,"cc":null,"kind":"unknown","status":"unknown","visits":1,"unnamed":false}},{"type":"Feature","geometry":{"type":"Point","coordinates":[-104.01773,30.31]},"properties":{"id":"49f06acb-ad17-5bf0-8d31-a5abedca83a1","slug":null,"name":"Lost Horse Saloon","city":null,"citySlug":null,"cc":null,"kind":"unknown","status":"unknown","visits":1,"unnamed":false}},{"type":"Feature","geometry":{"type":"Point","coordinates":[-121.82231,45.49002]},"properties":{"id":"f3c06a87-8ca8-5d00-a034-63f04f8a3e6a","slug":null,"name":"Lost Lake","city":null,"citySlug":null,"cc":null,"kind":"sight","status":"unknown","visits":1,"unnamed":false}},{"type":"Feature","geometry":{"type":"Point","coordinates":[-115.1432,36.1436]},"properties":{"id":"0ad0a73b-2a0a-599b-8d7b-8481d70eaf8c","slug":null,"name":"Lotus of Siam","city":null,"citySlug":null,"cc":null,"kind":"unknown","status":"unknown","visits":1,"unnamed":false}},{"type":"Feature","geometry":{"type":"Point","coordinates":[-46.64507,-23.54587]},"properties":{"id":"f1fe4970-f764-52ee-b4c2-ca617e8909e8","slug":null,"name":"Love Story","city":null,"citySlug":null,"cc":null,"kind":"unknown","status":"unknown","visits":1,"unnamed":false}},{"type":"Feature","geometry":{"type":"Point","coordinates":[102.14319,19.87952]},"properties":{"id":"b8c278d8-78fa-53af-ad66-715613149f57","slug":null,"name":"Luang Prabang","city":null,"citySlug":null,"cc":null,"kind":"sight","status":"unknown","visits":1,"unnamed":false}},{"type":"Feature","geometry":{"type":"Point","coordinates":[-74.37,39.74683]},"properties":{"id":"000e078c-f208-58b5-b187-527232ab0b29","slug":null,"name":"Lucille's Country Cooking","city":null,"citySlug":null,"cc":null,"kind":"unknown","status":"unknown","visits":1,"unnamed":false}},{"type":"Feature","geometry":{"type":"Point","coordinates":[-1.98685,43.32251]},"properties":{"id":"383738ab-caef-586e-a74a-6c45fb9f7784","slug":null,"name":"Luis Irízar","city":null,"citySlug":null,"cc":null,"kind":"unknown","status":"unknown","visits":1,"unnamed":false}},{"type":"Feature","geometry":{"type":"Point","coordinates":[-46.63284,-23.48818]},"properties":{"id":"0de53f0b-0c77-5103-9661-5aa5751b93b7","slug":null,"name":"Luiz Fernandes Bar","city":null,"citySlug":null,"cc":null,"kind":"unknown","status":"unknown","visits":1,"unnamed":false}},{"type":"Feature","geometry":{"type":"Point","coordinates":[22.16049,65.58106]},"properties":{"id":"55e63501-3dc7-5ab3-94e1-ad24746b1af3","slug":null,"name":"Lulea Swedish Lapland","city":null,"citySlug":null,"cc":null,"kind":"activity","status":"unknown","visits":1,"unnamed":false}},{"type":"Feature","geometry":{"type":"Point","coordinates":[-87.6298,41.87811]},"properties":{"id":"8e700a8c-cd6d-5db6-923d-3fc68cbe6e6b","slug":null,"name":"Lunch at Lupe Fiasco's home","city":null,"citySlug":null,"cc":null,"kind":"unknown","status":"unknown","visits":1,"unnamed":false}},{"type":"Feature","geometry":{"type":"Point","coordinates":[121.4999,25.03716]},"properties":{"id":"3e520eb8-f1c5-58c6-ae88-872749f42fb2","slug":null,"name":"Lungshan Temple","city":null,"citySlug":null,"cc":null,"kind":"unknown","status":"unknown","visits":1,"unnamed":false}},{"type":"Feature","geometry":{"type":"Point","coordinates":[-90.17355,33.51732]},"properties":{"id":"709d7b23-d139-504d-9458-3c2a76bbe32e","slug":null,"name":"Lusco's","city":null,"citySlug":null,"cc":null,"kind":"unknown","status":"unknown","visits":1,"unnamed":false}},{"type":"Feature","geometry":{"type":"Point","coordinates":[18.00712,59.32305]},"properties":{"id":"7ab6530e-ed64-5efb-b63f-b94db09c4602","slug":null,"name":"Lux Stockholm","city":null,"citySlug":null,"cc":null,"kind":"food","status":"unknown","visits":1,"unnamed":false}},{"type":"Feature","geometry":{"type":"Point","coordinates":[2.33716,48.84622]},"properties":{"id":"5f58907d-d9a2-5717-956a-6ed0d99db0fd","slug":null,"name":"Luxembourg Gardens","city":null,"citySlug":null,"cc":null,"kind":"unknown","status":"unknown","visits":1,"unnamed":false}},{"type":"Feature","geometry":{"type":"Point","coordinates":[-46.63531,-23.53508]},"properties":{"id":"61749313-51e6-5ebb-a977-103a7686a1b7","slug":null,"name":"Luz Station","city":null,"citySlug":null,"cc":null,"kind":"unknown","status":"unknown","visits":1,"unnamed":false}},{"type":"Feature","geometry":{"type":"Point","coordinates":[-112.50861,45.94917]},"properties":{"id":"d2c442e2-5611-5468-be05-0cf79636947f","slug":null,"name":"Lydia's Supper Club","city":null,"citySlug":null,"cc":null,"kind":"unknown","status":"unknown","visits":1,"unnamed":false}},{"type":"Feature","geometry":{"type":"Point","coordinates":[-73.9471,40.74559]},"properties":{"id":"7c72e619-ecd0-5ad7-b960-7fe9716a72b6","slug":null,"name":"M. Wells Dinette","city":null,"citySlug":null,"cc":null,"kind":"unknown","status":"unknown","visits":1,"unnamed":false}},{"type":"Feature","geometry":{"type":"Point","coordinates":[-80.13147,25.78529]},"properties":{"id":"a954a963-0dca-532d-ad17-c06446ba6b14","slug":null,"name":"Mac's Club Deuce","city":null,"citySlug":null,"cc":null,"kind":"unknown","status":"unknown","visits":2,"unnamed":false}},{"type":"Feature","geometry":{"type":"Point","coordinates":[113.54425,22.1916]},"properties":{"id":"23c63385-c322-52da-a4f5-f6092d9df9bd","slug":null,"name":"Macau Military Club Restaurant","city":null,"citySlug":null,"cc":null,"kind":"food","status":"unknown","visits":1,"unnamed":false}},{"type":"Feature","geometry":{"type":"Point","coordinates":[113.53777,22.17997]},"properties":{"id":"a06dfdec-c770-5522-a0c4-34299b6bec87","slug":null,"name":"Macau Tower Convention and Entertainment Center","city":null,"citySlug":null,"cc":null,"kind":"activity","status":"unknown","visits":1,"unnamed":false}},{"type":"Feature","geometry":{"type":"Point","coordinates":[-77.03448,-12.033]},"properties":{"id":"d3370cc5-09fb-58d1-a573-eeab9e05803b","slug":null,"name":"Machu Picchu","city":null,"citySlug":null,"cc":null,"kind":"activity","status":"unknown","visits":1,"unnamed":false}},{"type":"Feature","geometry":{"type":"Point","coordinates":[-72.54297,-13.16594]},"properties":{"id":"c013f200-3b31-5d94-a2c1-a975b617e783","slug":null,"name":"Machu Picchu Sanctuary Lodge","city":null,"citySlug":null,"cc":null,"kind":"lodging","status":"unknown","visits":1,"unnamed":false}},{"type":"Feature","geometry":{"type":"Point","coordinates":[-70.18393,42.05086]},"properties":{"id":"9bb8132f-78ae-56b5-bb39-f50c910075af","slug":null,"name":"MacMillan Pier","city":null,"citySlug":null,"cc":null,"kind":"unknown","status":"unknown","visits":1,"unnamed":false}},{"type":"Feature","geometry":{"type":"Point","coordinates":[121.0305,14.56235]},"properties":{"id":"cd6d8ede-0a3b-5d21-beb6-7639dadaaa65","slug":null,"name":"Mad Dog Motorcycle Club Philippines","city":null,"citySlug":null,"cc":null,"kind":"unknown","status":"unknown","visits":1,"unnamed":false}},{"type":"Feature","geometry":{"type":"Point","coordinates":[-73.9991,40.22252]},"properties":{"id":"b96c3c00-25c1-55e1-a22d-e76c6b04174e","slug":null,"name":"Madame Marie","city":null,"citySlug":null,"cc":null,"kind":"activity","status":"unknown","visits":1,"unnamed":false}},{"type":"Feature","geometry":{"type":"Point","coordinates":[28.18596,-25.70491]},"properties":{"id":"ab769a92-5d5f-5df8-853d-f294e07f9e97","slug":null,"name":"Maders Slaghuis","city":null,"citySlug":null,"cc":null,"kind":"unknown","status":"unknown","visits":1,"unnamed":false}},{"type":"Feature","geometry":{"type":"Point","coordinates":[-6.26823,53.34862]},"properties":{"id":"1a5a4680-85d4-56f1-bee9-be6af02ac6e6","slug":null,"name":"Madina Desi Curry Co","city":null,"citySlug":null,"cc":null,"kind":"food","status":"unknown","visits":1,"unnamed":false}},{"type":"Feature","geometry":{"type":"Point","coordinates":[99.99893,13.40748]},"properties":{"id":"e0615f4a-c540-5fe1-86fc-658779c37806","slug":null,"name":"Mae Klong Railway Market","city":null,"citySlug":null,"cc":null,"kind":"market","status":"unknown","visits":1,"unnamed":false}},{"type":"Feature","geometry":{"type":"Point","coordinates":[139.69724,35.64691]},"properties":{"id":"1daffe3e-3579-5f30-a305-1ebff600b9b0","slug":null,"name":"Mahakala","city":null,"citySlug":null,"cc":null,"kind":"unknown","status":"unknown","visits":1,"unnamed":false}},{"type":"Feature","geometry":{"type":"Point","coordinates":[3.9954,47.69569]},"properties":{"id":"44dc86f9-0346-536e-a15a-fc1c7e14bcd1","slug":null,"name":"Maison Paillot","city":null,"citySlug":null,"cc":null,"kind":"food","status":"unknown","visits":1,"unnamed":false}},{"type":"Feature","geometry":{"type":"Point","coordinates":[35.11651,31.79061]},"properties":{"id":"c3b48d7b-7de3-58e6-91d0-4192185854c6","slug":null,"name":"Majda","city":null,"citySlug":null,"cc":null,"kind":"unknown","status":"unknown","visits":1,"unnamed":false}},{"type":"Feature","geometry":{"type":"Point","coordinates":[114.15419,22.28533]},"properties":{"id":"639c75c2-2575-550f-a1db-846d688aad24","slug":null,"name":"Mak An Kee Noodle","city":null,"citySlug":null,"cc":null,"kind":"unknown","status":"unknown","visits":1,"unnamed":false}},{"type":"Feature","geometry":{"type":"Point","coordinates":[127.68854,26.21686]},"properties":{"id":"e9abb523-daf0-586f-85c3-315e82009be3","slug":null,"name":"Makishi Market","city":null,"citySlug":null,"cc":null,"kind":"unknown","status":"unknown","visits":1,"unnamed":false}},{"type":"Feature","geometry":{"type":"Point","coordinates":[-93.2412,44.85669]},"properties":{"id":"6fa1b7d7-ab03-5d93-a352-9c5e65da9bee","slug":null,"name":"Mall of America","city":null,"citySlug":null,"cc":null,"kind":"unknown","status":"unknown","visits":1,"unnamed":false}},{"type":"Feature","geometry":{"type":"Point","coordinates":[55.20061,25.11811]},"properties":{"id":"f679bb36-af8c-5243-bcec-661c93b78799","slug":null,"name":"Mall of the Emirates","city":null,"citySlug":null,"cc":null,"kind":"activity","status":"unknown","visits":1,"unnamed":false}},{"type":"Feature","geometry":{"type":"Point","coordinates":[4.87778,52.37003]},"properties":{"id":"c2b33f92-8876-592f-8f40-424b8b0e9897","slug":null,"name":"Maloe Melo","city":null,"citySlug":null,"cc":null,"kind":"unknown","status":"unknown","visits":1,"unnamed":false}},{"type":"Feature","geometry":{"type":"Point","coordinates":[-122.32759,47.61439]},"properties":{"id":"b415e749-00e5-5e2d-8d53-7464118764c6","slug":null,"name":"Mamnoon","city":null,"citySlug":null,"cc":null,"kind":"unknown","status":"unknown","visits":1,"unnamed":false}},{"type":"Feature","geometry":{"type":"Point","coordinates":[-45.64379,-23.77417]},"properties":{"id":"1efb29f3-ae35-527b-9298-45a35e6bd66c","slug":null,"name":"Manacá Restaurante","city":null,"citySlug":null,"cc":null,"kind":"food","status":"unknown","visits":1,"unnamed":false}},{"type":"Feature","geometry":{"type":"Point","coordinates":[-86.23617,12.11499]},"properties":{"id":"cae886d8-c94c-5e3d-a2f6-b1b262e5dba9","slug":null,"name":"Managua","city":null,"citySlug":null,"cc":null,"kind":"food","status":"unknown","visits":1,"unnamed":false}},{"type":"Feature","geometry":{"type":"Point","coordinates":[48.00598,-22.14323]},"properties":{"id":"99170e3b-3ec7-576b-896c-6a057d1d7664","slug":null,"name":"Manakara","city":null,"citySlug":null,"cc":null,"kind":"unknown","status":"unknown","visits":1,"unnamed":false}},{"type":"Feature","geometry":{"type":"Point","coordinates":[114.15944,22.28188]},"properties":{"id":"94b8e8ac-7b3e-53c0-a7cc-d9186bbfb382","slug":null,"name":"Mandarin Oriental, Hong Kong","city":null,"citySlug":null,"cc":null,"kind":"unknown","status":"unknown","visits":1,"unnamed":false}},{"type":"Feature","geometry":{"type":"Point","coordinates":[-73.99454,40.75552]},"properties":{"id":"5a587636-4cbc-57f1-95a4-390577d19666","slug":null,"name":"Manganaro's Hero Boy","city":null,"citySlug":null,"cc":null,"kind":"food","status":"unknown","visits":1,"unnamed":false}},{"type":"Feature","geometry":{"type":"Point","coordinates":[-149.56864,-17.5402]},"properties":{"id":"d34a9aa9-90e5-59c1-b195-0dc5d2d76e34","slug":null,"name":"MANGO Tahiti","city":null,"citySlug":null,"cc":null,"kind":"food","status":"unknown","visits":1,"unnamed":false}},{"type":"Feature","geometry":{"type":"Point","coordinates":[121.58837,24.97298]},"properties":{"id":"117c7633-aa4d-596f-826b-a8dcd1189b90","slug":null,"name":"MaoKong","city":null,"citySlug":null,"cc":null,"kind":"unknown","status":"unknown","visits":1,"unnamed":false}},{"type":"Feature","geometry":{"type":"Point","coordinates":[-90.13208,29.94894]},"properties":{"id":"bb275c59-4757-5097-9b52-32576a2f8a05","slug":null,"name":"Maple Leaf Bar","city":null,"citySlug":null,"cc":null,"kind":"unknown","status":"unknown","visits":1,"unnamed":false}},{"type":"Feature","geometry":{"type":"Point","coordinates":[-50.47145,-1.66747]},"properties":{"id":"0b145f10-0a3b-5fd7-bd32-adc3eb7d3d67","slug":null,"name":"Marajó Park Club","city":null,"citySlug":null,"cc":null,"kind":"lodging","status":"unknown","visits":1,"unnamed":false}},{"type":"Feature","geometry":{"type":"Point","coordinates":[-77.03938,-8.67719]},"properties":{"id":"97f64e27-3226-50af-8620-67e37549f74b","slug":null,"name":"Marañón Province","city":null,"citySlug":null,"cc":null,"kind":"unknown","status":"unknown","visits":1,"unnamed":false}},{"type":"Feature","geometry":{"type":"Point","coordinates":[-149.56755,-17.53876]},"properties":{"id":"d2913511-8a3b-5ddc-860d-a7263c99c9c7","slug":null,"name":"Marché de Papeete","city":null,"citySlug":null,"cc":null,"kind":"market","status":"unknown","visits":1,"unnamed":false}},{"type":"Feature","geometry":{"type":"Point","coordinates":[2.362,48.86276]},"properties":{"id":"51e44110-7163-5153-9cab-b809e06bbe57","slug":null,"name":"Marché des Enfants Rouges","city":null,"citySlug":null,"cc":null,"kind":"unknown","status":"unknown","visits":1,"unnamed":false}},{"type":"Feature","geometry":{"type":"Point","coordinates":[-1.68517,48.11242]},"properties":{"id":"dd12fcd5-994e-5d4a-80b8-3536898913fe","slug":null,"name":"Marché des Lices","city":null,"citySlug":null,"cc":null,"kind":"market","status":"unknown","visits":1,"unnamed":false}},{"type":"Feature","geometry":{"type":"Point","coordinates":[-17.42878,14.67057]},"properties":{"id":"8896bb85-5442-53b2-a9cb-580f3e071dfe","slug":null,"name":"Marche Kermel","city":null,"citySlug":null,"cc":null,"kind":"unknown","status":"unknown","visits":1,"unnamed":false}},{"type":"Feature","geometry":{"type":"Point","coordinates":[-73.98112,40.76739]},"properties":{"id":"d6027bef-8b0b-5510-8950-b881d9e8ed36","slug":null,"name":"Marea","city":null,"citySlug":null,"cc":null,"kind":"food","status":"unknown","visits":1,"unnamed":false}},{"type":"Feature","geometry":{"type":"Point","coordinates":[-104.01929,30.30666]},"properties":{"id":"7467e2c9-a1ab-5fda-a61a-23d9c7b0b204","slug":null,"name":"Marfa Burrito","city":null,"citySlug":null,"cc":null,"kind":"unknown","status":"unknown","visits":1,"unnamed":false}},{"type":"Feature","geometry":{"type":"Point","coordinates":[-95.51408,29.72338]},"properties":{"id":"4d153aeb-dc55-5e82-b4a1-ede0c1d92552","slug":null,"name":"Margaret Long Wisdom High School","city":null,"citySlug":null,"cc":null,"kind":"unknown","status":"unknown","visits":1,"unnamed":false}},{"type":"Feature","geometry":{"type":"Point","coordinates":[10.27544,43.67238]},"properties":{"id":"6942abe6-139d-5226-9461-d3695da225dd","slug":null,"name":"Marina di Pisa","city":null,"citySlug":null,"cc":null,"kind":"activity","status":"unknown","visits":1,"unnamed":false}},{"type":"Feature","geometry":{"type":"Point","coordinates":[-118.3612,33.94474]},"properties":{"id":"df60b3ba-6785-5adb-b719-6a0efcd0741e","slug":null,"name":"Mariscos Chente","city":null,"citySlug":null,"cc":null,"kind":"unknown","status":"unknown","visits":1,"unnamed":false}},{"type":"Feature","geometry":{"type":"Point","coordinates":[-8.69083,41.18194]},"properties":{"id":"98aab782-5603-5b57-b35d-1b43d3e14853","slug":null,"name":"Marisqueira Antiga","city":null,"citySlug":null,"cc":null,"kind":"unknown","status":"unknown","visits":1,"unnamed":false}},{"type":"Feature","geometry":{"type":"Point","coordinates":[-80.81118,-1.56035]},"properties":{"id":"eda560a4-67f5-5976-8628-c19c1c8c87a8","slug":null,"name":"Market","city":null,"citySlug":null,"cc":null,"kind":"food","status":"unknown","visits":1,"unnamed":false}},{"type":"Feature","geometry":{"type":"Point","coordinates":[-9.13977,38.75554]},"properties":{"id":"786c43b8-90c9-5627-9a65-bef5d297d665","slug":null,"name":"Market Alvalade Norte","city":null,"citySlug":null,"cc":null,"kind":"market","status":"unknown","visits":1,"unnamed":false}},{"type":"Feature","geometry":{"type":"Point","coordinates":[-46.6592,-23.5598]},"properties":{"id":"c41c91d3-03f4-513a-8f69-9a4b35cf2332","slug":null,"name":"Market Paulista","city":null,"citySlug":null,"cc":null,"kind":"market","status":"unknown","visits":1,"unnamed":false}},{"type":"Feature","geometry":{"type":"Point","coordinates":[-2.45507,50.60777]},"properties":{"id":"f39a7718-5a25-5c75-81e9-a81bf6f66c62","slug":null,"name":"Marlboro","city":null,"citySlug":null,"cc":null,"kind":"unknown","status":"unknown","visits":1,"unnamed":false}},{"type":"Feature","geometry":{"type":"Point","coordinates":[-115.17422,36.10945]},"properties":{"id":"163dece0-b00e-5f74-abde-85e733c587d4","slug":null,"name":"Marquee Nightclub & Dayclub","city":null,"citySlug":null,"cc":null,"kind":"unknown","status":"unknown","visits":1,"unnamed":false}},{"type":"Feature","geometry":{"type":"Point","coordinates":[13.18117,32.89493]},"properties":{"id":"46fa9044-02f4-534d-a92b-da0de5cc034f","slug":null,"name":"Martyrs' Square","city":null,"citySlug":null,"cc":null,"kind":"unknown","status":"unknown","visits":1,"unnamed":false}},{"type":"Feature","geometry":{"type":"Point","coordinates":[72.84526,27.19953]},"properties":{"id":"cc61cb21-7e9a-5d7e-9b6d-c7d3825cf7a7","slug":null,"name":"Marudhar Restaurant","city":null,"citySlug":null,"cc":null,"kind":"food","status":"unknown","visits":1,"unnamed":false}},{"type":"Feature","geometry":{"type":"Point","coordinates":[-73.98305,40.76853]},"properties":{"id":"42ceacc2-f1e3-5d3e-9797-6881bdf21e54","slug":null,"name":"Masa","city":null,"citySlug":null,"cc":null,"kind":"unknown","status":"unknown","visits":2,"unnamed":false}},{"type":"Feature","geometry":{"type":"Point","coordinates":[35.86924,33.80072]},"properties":{"id":"224d8d09-d237-5d55-970d-b0416b6e2143","slug":null,"name":"Massaya Winery","city":null,"citySlug":null,"cc":null,"kind":"food","status":"unknown","visits":1,"unnamed":false}},{"type":"Feature","geometry":{"type":"Point","coordinates":[17.26923,40.9643]},"properties":{"id":"d51aeec8-25c7-5e1c-b9d0-eab7c4996dd6","slug":null,"name":"Masseria Spina Resort","city":null,"citySlug":null,"cc":null,"kind":"unknown","status":"unknown","visits":1,"unnamed":false}},{"type":"Feature","geometry":{"type":"Point","coordinates":[16.60432,40.66638]},"properties":{"id":"5832b0ca-ea3f-54ba-9bda-acdae08ba1e6","slug":null,"name":"Matera","city":null,"citySlug":null,"cc":null,"kind":"unknown","status":"unknown","visits":1,"unnamed":false}},{"type":"Feature","geometry":{"type":"Point","coordinates":[-6.2517,53.33696]},"properties":{"id":"39cd7cce-da80-58d7-9e17-f28f761ad71c","slug":null,"name":"Matt The Thresher","city":null,"citySlug":null,"cc":null,"kind":"unknown","status":"unknown","visits":1,"unnamed":false}},{"type":"Feature","geometry":{"type":"Point","coordinates":[18.07334,59.31487]},"properties":{"id":"18c0f446-18f8-5ffd-9940-f4d51a556d3c","slug":null,"name":"Maxi Grillen","city":null,"citySlug":null,"cc":null,"kind":"food","status":"unknown","visits":1,"unnamed":false}},{"type":"Feature","geometry":{"type":"Point","coordinates":[-99.15803,19.41884]},"properties":{"id":"e1eb702b-2da7-58a1-8bac-0786ddc944ab","slug":null,"name":"Máximo Bistrot","city":null,"citySlug":null,"cc":null,"kind":"unknown","status":"unknown","visits":1,"unnamed":false}},{"type":"Feature","geometry":{"type":"Point","coordinates":[-72.76679,11.67922]},"properties":{"id":"fd62a1f6-9dc9-59bb-8e80-c879b417b115","slug":null,"name":"Mayapo beaches","city":null,"citySlug":null,"cc":null,"kind":"unknown","status":"unknown","visits":1,"unnamed":false}},{"type":"Feature","geometry":{"type":"Point","coordinates":[30.59866,50.45156]},"properties":{"id":"1ba523c7-5e67-5d24-a64c-d70525674919","slug":null,"name":"McFoxy","city":null,"citySlug":null,"cc":null,"kind":"food","status":"unknown","visits":1,"unnamed":false}},{"type":"Feature","geometry":{"type":"Point","coordinates":[166.68634,-77.84188]},"properties":{"id":"01d36a57-d556-5f0e-93d0-9cd70b4ae20f","slug":null,"name":"McMurdo Station","city":null,"citySlug":null,"cc":null,"kind":"unknown","status":"unknown","visits":1,"unnamed":false}},{"type":"Feature","geometry":{"type":"Point","coordinates":[-110.55996,45.66141]},"properties":{"id":"f60665e8-08da-5936-860d-8eff76d26a63","slug":null,"name":"Meal at Jim Harrison's house","city":null,"citySlug":null,"cc":null,"kind":"unknown","status":"unknown","visits":1,"unnamed":false}},{"type":"Feature","geometry":{"type":"Point","coordinates":[121.02226,14.60905]},"properties":{"id":"939a1ded-6e47-5258-8aff-9508abc24f03","slug":null,"name":"Meal with a local","city":null,"citySlug":null,"cc":null,"kind":"unknown","status":"unknown","visits":1,"unnamed":true}},{"type":"Feature","geometry":{"type":"Point","coordinates":[103.75426,21.11109]},"properties":{"id":"8b90150b-d74d-5ca6-ae83-4aa2a9a32365","slug":null,"name":"Meal with locals","city":null,"citySlug":null,"cc":null,"kind":"unknown","status":"unknown","visits":1,"unnamed":true}},{"type":"Feature","geometry":{"type":"Point","coordinates":[102.13872,19.88329]},"properties":{"id":"de42fa46-868f-53ee-867c-30b3519c1b0d","slug":null,"name":"Meal with locals","city":"Viangxai","citySlug":"viangxai-la","cc":null,"kind":"unknown","status":"unknown","visits":1,"unnamed":true}},{"type":"Feature","geometry":{"type":"Point","coordinates":[-16.48182,16.03263]},"properties":{"id":"ff0b04e0-2af9-5a13-9c93-677e8fb30b0e","slug":null,"name":"Meal with locals","city":null,"citySlug":null,"cc":null,"kind":"unknown","status":"unknown","visits":1,"unnamed":true}},{"type":"Feature","geometry":{"type":"Point","coordinates":[-58.38156,-34.60368]},"properties":{"id":"fb381bc8-33e0-56f8-b6e9-48f21a5a8fc2","slug":null,"name":"Meal with locals","city":null,"citySlug":null,"cc":null,"kind":"unknown","status":"unknown","visits":1,"unnamed":true}},{"type":"Feature","geometry":{"type":"Point","coordinates":[-86.74221,36.19667]},"properties":{"id":"f759f5b1-6bbc-57fc-9629-468a71c1df24","slug":null,"name":"Meal with locals","city":null,"citySlug":null,"cc":null,"kind":"unknown","status":"unknown","visits":1,"unnamed":true}},{"type":"Feature","geometry":{"type":"Point","coordinates":[-61.56544,10.68083]},"properties":{"id":"f5e81079-97e5-5090-841a-fa267828a190","slug":null,"name":"Meal with locals","city":null,"citySlug":null,"cc":null,"kind":"unknown","status":"unknown","visits":1,"unnamed":true}},{"type":"Feature","geometry":{"type":"Point","coordinates":[44.8626,40.74055]},"properties":{"id":"f3360277-b4f1-5698-8d2a-fc2705e0e0c2","slug":null,"name":"Meal with locals","city":null,"citySlug":null,"cc":null,"kind":"unknown","status":"unknown","visits":1,"unnamed":true}},{"type":"Feature","geometry":{"type":"Point","coordinates":[15.08303,37.50788]},"properties":{"id":"ee3e46dc-5e44-5cea-a279-4acbf0dbd637","slug":null,"name":"Meal with locals","city":null,"citySlug":null,"cc":null,"kind":"unknown","status":"unknown","visits":1,"unnamed":true}},{"type":"Feature","geometry":{"type":"Point","coordinates":[44.69753,41.69868]},"properties":{"id":"df20fcac-3ead-5cb2-8844-728007dc8366","slug":null,"name":"Meal with locals","city":null,"citySlug":null,"cc":null,"kind":"unknown","status":"unknown","visits":1,"unnamed":true}},{"type":"Feature","geometry":{"type":"Point","coordinates":[35.2395,32.05444]},"properties":{"id":"d7398822-61b5-597b-8242-8b2f8d8b034f","slug":null,"name":"Meal with locals","city":null,"citySlug":null,"cc":null,"kind":"unknown","status":"unknown","visits":1,"unnamed":true}},{"type":"Feature","geometry":{"type":"Point","coordinates":[-8.62911,41.15794]},"properties":{"id":"d3eacf2d-9824-5920-970b-9e97ef763bf9","slug":null,"name":"Meal with locals","city":null,"citySlug":null,"cc":null,"kind":"unknown","status":"unknown","visits":1,"unnamed":true}},{"type":"Feature","geometry":{"type":"Point","coordinates":[-95.28605,29.56357]},"properties":{"id":"d32bef40-a5d3-5641-80f8-8c7a8e7f7d13","slug":null,"name":"Meal with locals","city":null,"citySlug":null,"cc":null,"kind":"unknown","status":"unknown","visits":1,"unnamed":true}},{"type":"Feature","geometry":{"type":"Point","coordinates":[-61.50856,10.66032]},"properties":{"id":"cec0484f-0777-531f-8710-1b6e7b90cde5","slug":null,"name":"Meal with locals","city":null,"citySlug":null,"cc":null,"kind":"unknown","status":"unknown","visits":1,"unnamed":true}},{"type":"Feature","geometry":{"type":"Point","coordinates":[44.51521,40.1872]},"properties":{"id":"ccef8cd6-bf71-51c8-be2e-46cf2868edd4","slug":null,"name":"Meal with locals","city":null,"citySlug":null,"cc":null,"kind":"unknown","status":"unknown","visits":1,"unnamed":true}},{"type":"Feature","geometry":{"type":"Point","coordinates":[-81.58455,37.43289]},"properties":{"id":"c273f69a-78e9-55fa-ade1-b7edebba7de2","slug":null,"name":"Meal with locals","city":null,"citySlug":null,"cc":null,"kind":"unknown","status":"unknown","visits":1,"unnamed":true}},{"type":"Feature","geometry":{"type":"Point","coordinates":[80.02555,9.6615]},"properties":{"id":"b66562a5-b012-501d-a48e-57ecfa2555c5","slug":null,"name":"Meal with locals","city":null,"citySlug":null,"cc":null,"kind":"unknown","status":"unknown","visits":1,"unnamed":true}},{"type":"Feature","geometry":{"type":"Point","coordinates":[38.06315,8.18244]},"properties":{"id":"a8e3316f-7513-5791-bcaa-c165957c4782","slug":null,"name":"Meal with locals","city":null,"citySlug":null,"cc":null,"kind":"unknown","status":"unknown","visits":1,"unnamed":true}},{"type":"Feature","geometry":{"type":"Point","coordinates":[-43.90364,-19.89359]},"properties":{"id":"a63e63e5-7e63-5430-bf53-056f01b4d806","slug":null,"name":"Meal with locals","city":null,"citySlug":null,"cc":null,"kind":"unknown","status":"unknown","visits":1,"unnamed":true}},{"type":"Feature","geometry":{"type":"Point","coordinates":[-65.44488,18.14746]},"properties":{"id":"a1210768-91e5-5379-9d24-c3e822b631cc","slug":null,"name":"Meal with locals","city":null,"citySlug":null,"cc":null,"kind":"unknown","status":"unknown","visits":1,"unnamed":true}},{"type":"Feature","geometry":{"type":"Point","coordinates":[-104.49659,30.58737]},"properties":{"id":"97eda892-b983-59b7-94e5-68f8680319b3","slug":null,"name":"Meal with locals","city":null,"citySlug":null,"cc":null,"kind":"unknown","status":"unknown","visits":1,"unnamed":true}},{"type":"Feature","geometry":{"type":"Point","coordinates":[51.66597,32.6539]},"properties":{"id":"922e1b72-be7a-589e-b07f-870aa6c91f40","slug":null,"name":"Meal with locals","city":null,"citySlug":null,"cc":null,"kind":"unknown","status":"unknown","visits":1,"unnamed":true}},{"type":"Feature","geometry":{"type":"Point","coordinates":[-82.3666,23.11359]},"properties":{"id":"8766ccec-3020-51df-ade0-cc5e7aad8d3a","slug":null,"name":"Meal with locals","city":null,"citySlug":null,"cc":null,"kind":"unknown","status":"unknown","visits":1,"unnamed":true}},{"type":"Feature","geometry":{"type":"Point","coordinates":[-91.98815,29.95912]},"properties":{"id":"66f94b9e-4410-5294-a38a-ee865d933af5","slug":null,"name":"Meal with locals","city":null,"citySlug":null,"cc":null,"kind":"unknown","status":"unknown","visits":1,"unnamed":true}},{"type":"Feature","geometry":{"type":"Point","coordinates":[37.42806,55.74065]},"properties":{"id":"63b12209-d665-54c7-9f8c-3bfb61775494","slug":null,"name":"Meal with locals","city":null,"citySlug":null,"cc":null,"kind":"unknown","status":"unknown","visits":1,"unnamed":true}},{"type":"Feature","geometry":{"type":"Point","coordinates":[107.59053,16.4674]},"properties":{"id":"583f7987-aae5-56b9-a534-e86d00496d7c","slug":null,"name":"Meal with locals","city":null,"citySlug":null,"cc":null,"kind":"unknown","status":"unknown","visits":1,"unnamed":true}},{"type":"Feature","geometry":{"type":"Point","coordinates":[-66.33128,18.41217]},"properties":{"id":"55baa9f2-e5ef-5f26-b005-8a6af08f9415","slug":null,"name":"Meal with locals","city":null,"citySlug":null,"cc":null,"kind":"unknown","status":"unknown","visits":1,"unnamed":true}},{"type":"Feature","geometry":{"type":"Point","coordinates":[-92.04651,30.41992]},"properties":{"id":"4c26ac8f-5ebe-5c2f-8812-d8bef211b88e","slug":null,"name":"Meal with locals","city":null,"citySlug":null,"cc":null,"kind":"unknown","status":"unknown","visits":1,"unnamed":true}},{"type":"Feature","geometry":{"type":"Point","coordinates":[-79.98228,32.67281]},"properties":{"id":"4b8666c3-03c8-5f6f-aa39-6f7d6b129f43","slug":null,"name":"Meal with locals","city":null,"citySlug":null,"cc":null,"kind":"unknown","status":"unknown","visits":1,"unnamed":true}},{"type":"Feature","geometry":{"type":"Point","coordinates":[-5.72801,35.02291]},"properties":{"id":"40b6cfd3-ae78-57bd-a9f5-eb9ff43fae9e","slug":null,"name":"Meal with locals","city":null,"citySlug":null,"cc":null,"kind":"unknown","status":"unknown","visits":1,"unnamed":true}},{"type":"Feature","geometry":{"type":"Point","coordinates":[-104.02062,30.30946]},"properties":{"id":"3a7fe0b7-0c40-5a49-bd21-a90bfd424d79","slug":null,"name":"Meal with locals","city":null,"citySlug":null,"cc":null,"kind":"unknown","status":"unknown","visits":1,"unnamed":true}},{"type":"Feature","geometry":{"type":"Point","coordinates":[-17.47554,14.69876]},"properties":{"id":"2ffd4f2f-0307-5f27-93a5-ce5cde587f64","slug":null,"name":"Meal with locals","city":null,"citySlug":null,"cc":null,"kind":"unknown","status":"unknown","visits":1,"unnamed":true}},{"type":"Feature","geometry":{"type":"Point","coordinates":[25.52024,37.07133]},"properties":{"id":"2adf8843-4746-558b-ad80-c662377e5b38","slug":null,"name":"Meal with locals","city":null,"citySlug":null,"cc":null,"kind":"unknown","status":"unknown","visits":1,"unnamed":true}},{"type":"Feature","geometry":{"type":"Point","coordinates":[25.50145,0.06188]},"properties":{"id":"2776ceae-2b3a-5a9e-af5d-ba77e28eefb2","slug":null,"name":"Meal with locals","city":null,"citySlug":null,"cc":null,"kind":"unknown","status":"unknown","visits":1,"unnamed":true}},{"type":"Feature","geometry":{"type":"Point","coordinates":[13.40495,52.52001]},"properties":{"id":"1dbe40a9-87b7-5c12-a12b-fd77f7d175ad","slug":null,"name":"Meal with locals","city":null,"citySlug":null,"cc":null,"kind":"unknown","status":"unknown","visits":1,"unnamed":true}},{"type":"Feature","geometry":{"type":"Point","coordinates":[-3.59856,37.17734]},"properties":{"id":"1be5bcd4-347b-5027-9ef9-72bc188e08c9","slug":null,"name":"Meal with locals","city":null,"citySlug":null,"cc":null,"kind":"unknown","status":"unknown","visits":1,"unnamed":true}},{"type":"Feature","geometry":{"type":"Point","coordinates":[-43.64473,-20.28662]},"properties":{"id":"0f1ee1ae-559d-54c6-bf05-d15d962d3469","slug":null,"name":"Meal with locals","city":null,"citySlug":null,"cc":null,"kind":"unknown","status":"unknown","visits":1,"unnamed":true}},{"type":"Feature","geometry":{"type":"Point","coordinates":[121.02226,14.60905]},"properties":{"id":"0a947c84-ff2a-57fa-b0d4-986acd4b2d17","slug":null,"name":"Meal with locals","city":null,"citySlug":null,"cc":null,"kind":"unknown","status":"unknown","visits":1,"unnamed":true}},{"type":"Feature","geometry":{"type":"Point","coordinates":[-17.46769,14.71668]},"properties":{"id":"079a0108-214a-56de-9628-311706cbb6cd","slug":null,"name":"Meal with locals","city":null,"citySlug":null,"cc":null,"kind":"unknown","status":"unknown","visits":1,"unnamed":true}},{"type":"Feature","geometry":{"type":"Point","coordinates":[28.08008,-26.17741]},"properties":{"id":"04b2ff2f-16c5-5940-87d8-c275c69d8b14","slug":null,"name":"Meal with locals","city":null,"citySlug":null,"cc":null,"kind":"unknown","status":"unknown","visits":1,"unnamed":true}},{"type":"Feature","geometry":{"type":"Point","coordinates":[-86.7816,36.16266]},"properties":{"id":"01ee9439-c7c4-5e65-9fef-747b2b55cc90","slug":null,"name":"Meal with locals","city":null,"citySlug":null,"cc":null,"kind":"unknown","status":"unknown","visits":1,"unnamed":true}},{"type":"Feature","geometry":{"type":"Point","coordinates":[-79.93105,32.77647]},"properties":{"id":"01935b62-8444-563e-89ce-447017fc428e","slug":null,"name":"Meal with locals","city":null,"citySlug":null,"cc":null,"kind":"unknown","status":"unknown","visits":1,"unnamed":true}},{"type":"Feature","geometry":{"type":"Point","coordinates":[-107.41564,45.54692]},"properties":{"id":"36321dd9-4867-59f9-8e72-bf73bff05bac","slug":null,"name":"Medicine Tail Coulee","city":null,"citySlug":null,"cc":null,"kind":"unknown","status":"unknown","visits":1,"unnamed":false}},{"type":"Feature","geometry":{"type":"Point","coordinates":[100.58384,20.00132]},"properties":{"id":"317f8c84-070c-5a51-8d0e-e4a95d765ef6","slug":null,"name":"Mekong River","city":null,"citySlug":null,"cc":null,"kind":"sight","status":"unknown","visits":1,"unnamed":false}},{"type":"Feature","geometry":{"type":"Point","coordinates":[-122.32811,47.61477]},"properties":{"id":"c7469d6f-993f-5251-8abc-ddeb9e079aec","slug":null,"name":"Melrose Market","city":null,"citySlug":null,"cc":null,"kind":"unknown","status":"unknown","visits":1,"unnamed":false}},{"type":"Feature","geometry":{"type":"Point","coordinates":[90.81149,27.53938]},"properties":{"id":"5426fa2c-6a6c-5539-b9d8-b0c59392b658","slug":null,"name":"Membartsho","city":null,"citySlug":null,"cc":null,"kind":"unknown","status":"unknown","visits":1,"unnamed":false}},{"type":"Feature","geometry":{"type":"Point","coordinates":[89.63988,27.46936]},"properties":{"id":"5c4efc03-eb2b-596d-97f0-91641a79f05a","slug":null,"name":"Menzu Shiri","city":null,"citySlug":null,"cc":null,"kind":"unknown","status":"unknown","visits":1,"unnamed":false}},{"type":"Feature","geometry":{"type":"Point","coordinates":[-43.94315,-19.92305]},"properties":{"id":"5f404672-fda7-5873-b091-f6f380bcc6d1","slug":null,"name":"Mercado Central de Belo Horizonte","city":null,"citySlug":null,"cc":null,"kind":"unknown","status":"unknown","visits":1,"unnamed":false}},{"type":"Feature","geometry":{"type":"Point","coordinates":[-57.61901,-25.30092]},"properties":{"id":"89e0c975-4ab9-5220-8456-0dab898fc175","slug":null,"name":"Mercado Cuatro","city":null,"citySlug":null,"cc":null,"kind":"unknown","status":"unknown","visits":1,"unnamed":false}},{"type":"Feature","geometry":{"type":"Point","coordinates":[-38.49965,-12.96945]},"properties":{"id":"43d23601-4f00-58eb-a96e-112f0e203942","slug":null,"name":"Mercado da Sete Portas","city":null,"citySlug":null,"cc":null,"kind":"unknown","status":"unknown","visits":1,"unnamed":false}},{"type":"Feature","geometry":{"type":"Point","coordinates":[-79.53897,8.9583]},"properties":{"id":"13f275ef-e5fd-59e4-8fee-6a3d348f9155","slug":null,"name":"Mercado de Mariscos","city":null,"citySlug":null,"cc":null,"kind":"food","status":"unknown","visits":1,"unnamed":false}},{"type":"Feature","geometry":{"type":"Point","coordinates":[32.62862,-25.93521]},"properties":{"id":"d39e81c5-fa8c-5e68-adba-4a8f13105b86","slug":null,"name":"Mercado de Peixe","city":null,"citySlug":null,"cc":null,"kind":"market","status":"unknown","visits":1,"unnamed":false}},{"type":"Feature","geometry":{"type":"Point","coordinates":[-3.70897,40.41538]},"properties":{"id":"9c5c3d3b-336a-5c21-9f20-3317e02c8541","slug":null,"name":"Mercado de San Miguel","city":null,"citySlug":null,"cc":null,"kind":"market","status":"unknown","visits":1,"unnamed":false}},{"type":"Feature","geometry":{"type":"Point","coordinates":[-56.21173,-34.90571]},"properties":{"id":"6bd39ce1-820b-5693-94b2-f6e9cf68120c","slug":null,"name":"Mercado del Puerto","city":null,"citySlug":null,"cc":null,"kind":"market","status":"unknown","visits":1,"unnamed":false}},{"type":"Feature","geometry":{"type":"Point","coordinates":[-79.83895,-6.7663]},"properties":{"id":"d057c0ad-97e0-567f-86e5-7b46d0da856a","slug":null,"name":"Mercado Modelo De Chiclayo","city":null,"citySlug":null,"cc":null,"kind":"unknown","status":"unknown","visits":1,"unnamed":false}},{"type":"Feature","geometry":{"type":"Point","coordinates":[-46.62964,-23.54236]},"properties":{"id":"83df8a7c-e035-5cfb-a586-519709ea017b","slug":null,"name":"Mercado Municipal de São Paulo","city":null,"citySlug":null,"cc":null,"kind":"unknown","status":"unknown","visits":1,"unnamed":false}},{"type":"Feature","geometry":{"type":"Point","coordinates":[-77.14867,-8.60565]},"properties":{"id":"d1d8a463-3727-58a8-a550-3c2a9170060a","slug":null,"name":"Mercado Municipal Huacrachuco","city":null,"citySlug":null,"cc":null,"kind":"unknown","status":"unknown","visits":1,"unnamed":false}},{"type":"Feature","geometry":{"type":"Point","coordinates":[-71.63054,-33.03536]},"properties":{"id":"8800b55f-c4fc-5f72-ae40-aacea9e74fc1","slug":null,"name":"Mercado Puerto","city":null,"citySlug":null,"cc":null,"kind":"market","status":"unknown","visits":1,"unnamed":false}},{"type":"Feature","geometry":{"type":"Point","coordinates":[12.33406,45.43993]},"properties":{"id":"be30e32e-e26b-5ada-93fc-4d3a76fe2480","slug":null,"name":"Mercato di Rialto","city":null,"citySlug":null,"cc":null,"kind":"market","status":"unknown","visits":1,"unnamed":false}},{"type":"Feature","geometry":{"type":"Point","coordinates":[-3.17223,55.9698]},"properties":{"id":"9d4b0b44-6c98-52b2-80c8-00010fb4eab6","slug":null,"name":"Mermaid Fish Bar","city":null,"citySlug":null,"cc":null,"kind":"food","status":"unknown","visits":1,"unnamed":false}},{"type":"Feature","geometry":{"type":"Point","coordinates":[-115.18364,36.04134]},"properties":{"id":"7e8d5f75-0669-504d-ad0e-7b62d3b286d8","slug":null,"name":"Mermaid Lounge","city":null,"citySlug":null,"cc":null,"kind":"food","status":"unknown","visits":1,"unnamed":false}},{"type":"Feature","geometry":{"type":"Point","coordinates":[23.69495,47.97131]},"properties":{"id":"92f1937c-511a-54dc-ae5f-553f8fc4c517","slug":null,"name":"Merry Cemetery","city":null,"citySlug":null,"cc":null,"kind":"sight","status":"unknown","visits":1,"unnamed":false}},{"type":"Feature","geometry":{"type":"Point","coordinates":[-115.17481,36.11708]},"properties":{"id":"e3ee9983-0e6c-5a7f-8675-b827a7247a29","slug":null,"name":"Mesa Grill","city":null,"citySlug":null,"cc":null,"kind":"food","status":"unknown","visits":1,"unnamed":false}},{"type":"Feature","geometry":{"type":"Point","coordinates":[38.71946,8.95839]},"properties":{"id":"adb86c88-2ff7-5d3e-a1f6-4c5da24cecfa","slug":null,"name":"Mesi Grocery store/መጠጥ መሸጫ","city":null,"citySlug":null,"cc":null,"kind":"unknown","status":"unknown","visits":1,"unnamed":false}},{"type":"Feature","geometry":{"type":"Point","coordinates":[-69.88562,18.47416]},"properties":{"id":"8088e5df-14d6-54f3-a862-ff5a286c4cf7","slug":null,"name":"Mesón de Bari","city":null,"citySlug":null,"cc":null,"kind":"food","status":"unknown","visits":1,"unnamed":false}},{"type":"Feature","geometry":{"type":"Point","coordinates":[37.62162,55.75838]},"properties":{"id":"2ec7cf47-7df0-5919-9245-4a21e7051991","slug":null,"name":"Metropol Hotel","city":null,"citySlug":null,"cc":null,"kind":"unknown","status":"unknown","visits":1,"unnamed":false}},{"type":"Feature","geometry":{"type":"Point","coordinates":[-80.13222,25.78527]},"properties":{"id":"0c4e13aa-aacb-51b5-92ef-a6c8a5b74eaa","slug":null,"name":"Miami Ink - Love Hate Tattoos","city":null,"citySlug":null,"cc":null,"kind":"unknown","status":"unknown","visits":1,"unnamed":false}},{"type":"Feature","geometry":{"type":"Point","coordinates":[-80.21028,25.78048]},"properties":{"id":"a192d8a5-4ed2-5482-874c-41ace0aa9157","slug":null,"name":"Miami River","city":null,"citySlug":null,"cc":null,"kind":"unknown","status":"unknown","visits":1,"unnamed":false}},{"type":"Feature","geometry":{"type":"Point","coordinates":[-71.12121,42.34158]},"properties":{"id":"8e8e2ba7-d0ec-5c85-8308-f0fe7c734d59","slug":null,"name":"Michael's Deli","city":null,"citySlug":null,"cc":null,"kind":"food","status":"unknown","visits":1,"unnamed":false}},{"type":"Feature","geometry":{"type":"Point","coordinates":[-80.19268,25.8132]},"properties":{"id":"eed22fd9-7ba1-5b7d-8970-a8defd2a8f08","slug":null,"name":"Michael's Genuine Food & Drink - MIAMI","city":null,"citySlug":null,"cc":null,"kind":"unknown","status":"unknown","visits":1,"unnamed":false}},{"type":"Feature","geometry":{"type":"Point","coordinates":[13.44785,52.50457]},"properties":{"id":"1924a963-7c31-5d58-9d27-4ed896bebf32","slug":null,"name":"Michelberger Hotel","city":null,"citySlug":null,"cc":null,"kind":"unknown","status":"unknown","visits":1,"unnamed":false}},{"type":"Feature","geometry":{"type":"Point","coordinates":[139.79755,35.6721]},"properties":{"id":"4e7d9f00-7756-5a81-89ea-197be9a9e400","slug":null,"name":"Mienoumi","city":null,"citySlug":null,"cc":null,"kind":"unknown","status":"unknown","visits":1,"unnamed":false}},{"type":"Feature","geometry":{"type":"Point","coordinates":[-99.12798,19.44651]},"properties":{"id":"2037cad8-7a1c-5734-ae4a-729f9e460734","slug":null,"name":"MIGAS La Guera","city":null,"citySlug":null,"cc":null,"kind":"unknown","status":"unknown","visits":1,"unnamed":false}},{"type":"Feature","geometry":{"type":"Point","coordinates":[28.97416,41.03106]},"properties":{"id":"e1ad0123-a909-5f96-aadb-0aebef3aed8a","slug":null,"name":"Mikla","city":null,"citySlug":null,"cc":null,"kind":"unknown","status":"unknown","visits":1,"unnamed":false}},{"type":"Feature","geometry":{"type":"Point","coordinates":[120.59953,15.1284]},"properties":{"id":"abf3fb2e-8f78-56cd-aac2-a998534d4acd","slug":null,"name":"Mila's Kambingan","city":null,"citySlug":null,"cc":null,"kind":"food","status":"unknown","visits":1,"unnamed":false}},{"type":"Feature","geometry":{"type":"Point","coordinates":[51.37532,35.74484]},"properties":{"id":"7aed8ff1-127e-5cf3-b312-01261d5859b4","slug":null,"name":"Milad Tower","city":null,"citySlug":null,"cc":null,"kind":"unknown","status":"unknown","visits":1,"unnamed":false}},{"type":"Feature","geometry":{"type":"Point","coordinates":[-84.41314,33.78172]},"properties":{"id":"008ac03f-df81-51b7-89e4-3c93ce52b401","slug":null,"name":"Miller Union","city":null,"citySlug":null,"cc":null,"kind":"unknown","status":"unknown","visits":1,"unnamed":false}},{"type":"Feature","geometry":{"type":"Point","coordinates":[-68.98626,45.25333]},"properties":{"id":"dffe86ac-d216-5dee-8876-f93b2dacf84b","slug":null,"name":"Milo","city":null,"citySlug":null,"cc":null,"kind":"activity","status":"unknown","visits":1,"unnamed":false}},{"type":"Feature","geometry":{"type":"Point","coordinates":[96.13945,16.85401]},"properties":{"id":"579550a5-79b4-56f7-99be-e91d3b7bc5eb","slug":null,"name":"Min Lan Seafood (Parami Branch)","city":null,"citySlug":null,"cc":null,"kind":"unknown","status":"unknown","visits":1,"unnamed":false}},{"type":"Feature","geometry":{"type":"Point","coordinates":[-121.89373,37.34978]},"properties":{"id":"aca0c57e-bb3e-5674-abd5-d7a3cc3847a9","slug":null,"name":"Minato Japanese Restaurant","city":null,"citySlug":null,"cc":null,"kind":"unknown","status":"unknown","visits":1,"unnamed":false}},{"type":"Feature","geometry":{"type":"Point","coordinates":[-74.0007,40.72999]},"properties":{"id":"aed3d0a2-243e-52f0-aa81-ba40c578922a","slug":null,"name":"Minetta Tavern","city":null,"citySlug":null,"cc":null,"kind":"food","status":"unknown","visits":2,"unnamed":false}},{"type":"Feature","geometry":{"type":"Point","coordinates":[121.42248,31.21647]},"properties":{"id":"ba881988-651d-5f07-98ee-6b2c03447d69","slug":null,"name":"Mingliu Hair Salon","city":null,"citySlug":null,"cc":null,"kind":"unknown","status":"unknown","visits":1,"unnamed":false}},{"type":"Feature","geometry":{"type":"Point","coordinates":[-77.0236,38.89637]},"properties":{"id":"fef8835f-484f-55aa-9ce1-d660597e7310","slug":null,"name":"minibar by José Andrés","city":null,"citySlug":null,"cc":null,"kind":"food","status":"unknown","visits":1,"unnamed":false}},{"type":"Feature","geometry":{"type":"Point","coordinates":[-110.55995,45.66158]},"properties":{"id":"5df410e6-a91d-5fcc-a25f-2f1b40de8ecf","slug":null,"name":"Mint Bar and Grill","city":null,"citySlug":null,"cc":null,"kind":"unknown","status":"unknown","visits":1,"unnamed":false}},{"type":"Feature","geometry":{"type":"Point","coordinates":[-71.95199,1.33852]},"properties":{"id":"67fc516c-fce9-5620-bc10-88ae67745dc9","slug":null,"name":"Miraflores","city":null,"citySlug":null,"cc":null,"kind":"unknown","status":"unknown","visits":1,"unnamed":false}},{"type":"Feature","geometry":{"type":"Point","coordinates":[-117.00756,32.52142]},"properties":{"id":"bad92a39-3154-5e9b-b16d-cd61976081bf","slug":null,"name":"Mision 19","city":null,"citySlug":null,"cc":null,"kind":"food","status":"unknown","visits":1,"unnamed":false}},{"type":"Feature","geometry":{"type":"Point","coordinates":[15.09926,32.32559]},"properties":{"id":"f7ead6b3-89af-5e20-bac1-ec057ab6e50e","slug":null,"name":"Misrata","city":null,"citySlug":null,"cc":null,"kind":"unknown","status":"unknown","visits":1,"unnamed":false}},{"type":"Feature","geometry":{"type":"Point","coordinates":[-122.27469,37.80165]},"properties":{"id":"70893b54-0d01-520a-bc3c-8f782fff4fdd","slug":null,"name":"Miss Ollie's","city":null,"citySlug":null,"cc":null,"kind":"unknown","status":"unknown","visits":1,"unnamed":false}},{"type":"Feature","geometry":{"type":"Point","coordinates":[-122.41963,37.76118]},"properties":{"id":"365204c9-c4c9-5b5b-98b0-3f9957c205b0","slug":null,"name":"Mission Chinese Food","city":null,"citySlug":null,"cc":null,"kind":"unknown","status":"unknown","visits":1,"unnamed":false}},{"type":"Feature","geometry":{"type":"Point","coordinates":[-73.97995,40.816]},"properties":{"id":"bf85983f-1ac8-52a2-a415-f71c7934311a","slug":null,"name":"Mitsuwa Marketplace - New Jersey","city":null,"citySlug":null,"cc":null,"kind":"market","status":"unknown","visits":1,"unnamed":false}},{"type":"Feature","geometry":{"type":"Point","coordinates":[-104.98413,39.72746]},"properties":{"id":"4e400ac2-0389-5710-8910-4d8a675fcfbe","slug":null,"name":"Mizuna","city":null,"citySlug":null,"cc":null,"kind":"food","status":"unknown","visits":1,"unnamed":false}},{"type":"Feature","geometry":{"type":"Point","coordinates":[-80.22466,25.83008]},"properties":{"id":"1fcfe414-8865-5140-bbf1-9f2c03741705","slug":null,"name":"MLK(My Little Kitchen) Restaurant","city":null,"citySlug":null,"cc":null,"kind":"unknown","status":"unknown","visits":1,"unnamed":false}},{"type":"Feature","geometry":{"type":"Point","coordinates":[-76.60315,39.28612]},"properties":{"id":"8c555dca-f9d4-5b58-a92a-b6d1436ccc71","slug":null,"name":"Mo's Seafood","city":null,"citySlug":null,"cc":null,"kind":"food","status":"unknown","visits":1,"unnamed":false}},{"type":"Feature","geometry":{"type":"Point","coordinates":[-46.69287,-23.56575]},"properties":{"id":"3e2fda63-128d-5c92-bb5f-03c021e8e238","slug":null,"name":"Mocotó Café","city":null,"citySlug":null,"cc":null,"kind":"unknown","status":"unknown","visits":1,"unnamed":false}},{"type":"Feature","geometry":{"type":"Point","coordinates":[121.50575,25.04444]},"properties":{"id":"bd69d35d-3c10-5436-b03b-3a2dcc956c58","slug":null,"name":"Modern Toilet Restaurant","city":null,"citySlug":null,"cc":null,"kind":"unknown","status":"unknown","visits":1,"unnamed":false}},{"type":"Feature","geometry":{"type":"Point","coordinates":[-122.14888,47.58053]},"properties":{"id":"b092bcfe-11e8-5623-82c0-ab91dd692455","slug":null,"name":"Modernist Cuisine","city":null,"citySlug":null,"cc":null,"kind":"unknown","status":"unknown","visits":1,"unnamed":false}},{"type":"Feature","geometry":{"type":"Point","coordinates":[-74.15602,41.76829]},"properties":{"id":"0fb04346-8cd7-5395-b9d1-f10cf4b71672","slug":null,"name":"Mohonk Mountain House","city":null,"citySlug":null,"cc":null,"kind":"lodging","status":"unknown","visits":1,"unnamed":false}},{"type":"Feature","geometry":{"type":"Point","coordinates":[-2.0,9.5]},"properties":{"id":"acab4019-e3cf-5615-9d65-20d975de6ea7","slug":null,"name":"Mole National Park","city":null,"citySlug":null,"cc":null,"kind":"activity","status":"unknown","visits":1,"unnamed":false}},{"type":"Feature","geometry":{"type":"Point","coordinates":[15.10781,37.67277]},"properties":{"id":"512e6ea0-9707-55f2-9b26-0683f96492d8","slug":null,"name":"Monaci delle Terre Nere","city":null,"citySlug":null,"cc":null,"kind":"unknown","status":"unknown","visits":1,"unnamed":false}},{"type":"Feature","geometry":{"type":"Point","coordinates":[18.0568,59.34417]},"properties":{"id":"de058223-01d1-58f2-94b9-ac736103efa8","slug":null,"name":"Mondo","city":null,"citySlug":null,"cc":null,"kind":"activity","status":"unknown","visits":1,"unnamed":false}},{"type":"Feature","geometry":{"type":"Point","coordinates":[100.18785,5.4707]},"properties":{"id":"7a11c231-96cd-5f6e-bece-b9acf6ab579f","slug":null,"name":"Monkey Beach","city":null,"citySlug":null,"cc":null,"kind":"activity","status":"unknown","visits":1,"unnamed":false}},{"type":"Feature","geometry":{"type":"Point","coordinates":[-113.99836,46.84272]},"properties":{"id":"59eca2a5-668c-5278-9916-cdbf603578a6","slug":null,"name":"Montana Pheasants Forever","city":null,"citySlug":null,"cc":null,"kind":"unknown","status":"unknown","visits":1,"unnamed":false}},{"type":"Feature","geometry":{"type":"Point","coordinates":[-96.76747,17.04546]},"properties":{"id":"39f4f804-63ef-57bf-83c2-2a6ed9b73e01","slug":null,"name":"Monte Albán","city":null,"citySlug":null,"cc":null,"kind":"unknown","status":"unknown","visits":1,"unnamed":false}},{"type":"Feature","geometry":{"type":"Point","coordinates":[-118.29224,34.06887]},"properties":{"id":"ec56d74e-f5c0-5d7d-987b-12e233b49194","slug":null,"name":"Monte Carlo Bar","city":null,"citySlug":null,"cc":null,"kind":"unknown","status":"unknown","visits":1,"unnamed":false}},{"type":"Feature","geometry":{"type":"Point","coordinates":[-100.31611,25.68661]},"properties":{"id":"7a032a77-0825-562c-b82c-6e6ecf77c780","slug":null,"name":"Monterrey","city":null,"citySlug":null,"cc":null,"kind":"food","status":"unknown","visits":1,"unnamed":false}},{"type":"Feature","geometry":{"type":"Point","coordinates":[-46.66071,-23.58002]},"properties":{"id":"ac2f2621-4452-5ad5-abac-ef9ece0a0724","slug":null,"name":"Monumento às Bandeiras","city":null,"citySlug":null,"cc":null,"kind":"unknown","status":"unknown","visits":1,"unnamed":false}},{"type":"Feature","geometry":{"type":"Point","coordinates":[101.08292,13.69114]},"properties":{"id":"8da70352-a0eb-51fa-9afc-bc37e74ccf79","slug":null,"name":"Moo Sa-Tae Nai Aood","city":null,"citySlug":null,"cc":null,"kind":"food","status":"unknown","visits":1,"unnamed":false}},{"type":"Feature","geometry":{"type":"Point","coordinates":[-73.86307,40.88354]},"properties":{"id":"d3218d12-59cb-5681-b875-bf8046b2c175","slug":null,"name":"Moodies Records","city":null,"citySlug":null,"cc":null,"kind":"unknown","status":"unknown","visits":1,"unnamed":false}},{"type":"Feature","geometry":{"type":"Point","coordinates":[-73.03802,-50.47402]},"properties":{"id":"429ea771-62f1-5d8a-82b0-ab8629edb544","slug":null,"name":"Moreno Glacier","city":null,"citySlug":null,"cc":null,"kind":"sight","status":"unknown","visits":1,"unnamed":false}},{"type":"Feature","geometry":{"type":"Point","coordinates":[96.15883,16.81861]},"properties":{"id":"828fba56-752d-5bd7-9343-b0492149eff7","slug":null,"name":"Morning Star Tea House","city":null,"citySlug":null,"cc":null,"kind":"unknown","status":"unknown","visits":1,"unnamed":false}},{"type":"Feature","geometry":{"type":"Point","coordinates":[-4.28393,55.86526]},"properties":{"id":"e2ded8bb-653e-5619-9e7c-62ae3ce2dfad","slug":null,"name":"Mother India Restaurant","city":null,"citySlug":null,"cc":null,"kind":"unknown","status":"unknown","visits":1,"unnamed":false}},{"type":"Feature","geometry":{"type":"Point","coordinates":[-87.65158,41.88649]},"properties":{"id":"b0d9b02d-422f-5d8e-9b2e-31c12ed11906","slug":null,"name":"Moto Restaurant","city":null,"citySlug":null,"cc":null,"kind":"food","status":"unknown","visits":1,"unnamed":false}},{"type":"Feature","geometry":{"type":"Point","coordinates":[13.82786,45.33595]},"properties":{"id":"a223d41e-f52e-54e4-8ab0-db49e0dd7319","slug":null,"name":"Motovun","city":null,"citySlug":null,"cc":null,"kind":"activity","status":"unknown","visits":1,"unnamed":false}},{"type":"Feature","geometry":{"type":"Point","coordinates":[167.15231,-77.52929]},"properties":{"id":"c6198f29-7246-5682-b33f-4fdc75eabcd5","slug":null,"name":"Mount Erebus","city":null,"citySlug":null,"cc":null,"kind":"unknown","status":"unknown","visits":1,"unnamed":false}},{"type":"Feature","geometry":{"type":"Point","coordinates":[14.99343,37.75101]},"properties":{"id":"7544e418-32b3-590b-89eb-8c953d4f9384","slug":null,"name":"Mount Etna","city":null,"citySlug":null,"cc":null,"kind":"sight","status":"unknown","visits":1,"unnamed":false}},{"type":"Feature","geometry":{"type":"Point","coordinates":[162.68333,-78.06667]},"properties":{"id":"1039ab97-52b6-554e-833a-3bab483fb880","slug":null,"name":"Mount Lister","city":null,"citySlug":null,"cc":null,"kind":"unknown","status":"unknown","visits":1,"unnamed":false}},{"type":"Feature","geometry":{"type":"Point","coordinates":[-81.54278,37.40384]},"properties":{"id":"f295ec1a-9a97-564c-a4ce-ee528cfe30b1","slug":null,"name":"Mount View High School","city":null,"citySlug":null,"cc":null,"kind":"unknown","status":"unknown","visits":1,"unnamed":false}},{"type":"Feature","geometry":{"type":"Point","coordinates":[-83.01853,42.35703]},"properties":{"id":"56857f7c-ecc2-550b-b397-9cc3d49e3b3a","slug":null,"name":"MT. Elliott Charlevoix Market","city":null,"citySlug":null,"cc":null,"kind":"unknown","status":"unknown","visits":1,"unnamed":false}},{"type":"Feature","geometry":{"type":"Point","coordinates":[-1.91715,43.27229]},"properties":{"id":"36716cb4-7f5c-5075-871a-cdd9ad5f4a48","slug":null,"name":"Mugaritz","city":null,"citySlug":null,"cc":null,"kind":"food","status":"unknown","visits":1,"unnamed":false}},{"type":"Feature","geometry":{"type":"Point","coordinates":[47.52691,-18.90704]},"properties":{"id":"551c8da2-9786-5be2-8ba9-0ccd8ffbcdf4","slug":null,"name":"Muguet","city":null,"citySlug":null,"cc":null,"kind":"unknown","status":"unknown","visits":1,"unnamed":false}},{"type":"Feature","geometry":{"type":"Point","coordinates":[-6.25561,53.34691]},"properties":{"id":"a23b6f6b-b883-5c0f-a5af-4fb46556e366","slug":null,"name":"Mulligan's","city":null,"citySlug":null,"cc":null,"kind":"unknown","status":"unknown","visits":1,"unnamed":false}},{"type":"Feature","geometry":{"type":"Point","coordinates":[-43.23679,-22.89513]},"properties":{"id":"d4e3861a-3fd3-5f8c-8f8f-37f6c25d731d","slug":null,"name":"Municipal Market RJ - CADEG","city":null,"citySlug":null,"cc":null,"kind":"market","status":"unknown","visits":1,"unnamed":false}},{"type":"Feature","geometry":{"type":"Point","coordinates":[-71.03566,42.33804]},"properties":{"id":"a996b560-1940-5a67-b935-6e52779a6efc","slug":null,"name":"Murphys Law","city":null,"citySlug":null,"cc":null,"kind":"food","status":"unknown","visits":1,"unnamed":false}},{"type":"Feature","geometry":{"type":"Point","coordinates":[-74.00316,40.73122]},"properties":{"id":"d9937d35-eba2-5bfc-900e-aeaf0c42c512","slug":null,"name":"Murray's Cheese Bar","city":null,"citySlug":null,"cc":null,"kind":"unknown","status":"unknown","visits":1,"unnamed":false}},{"type":"Feature","geometry":{"type":"Point","coordinates":[114.1722,22.31952]},"properties":{"id":"2154a740-3d2e-570d-9f93-a944b5af2518","slug":null,"name":"Muscle Man","city":null,"citySlug":null,"cc":null,"kind":"food","status":"unknown","visits":1,"unnamed":false}},{"type":"Feature","geometry":{"type":"Point","coordinates":[-3.58418,37.18184]},"properties":{"id":"359cb958-d25f-5acc-aafe-1d0a38710899","slug":null,"name":"Museo de La Zambra - Cueva de Curro","city":null,"citySlug":null,"cc":null,"kind":"unknown","status":"unknown","visits":1,"unnamed":false}},{"type":"Feature","geometry":{"type":"Point","coordinates":[-46.65588,-23.56141]},"properties":{"id":"c26d1663-d0e4-5a5a-9eb3-95d01c4041ab","slug":null,"name":"Museum of Art of São Paulo Assis Chateaubriand","city":null,"citySlug":null,"cc":null,"kind":"unknown","status":"unknown","visits":1,"unnamed":false}},{"type":"Feature","geometry":{"type":"Point","coordinates":[-86.79739,36.11699]},"properties":{"id":"25f85c9c-515e-53c1-86b1-b9346498754c","slug":null,"name":"Music City Cryo","city":null,"citySlug":null,"cc":null,"kind":"unknown","status":"unknown","visits":1,"unnamed":false}},{"type":"Feature","geometry":{"type":"Point","coordinates":[35.49904,33.89895]},"properties":{"id":"f66a2a0e-f551-5388-a1a8-eb37f7247154","slug":null,"name":"MusicHall Starco","city":null,"citySlug":null,"cc":null,"kind":"unknown","status":"unknown","visits":1,"unnamed":false}},{"type":"Feature","geometry":{"type":"Point","coordinates":[103.85651,1.30909]},"properties":{"id":"dfb550a0-36da-5bc6-a45f-b8cce876866f","slug":null,"name":"Mustafa Shopping Centre Singapore","city":null,"citySlug":null,"cc":null,"kind":"unknown","status":"unknown","visits":1,"unnamed":false}},{"type":"Feature","geometry":{"type":"Point","coordinates":[28.97105,41.02273]},"properties":{"id":"1593aebe-3b0e-5434-83c2-ef73b460c1ce","slug":null,"name":"Mutfak Dili Ev Yemekleri","city":null,"citySlug":null,"cc":null,"kind":"unknown","status":"closed","visits":1,"unnamed":false}},{"type":"Feature","geometry":{"type":"Point","coordinates":[100.33582,5.41525]},"properties":{"id":"48ebf237-a72d-5444-aeb9-8bbcc35dd8fc","slug":null,"name":"Muthu Restaurant","city":null,"citySlug":null,"cc":null,"kind":"food","status":"unknown","visits":1,"unnamed":false}},{"type":"Feature","geometry":{"type":"Point","coordinates":[58.57293,23.62283]},"properties":{"id":"157d5e6d-952f-5aff-9abd-248ad29cb0d5","slug":null,"name":"Mutrah Corniche","city":null,"citySlug":null,"cc":null,"kind":"unknown","status":"unknown","visits":1,"unnamed":false}},{"type":"Feature","geometry":{"type":"Point","coordinates":[58.56309,23.61934]},"properties":{"id":"c9d259a1-f32f-50b9-986c-23f6d91810a9","slug":null,"name":"Mutrah Souq","city":null,"citySlug":null,"cc":null,"kind":"unknown","status":"unknown","visits":1,"unnamed":false}},{"type":"Feature","geometry":{"type":"Point","coordinates":[-118.3035,34.05288]},"properties":{"id":"410ad378-2844-5824-86a5-1bc3a19c079f","slug":null,"name":"Myung In Dumplings","city":null,"citySlug":null,"cc":null,"kind":"unknown","status":"unknown","visits":1,"unnamed":false}},{"type":"Feature","geometry":{"type":"Point","coordinates":[46.65508,39.79625]},"properties":{"id":"b8870259-9be3-5921-8aa4-f3699fb3d636","slug":null,"name":"Nagorno-Karabakh","city":null,"citySlug":null,"cc":null,"kind":"unknown","status":"unknown","visits":1,"unnamed":false}},{"type":"Feature","geometry":{"type":"Point","coordinates":[16.36312,48.19841]},"properties":{"id":"ecb2bd57-000b-5cba-8772-2423c0305c91","slug":null,"name":"Naschmarkt","city":null,"citySlug":null,"cc":null,"kind":"market","status":"unknown","visits":1,"unnamed":false}},{"type":"Feature","geometry":{"type":"Point","coordinates":[101.70403,3.16242]},"properties":{"id":"bd87fca3-7db9-5d0e-8e6a-7e800d759f45","slug":null,"name":"Nasi Lemak Antarabangsa","city":null,"citySlug":null,"cc":null,"kind":"food","status":"unknown","visits":1,"unnamed":false}},{"type":"Feature","geometry":{"type":"Point","coordinates":[140.04607,36.96169]},"properties":{"id":"2a7b1f34-b294-5a41-936f-5bef9366b8df","slug":null,"name":"Nasushiobara","city":null,"citySlug":null,"cc":null,"kind":"unknown","status":"unknown","visits":1,"unnamed":false}},{"type":"Feature","geometry":{"type":"Point","coordinates":[121.54849,25.10236]},"properties":{"id":"56a39b33-df52-5c6d-a285-f154eb934d4e","slug":null,"name":"National Palace Museum","city":null,"citySlug":null,"cc":null,"kind":"unknown","status":"unknown","visits":1,"unnamed":false}},{"type":"Feature","geometry":{"type":"Point","coordinates":[73.6963,24.58062]},"properties":{"id":"093313f3-53f0-58ac-907f-0277b5780ecd","slug":null,"name":"Natraj Restaurant Udaipur (Dining Hall/Rajasthani Thali/Gujarati Thali)","city":null,"citySlug":null,"cc":null,"kind":"food","status":"unknown","visits":1,"unnamed":false}},{"type":"Feature","geometry":{"type":"Point","coordinates":[-21.90633,64.07439]},"properties":{"id":"4eee8cc2-a26e-5a34-9095-99a5cdb5f5aa","slug":null,"name":"Náttúrufræðistofnun Íslands","city":null,"citySlug":null,"cc":null,"kind":"activity","status":"unknown","visits":1,"unnamed":false}},{"type":"Feature","geometry":{"type":"Point","coordinates":[35.02092,-3.02565]},"properties":{"id":"f9ac19d6-0514-50eb-803a-0fc5d812f0b4","slug":null,"name":"Ndutu Camp","city":null,"citySlug":null,"cc":null,"kind":"unknown","status":"unknown","visits":1,"unnamed":false}},{"type":"Feature","geometry":{"type":"Point","coordinates":[-118.34698,34.08338]},"properties":{"id":"10cf08b4-e7c3-533b-a4c4-69b924984b33","slug":null,"name":"Necromance","city":null,"citySlug":null,"cc":null,"kind":"unknown","status":"unknown","visits":1,"unnamed":false}},{"type":"Feature","geometry":{"type":"Point","coordinates":[100.5535,13.74283]},"properties":{"id":"b0c79373-3891-5aef-afab-e06257d4be6f","slug":null,"name":"Nefertiti","city":null,"citySlug":null,"cc":null,"kind":"unknown","status":"unknown","visits":1,"unnamed":false}},{"type":"Feature","geometry":{"type":"Point","coordinates":[28.0351,-26.19421]},"properties":{"id":"531a079b-2f0a-502d-9620-5a6598d16e90","slug":null,"name":"Neighbourgoods Market","city":null,"citySlug":null,"cc":null,"kind":"unknown","status":"unknown","visits":1,"unnamed":false}},{"type":"Feature","geometry":{"type":"Point","coordinates":[-73.86351,40.68981]},"properties":{"id":"b9171a15-fe09-5acd-b8a2-ae9010e643dd","slug":null,"name":"Neir's Tavern","city":null,"citySlug":null,"cc":null,"kind":"unknown","status":"unknown","visits":1,"unnamed":false}},{"type":"Feature","geometry":{"type":"Point","coordinates":[79.84957,6.9106]},"properties":{"id":"b3bfb8ff-3820-544a-a9b9-1e8d1dd9a6b5","slug":null,"name":"Nelum Kole Restaurant","city":null,"citySlug":null,"cc":null,"kind":"unknown","status":"unknown","visits":1,"unnamed":false}},{"type":"Feature","geometry":{"type":"Point","coordinates":[-115.13535,36.17699]},"properties":{"id":"870ae067-853e-5be5-9712-0ca70ed44ec1","slug":null,"name":"Neon Museum","city":null,"citySlug":null,"cc":null,"kind":"sight","status":"unknown","visits":1,"unnamed":false}},{"type":"Feature","geometry":{"type":"Point","coordinates":[24.02233,35.51837]},"properties":{"id":"0d4622dc-0412-5ea8-abc3-d0f3ac8c8d87","slug":null,"name":"Neoria Fish Tavern","city":null,"citySlug":null,"cc":null,"kind":"food","status":"unknown","visits":1,"unnamed":false}},{"type":"Feature","geometry":{"type":"Point","coordinates":[3.35706,6.62287]},"properties":{"id":"8dff041b-6768-5141-9327-d43a6741b9ca","slug":null,"name":"New Afrika Shrine","city":null,"citySlug":null,"cc":null,"kind":"unknown","status":"unknown","visits":1,"unnamed":false}},{"type":"Feature","geometry":{"type":"Point","coordinates":[-79.43995,40.39269]},"properties":{"id":"161f07ed-c35d-547a-9380-bbc3a2985b6c","slug":null,"name":"New Alexandria Lions Club Demolition Derby","city":null,"citySlug":null,"cc":null,"kind":"unknown","status":"unknown","visits":1,"unnamed":false}},{"type":"Feature","geometry":{"type":"Point","coordinates":[100.32651,5.41485]},"properties":{"id":"b32a86f0-99cb-5d3e-a4d5-f1e987da7ea4","slug":null,"name":"New Lane Street Foodstalls","city":null,"citySlug":null,"cc":null,"kind":"market","status":"unknown","visits":1,"unnamed":false}},{"type":"Feature","geometry":{"type":"Point","coordinates":[-90.06296,29.94851]},"properties":{"id":"35166639-a67a-517d-a4c8-f925d72c31c7","slug":null,"name":"New Orleans Original Daiquiris","city":null,"citySlug":null,"cc":null,"kind":"unknown","status":"unknown","visits":1,"unnamed":false}},{"type":"Feature","geometry":{"type":"Point","coordinates":[114.12341,22.37042]},"properties":{"id":"64ecece9-50ae-5490-a376-416146c486f3","slug":null,"name":"New Territories","city":null,"citySlug":null,"cc":null,"kind":"activity","status":"unknown","visits":1,"unnamed":false}},{"type":"Feature","geometry":{"type":"Point","coordinates":[19.07046,47.49873]},"properties":{"id":"512c6679-0c5e-55b1-acf8-604d698a4061","slug":null,"name":"New York Café","city":null,"citySlug":null,"cc":null,"kind":"unknown","status":"unknown","visits":1,"unnamed":false}},{"type":"Feature","geometry":{"type":"Point","coordinates":[-115.17456,36.10237]},"properties":{"id":"b51049fd-1761-5684-8c1e-f71b3a3d792f","slug":null,"name":"New York-New York Hotel & Casino","city":null,"citySlug":null,"cc":null,"kind":"sight","status":"unknown","visits":1,"unnamed":false}},{"type":"Feature","geometry":{"type":"Point","coordinates":[35.58767,-3.16175]},"properties":{"id":"4d3b5cd7-dcd2-5411-a5c4-31eddcc104ed","slug":null,"name":"Ngorongoro Crater","city":null,"citySlug":null,"cc":null,"kind":"unknown","status":"unknown","visits":1,"unnamed":false}},{"type":"Feature","geometry":{"type":"Point","coordinates":[107.62322,16.49369]},"properties":{"id":"0f7c6223-c6d3-5ae0-9d7c-0c64a28be437","slug":null,"name":"Nhà hàng Duyên Anh","city":null,"citySlug":null,"cc":null,"kind":"unknown","status":"unknown","visits":1,"unnamed":false}},{"type":"Feature","geometry":{"type":"Point","coordinates":[105.84346,21.02909]},"properties":{"id":"ab55d965-b914-5897-96e1-b45413569dfc","slug":null,"name":"Nhà Hàng Thái Hưng Lâu","city":null,"citySlug":null,"cc":null,"kind":"unknown","status":"unknown","visits":1,"unnamed":false}},{"type":"Feature","geometry":{"type":"Point","coordinates":[-46.63471,-23.55946]},"properties":{"id":"31262fbe-9d51-578d-b519-7f73557c2940","slug":null,"name":"Nikkey Palace Hotel","city":null,"citySlug":null,"cc":null,"kind":"unknown","status":"unknown","visits":1,"unnamed":false}},{"type":"Feature","geometry":{"type":"Point","coordinates":[139.74989,35.69332]},"properties":{"id":"ccbb6e30-bc10-52bc-ada3-83ea3b6e6fa4","slug":null,"name":"Nippon Budokan","city":null,"citySlug":null,"cc":null,"kind":"activity","status":"unknown","visits":1,"unnamed":false}},{"type":"Feature","geometry":{"type":"Point","coordinates":[140.7075,42.86278]},"properties":{"id":"ffe39e0d-bd0c-53d8-80a3-fd69bff1abc1","slug":null,"name":"Niseko Ski Lodge - Hirafu ニセコスキーロッジ - ひらふ","city":null,"citySlug":null,"cc":null,"kind":"activity","status":"unknown","visits":1,"unnamed":false}},{"type":"Feature","geometry":{"type":"Point","coordinates":[121.588,24.9681]},"properties":{"id":"8811aa9a-8508-58ed-b965-efe0439e7d54","slug":null,"name":"No. 16, Lane 38, Section 3, Zhinan Road","city":null,"citySlug":null,"cc":null,"kind":"unknown","status":"unknown","visits":1,"unnamed":false}},{"type":"Feature","geometry":{"type":"Point","coordinates":[121.52332,25.10217]},"properties":{"id":"ef5f866d-c573-57b9-a1f7-cdb928da5a58","slug":null,"name":"No. 60, Fuguo Road","city":null,"citySlug":null,"cc":null,"kind":"unknown","status":"unknown","visits":1,"unnamed":false}},{"type":"Feature","geometry":{"type":"Point","coordinates":[116.40841,39.97792]},"properties":{"id":"8813de72-959c-5a99-9d5d-7fd8681d5d57","slug":null,"name":"No.3 Affiliated Hospital of Beijing University of Chinese Medicine","city":null,"citySlug":null,"cc":null,"kind":"sight","status":"unknown","visits":1,"unnamed":false}},{"type":"Feature","geometry":{"type":"Point","coordinates":[12.61048,55.68283]},"properties":{"id":"cb50001d-75e8-5826-becd-51fa5a33e842","slug":null,"name":"Noma","city":null,"citySlug":null,"cc":null,"kind":"unknown","status":"unknown","visits":1,"unnamed":false}},{"type":"Feature","geometry":{"type":"Point","coordinates":[-43.94235,-19.92097]},"properties":{"id":"c60ee0d0-862b-52d8-a849-a5d0fe6fd735","slug":null,"name":"Nono - O Rei do Caldo de Mocotó","city":null,"citySlug":null,"cc":null,"kind":"unknown","status":"unknown","visits":1,"unnamed":false}},{"type":"Feature","geometry":{"type":"Point","coordinates":[116.47813,39.91257]},"properties":{"id":"4e2fe7f4-ba3e-581a-8655-5bc27867d2f0","slug":null,"name":"Noodle Loft","city":null,"citySlug":null,"cc":null,"kind":"food","status":"unknown","visits":1,"unnamed":false}},{"type":"Feature","geometry":{"type":"Point","coordinates":[-90.12875,29.98722]},"properties":{"id":"236bb951-98c6-5189-8cd9-5b937f4ecace","slug":null,"name":"Nor Joe Import Company","city":null,"citySlug":null,"cc":null,"kind":"food","status":"unknown","visits":1,"unnamed":false}},{"type":"Feature","geometry":{"type":"Point","coordinates":[-122.35502,47.69228]},"properties":{"id":"5f3631e4-0edd-50f5-b27a-9a2fd33922bb","slug":null,"name":"North Star Diner & Shanghai Room","city":null,"citySlug":null,"cc":null,"kind":"unknown","status":"unknown","visits":1,"unnamed":false}},{"type":"Feature","geometry":{"type":"Point","coordinates":[-84.28378,33.89262]},"properties":{"id":"03ced693-9562-5c92-b671-56fa661bf394","slug":null,"name":"Northern China Eatery","city":null,"citySlug":null,"cc":null,"kind":"unknown","status":"unknown","visits":1,"unnamed":false}},{"type":"Feature","geometry":{"type":"Point","coordinates":[126.94086,37.51521]},"properties":{"id":"0e2460a1-dbee-553e-9cb1-875ada3e689e","slug":null,"name":"Noryangjin Fisheries Wholesale Market","city":null,"citySlug":null,"cc":null,"kind":"market","status":"unknown","visits":1,"unnamed":false}},{"type":"Feature","geometry":{"type":"Point","coordinates":[3.99566,47.69564]},"properties":{"id":"7508c1be-acea-5a62-a9a8-6747156897c2","slug":null,"name":"Noyers","city":null,"citySlug":null,"cc":null,"kind":"food","status":"unknown","visits":1,"unnamed":false}},{"type":"Feature","geometry":{"type":"Point","coordinates":[36.82678,-1.2833]},"properties":{"id":"1ff5a912-7760-53a1-85cb-2747905ac71f","slug":null,"name":"Nyeri Shuttle Matatu Stage","city":null,"citySlug":null,"cc":null,"kind":"unknown","status":"unknown","visits":1,"unnamed":false}},{"type":"Feature","geometry":{"type":"Point","coordinates":[-71.08809,42.37225]},"properties":{"id":"d5284fcf-7c55-5766-b3ad-97b492d289da","slug":null,"name":"O Senhor Ramos","city":null,"citySlug":null,"cc":null,"kind":"food","status":"closed","visits":1,"unnamed":false}},{"type":"Feature","geometry":{"type":"Point","coordinates":[-9.14309,38.71087]},"properties":{"id":"843f3609-150a-57e0-a6d2-48303ed4ce9d","slug":null,"name":"O Trevo","city":null,"citySlug":null,"cc":null,"kind":"food","status":"unknown","visits":1,"unnamed":false}},{"type":"Feature","geometry":{"type":"Point","coordinates":[-6.24894,53.34419]},"properties":{"id":"93d370e9-5354-5476-87a1-55ff6f0dd1a0","slug":null,"name":"O'Donovans Newsagents","city":null,"citySlug":null,"cc":null,"kind":"unknown","status":"unknown","visits":1,"unnamed":false}},{"type":"Feature","geometry":{"type":"Point","coordinates":[120.98546,14.57282]},"properties":{"id":"12a81eae-a631-5bbf-b414-5e08f6e1e398","slug":null,"name":"Oarhouse Pub of Manila","city":null,"citySlug":null,"cc":null,"kind":"unknown","status":"unknown","visits":1,"unnamed":false}},{"type":"Feature","geometry":{"type":"Point","coordinates":[-58.38157,-34.60374]},"properties":{"id":"36b8f189-ccba-5cef-920e-619421f02cc8","slug":null,"name":"Obelisco","city":null,"citySlug":null,"cc":null,"kind":"sight","status":"unknown","visits":1,"unnamed":false}},{"type":"Feature","geometry":{"type":"Point","coordinates":[-80.1317,25.77558]},"properties":{"id":"408bf5ae-e74e-5352-a35b-dd33448ae137","slug":null,"name":"Ocean Drive","city":null,"citySlug":null,"cc":null,"kind":"unknown","status":"unknown","visits":1,"unnamed":false}},{"type":"Feature","geometry":{"type":"Point","coordinates":[-122.38737,47.66855]},"properties":{"id":"ac03eca4-66b7-597c-ba5f-5e1dbcd6a5c8","slug":null,"name":"Ocho","city":null,"citySlug":null,"cc":null,"kind":"unknown","status":"unknown","visits":1,"unnamed":false}},{"type":"Feature","geometry":{"type":"Point","coordinates":[-84.38494,33.78967]},"properties":{"id":"8c49a4fd-ed3a-5629-9bdf-7493be0d67d5","slug":null,"name":"Octane Coffee Bar","city":null,"citySlug":null,"cc":null,"kind":"unknown","status":"unknown","visits":1,"unnamed":false}},{"type":"Feature","geometry":{"type":"Point","coordinates":[-84.34566,33.7395]},"properties":{"id":"1fc68936-8c80-574a-8c00-071e2aae6e6a","slug":null,"name":"Octopus Bar","city":null,"citySlug":null,"cc":null,"kind":"unknown","status":"unknown","visits":1,"unnamed":false}},{"type":"Feature","geometry":{"type":"Point","coordinates":[-97.76205,30.25467]},"properties":{"id":"faea030b-f88e-5314-88c4-6cc9eb0c07d6","slug":null,"name":"Odd Duck","city":null,"citySlug":null,"cc":null,"kind":"food","status":"unknown","visits":1,"unnamed":false}},{"type":"Feature","geometry":{"type":"Point","coordinates":[-90.07134,29.94358]},"properties":{"id":"c6c77066-7e1b-58ee-86b9-29aa5076427a","slug":null,"name":"Ogden Museum of Southern Art","city":null,"citySlug":null,"cc":null,"kind":"food","status":"unknown","visits":1,"unnamed":false}},{"type":"Feature","geometry":{"type":"Point","coordinates":[-118.36126,34.08709]},"properties":{"id":"7672b511-c9b0-584e-a8ea-2d40032329f6","slug":null,"name":"Oki Dog","city":null,"citySlug":null,"cc":null,"kind":"unknown","status":"unknown","visits":1,"unnamed":false}},{"type":"Feature","geometry":{"type":"Point","coordinates":[94.85855,21.17173]},"properties":{"id":"42465f9d-929d-5008-a647-7bef70c7bf03","slug":null,"name":"Old Bagan","city":null,"citySlug":null,"cc":null,"kind":"unknown","status":"unknown","visits":1,"unnamed":false}},{"type":"Feature","geometry":{"type":"Point","coordinates":[11.31642,43.54451]},"properties":{"id":"883d1083-4f78-5381-b5f9-c6756f8eebd8","slug":null,"name":"Old Butcher Cecchini","city":null,"citySlug":null,"cc":null,"kind":"market","status":"unknown","visits":1,"unnamed":false}},{"type":"Feature","geometry":{"type":"Point","coordinates":[-70.18529,42.05207]},"properties":{"id":"74f789f8-3ab2-5f88-bd20-b530add18fef","slug":null,"name":"Old Colony Tap","city":null,"citySlug":null,"cc":null,"kind":"unknown","status":"unknown","visits":1,"unnamed":false}},{"type":"Feature","geometry":{"type":"Point","coordinates":[20.18238,46.25581]},"properties":{"id":"466cc274-6094-5ea0-b05b-80d625585458","slug":null,"name":"Old Kőrössy Fish Restaurant","city":null,"citySlug":null,"cc":null,"kind":"unknown","status":"unknown","visits":1,"unnamed":false}},{"type":"Feature","geometry":{"type":"Point","coordinates":[-87.63559,41.91101]},"properties":{"id":"171de22e-ea56-5310-884e-6c8153771789","slug":null,"name":"Old Town Ale House","city":null,"citySlug":null,"cc":null,"kind":"unknown","status":"unknown","visits":2,"unnamed":false}},{"type":"Feature","geometry":{"type":"Point","coordinates":[136.65682,36.57128]},"properties":{"id":"886353f2-f5d7-502c-9b34-c6b4d6c6b01b","slug":null,"name":"Ōmichō Market","city":null,"citySlug":null,"cc":null,"kind":"unknown","status":"unknown","visits":1,"unnamed":false}},{"type":"Feature","geometry":{"type":"Point","coordinates":[-90.0649,29.9569]},"properties":{"id":"b37d5277-e7ae-53fe-af40-cf90e3f8077d","slug":null,"name":"One Eyed Jacks","city":null,"citySlug":null,"cc":null,"kind":"unknown","status":"unknown","visits":1,"unnamed":false}},{"type":"Feature","geometry":{"type":"Point","coordinates":[35.53713,33.8898]},"properties":{"id":"a174f80d-043a-5ba1-9fb8-15e51d42f60c","slug":null,"name":"Onno Bistro - Bourj Hammoud","city":null,"citySlug":null,"cc":null,"kind":"food","status":"unknown","visits":1,"unnamed":false}},{"type":"Feature","geometry":{"type":"Point","coordinates":[-157.81385,21.28106]},"properties":{"id":"bf2b396d-b394-50aa-9157-1841516f1343","slug":null,"name":"Ono Seafood","city":null,"citySlug":null,"cc":null,"kind":"food","status":"unknown","visits":1,"unnamed":false}},{"type":"Feature","geometry":{"type":"Point","coordinates":[-80.13405,25.79163]},"properties":{"id":"6358e6dc-bafe-508f-86d8-95c63a74fd4d","slug":null,"name":"Oolite Restaurant","city":null,"citySlug":null,"cc":null,"kind":"unknown","status":"closed","visits":1,"unnamed":false}},{"type":"Feature","geometry":{"type":"Point","coordinates":[-46.62527,-23.50806]},"properties":{"id":"5895da1c-17d0-5745-9d1f-6259541b7d13","slug":null,"name":"Open Museum of Urban Art of São Paulo - SP-MAAU","city":null,"citySlug":null,"cc":null,"kind":"unknown","status":"unknown","visits":1,"unnamed":false}},{"type":"Feature","geometry":{"type":"Point","coordinates":[4.8905,52.36777]},"properties":{"id":"9e34637e-74a5-5175-8e17-739066ec9cdf","slug":null,"name":"Original Dampkring","city":null,"citySlug":null,"cc":null,"kind":"unknown","status":"unknown","visits":1,"unnamed":false}},{"type":"Feature","geometry":{"type":"Point","coordinates":[-112.53863,46.01104]},"properties":{"id":"46870394-09b4-5c78-96c1-3ec9fa3404f3","slug":null,"name":"Orphan Boy Mine","city":null,"citySlug":null,"cc":null,"kind":"unknown","status":"unknown","visits":1,"unnamed":false}},{"type":"Feature","geometry":{"type":"Point","coordinates":[-115.14657,36.17178]},"properties":{"id":"001ffde7-c56d-5610-b56b-6c2171e7531a","slug":null,"name":"Oscar's Steakhouse","city":null,"citySlug":null,"cc":null,"kind":"unknown","status":"unknown","visits":1,"unnamed":false}},{"type":"Feature","geometry":{"type":"Point","coordinates":[17.05164,-22.53015]},"properties":{"id":"45f7bd56-105e-56b3-9e99-4b1fa868a667","slug":null,"name":"Oshetu Community Market","city":null,"citySlug":null,"cc":null,"kind":"market","status":"unknown","visits":1,"unnamed":false}},{"type":"Feature","geometry":{"type":"Point","coordinates":[-1.59721,43.40044]},"properties":{"id":"b3723001-8f55-577c-a62f-21c636868b27","slug":null,"name":"Ostalapia","city":null,"citySlug":null,"cc":null,"kind":"unknown","status":"unknown","visits":1,"unnamed":false}},{"type":"Feature","geometry":{"type":"Point","coordinates":[12.41668,45.49731]},"properties":{"id":"9e374ea0-e93c-5e25-bd83-b6cf284ab6ca","slug":null,"name":"Osteria Al Ponte del Diavolo","city":null,"citySlug":null,"cc":null,"kind":"food","status":"unknown","visits":1,"unnamed":false}},{"type":"Feature","geometry":{"type":"Point","coordinates":[12.45239,41.87774]},"properties":{"id":"90c4b474-6ffe-5c2e-83ad-c31ef4a15aff","slug":null,"name":"Osteria dal 1931","city":null,"citySlug":null,"cc":null,"kind":"unknown","status":"unknown","visits":1,"unnamed":false}},{"type":"Feature","geometry":{"type":"Point","coordinates":[15.28354,37.85046]},"properties":{"id":"288aaba5-b92b-54ff-9a95-4470203568fc","slug":null,"name":"Osteria Nero d'Avola","city":null,"citySlug":null,"cc":null,"kind":"unknown","status":"unknown","visits":1,"unnamed":false}},{"type":"Feature","geometry":{"type":"Point","coordinates":[18.00143,59.32236]},"properties":{"id":"c2e9788d-bd22-592b-80e4-ef35c8f90ac6","slug":null,"name":"Östermalms saluhall","city":null,"citySlug":null,"cc":null,"kind":"food","status":"unknown","visits":1,"unnamed":false}},{"type":"Feature","geometry":{"type":"Point","coordinates":[-0.18222,5.55187]},"properties":{"id":"aecc0935-51fb-52fb-83ea-f61a2e12a20e","slug":null,"name":"Osu Night Market","city":null,"citySlug":null,"cc":null,"kind":"market","status":"unknown","visits":1,"unnamed":false}},{"type":"Feature","geometry":{"type":"Point","coordinates":[104.73751,11.81607]},"properties":{"id":"a14d117d-eb2f-5a55-875b-603c35b2bf50","slug":null,"name":"Oudongk","city":null,"citySlug":null,"cc":null,"kind":"food","status":"unknown","visits":1,"unnamed":false}},{"type":"Feature","geometry":{"type":"Point","coordinates":[103.84592,1.28541]},"properties":{"id":"8b76f063-e307-571e-a4d4-a61aacdede18","slug":null,"name":"Outram Park Fried Kway Teow Mee","city":null,"citySlug":null,"cc":null,"kind":"unknown","status":"unknown","visits":1,"unnamed":false}},{"type":"Feature","geometry":{"type":"Point","coordinates":[6.96561,50.9275]},"properties":{"id":"0190ac0a-9801-5c0e-98ac-8315be24d9dd","slug":null,"name":"Ox & Klee","city":null,"citySlug":null,"cc":null,"kind":"unknown","status":"unknown","visits":1,"unnamed":false}},{"type":"Feature","geometry":{"type":"Point","coordinates":[114.16019,22.3034]},"properties":{"id":"00c0ae02-62f1-591a-811c-2719d40cee7b","slug":null,"name":"OZONE","city":null,"citySlug":null,"cc":null,"kind":"unknown","status":"unknown","visits":1,"unnamed":false}},{"type":"Feature","geometry":{"type":"Point","coordinates":[99.04109,18.83042]},"properties":{"id":"d54dc289-33c9-57c0-bde0-a3d3b80740c4","slug":null,"name":"Pa Daeng Jin Tup","city":null,"citySlug":null,"cc":null,"kind":"unknown","status":"unknown","visits":1,"unnamed":false}},{"type":"Feature","geometry":{"type":"Point","coordinates":[-122.34297,47.64962]},"properties":{"id":"a6130d78-d1b9-5736-8119-4e31b890f90b","slug":null,"name":"Pacific Inn Pub","city":null,"citySlug":null,"cc":null,"kind":"unknown","status":"unknown","visits":1,"unnamed":false}},{"type":"Feature","geometry":{"type":"Point","coordinates":[-83.02867,42.3794]},"properties":{"id":"0a8cfc58-3944-5225-91e7-547f33908a5d","slug":null,"name":"Packard Automotive Plant","city":null,"citySlug":null,"cc":null,"kind":"unknown","status":"unknown","visits":1,"unnamed":false}},{"type":"Feature","geometry":{"type":"Point","coordinates":[-75.13809,39.96908]},"properties":{"id":"444f3f05-3018-54bf-87c5-d651b25d6f56","slug":null,"name":"Paesano's","city":null,"citySlug":null,"cc":null,"kind":"unknown","status":"unknown","visits":1,"unnamed":false}},{"type":"Feature","geometry":{"type":"Point","coordinates":[-86.27208,12.15564]},"properties":{"id":"76fb4a25-0394-5b54-82c7-995dacb9e521","slug":null,"name":"Palacio Nacional","city":null,"citySlug":null,"cc":null,"kind":"sight","status":"unknown","visits":1,"unnamed":false}},{"type":"Feature","geometry":{"type":"Point","coordinates":[-79.44272,21.92695]},"properties":{"id":"18b24290-0ad1-5740-b2cf-b70b0b97bb59","slug":null,"name":"Paladar Los Amigos","city":null,"citySlug":null,"cc":null,"kind":"food","status":"unknown","visits":1,"unnamed":false}},{"type":"Feature","geometry":{"type":"Point","coordinates":[12.47455,41.83406]},"properties":{"id":"cd7c5eb0-73b0-5605-9080-64da28fe0e56","slug":null,"name":"Palazzo dei Congressi","city":null,"citySlug":null,"cc":null,"kind":"unknown","status":"unknown","visits":1,"unnamed":false}},{"type":"Feature","geometry":{"type":"Point","coordinates":[16.68719,40.40744]},"properties":{"id":"baaa39cd-342d-58f0-9e96-9e05de4927bc","slug":null,"name":"Palazzo Margherita Hotel","city":null,"citySlug":null,"cc":null,"kind":"unknown","status":"unknown","visits":1,"unnamed":false}},{"type":"Feature","geometry":{"type":"Point","coordinates":[-74.08387,4.6148]},"properties":{"id":"aa9f1d65-8272-50de-b162-fe5982fe1828","slug":null,"name":"Paloquemao","city":null,"citySlug":null,"cc":null,"kind":"unknown","status":"unknown","visits":1,"unnamed":false}},{"type":"Feature","geometry":{"type":"Point","coordinates":[4.89342,52.36929]},"properties":{"id":"dd04d656-13ac-5c80-bbd5-84b53c1ea1b2","slug":null,"name":"Pancakehouse Upstairs","city":null,"citySlug":null,"cc":null,"kind":"unknown","status":"unknown","visits":1,"unnamed":false}},{"type":"Feature","geometry":{"type":"Point","coordinates":[11.93931,36.8314]},"properties":{"id":"d8215a85-68f4-51d5-9272-0c6676414fd7","slug":null,"name":"Pantelleria","city":null,"citySlug":null,"cc":null,"kind":"sight","status":"unknown","visits":1,"unnamed":false}},{"type":"Feature","geometry":{"type":"Point","coordinates":[24.68828,35.09629]},"properties":{"id":"9f1ffc19-ef6e-5a95-befe-aeece9591c75","slug":null,"name":"Pantheon","city":null,"citySlug":null,"cc":null,"kind":"food","status":"unknown","visits":1,"unnamed":false}},{"type":"Feature","geometry":{"type":"Point","coordinates":[-73.95408,40.77907]},"properties":{"id":"5e005d3f-7ee1-5768-8a87-60bc5ea05f3f","slug":null,"name":"Papaya King","city":null,"citySlug":null,"cc":null,"kind":"unknown","status":"unknown","visits":2,"unnamed":false}},{"type":"Feature","geometry":{"type":"Point","coordinates":[14.70496,40.69952]},"properties":{"id":"bda80409-0b13-5bd8-a0b3-8a8111b7e8d0","slug":null,"name":"Pappacarbone","city":null,"citySlug":null,"cc":null,"kind":"food","status":"unknown","visits":1,"unnamed":false}},{"type":"Feature","geometry":{"type":"Point","coordinates":[-116.49309,34.15637]},"properties":{"id":"ff7ef986-2b7e-5a64-8bd8-e0a0802c41ac","slug":null,"name":"Pappy & Harriet's","city":null,"citySlug":null,"cc":null,"kind":"food","status":"unknown","visits":1,"unnamed":false}},{"type":"Feature","geometry":{"type":"Point","coordinates":[-54.63375,-34.84223]},"properties":{"id":"773fd4c5-3d1d-5957-903b-ea175e110e23","slug":null,"name":"Parador La Huella","city":null,"citySlug":null,"cc":null,"kind":"food","status":"unknown","visits":2,"unnamed":false}},{"type":"Feature","geometry":{"type":"Point","coordinates":[4.88122,52.37456]},"properties":{"id":"9a4e5a07-bf8b-5046-87ad-c041b2aa83ec","slug":null,"name":"Paradox","city":null,"citySlug":null,"cc":null,"kind":"unknown","status":"unknown","visits":1,"unnamed":false}},{"type":"Feature","geometry":{"type":"Point","coordinates":[-57.81832,-20.9391]},"properties":{"id":"28e0d284-63e6-5077-99a7-937affda836d","slug":null,"name":"Paraguay River","city":null,"citySlug":null,"cc":null,"kind":"unknown","status":"unknown","visits":1,"unnamed":false}},{"type":"Feature","geometry":{"type":"Point","coordinates":[14.70618,37.93286]},"properties":{"id":"e2e58e0d-38bb-5de8-9a30-5af7f5412763","slug":null,"name":"Parco dei Nebrodi","city":null,"citySlug":null,"cc":null,"kind":"unknown","status":"unknown","visits":1,"unnamed":false}},{"type":"Feature","geometry":{"type":"Point","coordinates":[-122.39775,37.78803]},"properties":{"id":"69528e89-b95e-5a81-9201-8bc939f26ab9","slug":null,"name":"Parklab Junction Food Truck Lane","city":null,"citySlug":null,"cc":null,"kind":"unknown","status":"unknown","visits":1,"unnamed":false}},{"type":"Feature","geometry":{"type":"Point","coordinates":[-79.88839,-2.18966]},"properties":{"id":"eaba3b64-03ee-5dca-8d0e-f3480562c838","slug":null,"name":"Parque Centenario","city":null,"citySlug":null,"cc":null,"kind":"sight","status":"unknown","visits":1,"unnamed":false}},{"type":"Feature","geometry":{"type":"Point","coordinates":[-86.7816,36.16266]},"properties":{"id":"e849e977-bae9-55d6-926a-2d274d411cff","slug":null,"name":"Party at Alison Mosshart's house","city":null,"citySlug":null,"cc":null,"kind":"unknown","status":"unknown","visits":1,"unnamed":false}},{"type":"Feature","geometry":{"type":"Point","coordinates":[100.27817,5.40129]},"properties":{"id":"39201f47-8122-5e59-86a4-818e00860557","slug":null,"name":"Pasar Air Itam Laksa","city":null,"citySlug":null,"cc":null,"kind":"food","status":"unknown","visits":1,"unnamed":false}},{"type":"Feature","geometry":{"type":"Point","coordinates":[12.47643,41.89643]},"properties":{"id":"09b01cd9-365d-5a37-8251-66f497c75308","slug":null,"name":"Pascucci","city":null,"citySlug":null,"cc":null,"kind":"unknown","status":"unknown","visits":1,"unnamed":false}},{"type":"Feature","geometry":{"type":"Point","coordinates":[-70.65071,-33.4412]},"properties":{"id":"069d1db0-3614-5a1f-85a6-b7ed20404176","slug":null,"name":"Paseo Ahumada","city":null,"citySlug":null,"cc":null,"kind":"sight","status":"unknown","visits":1,"unnamed":false}},{"type":"Feature","geometry":{"type":"Point","coordinates":[-122.35031,47.65849]},"properties":{"id":"f325090a-099f-5bf0-8d55-470c47fa373a","slug":null,"name":"Paseo Fremont","city":null,"citySlug":null,"cc":null,"kind":"unknown","status":"unknown","visits":1,"unnamed":false}},{"type":"Feature","geometry":{"type":"Point","coordinates":[-149.56883,-17.54035]},"properties":{"id":"1fcea4ef-0898-5ef3-bfc9-c68760aa9238","slug":null,"name":"Patachou","city":null,"citySlug":null,"cc":null,"kind":"food","status":"unknown","visits":1,"unnamed":false}},{"type":"Feature","geometry":{"type":"Point","coordinates":[44.30034,42.05215]},"properties":{"id":"9bf999ce-948f-5969-a33f-f1ad36e93ebb","slug":null,"name":"Patara Khurvaleti","city":null,"citySlug":null,"cc":null,"kind":"unknown","status":"unknown","visits":1,"unnamed":false}},{"type":"Feature","geometry":{"type":"Point","coordinates":[2.3521,48.84345]},"properties":{"id":"3245988c-c5c0-53d8-8201-309defdf45f4","slug":null,"name":"Pâtisserie Pinaud Pascal","city":null,"citySlug":null,"cc":null,"kind":"food","status":"unknown","visits":1,"unnamed":false}},{"type":"Feature","geometry":{"type":"Point","coordinates":[4.84741,45.81567]},"properties":{"id":"695177de-bce3-50d9-8eeb-552adf37aa8a","slug":null,"name":"Paul Bocuse Restaurant","city":null,"citySlug":null,"cc":null,"kind":"unknown","status":"unknown","visits":1,"unnamed":false}},{"type":"Feature","geometry":{"type":"Point","coordinates":[41.63089,41.6511]},"properties":{"id":"f95405c0-1b8b-5cf2-8e38-395871add057","slug":null,"name":"Peace Casino","city":null,"citySlug":null,"cc":null,"kind":"unknown","status":"unknown","visits":1,"unnamed":false}},{"type":"Feature","geometry":{"type":"Point","coordinates":[127.04143,37.50044]},"properties":{"id":"35b28055-fffc-566b-ba71-02dbd1314ffa","slug":null,"name":"PeaK PC Bang Yeoksam","city":null,"citySlug":null,"cc":null,"kind":"unknown","status":"unknown","visits":1,"unnamed":false}},{"type":"Feature","geometry":{"type":"Point","coordinates":[120.98518,14.5726]},"properties":{"id":"a3253632-1fa5-5a39-9ec1-d349aae21f66","slug":null,"name":"Pearl Garden Hotel","city":null,"citySlug":null,"cc":null,"kind":"unknown","status":"unknown","visits":1,"unnamed":false}},{"type":"Feature","geometry":{"type":"Point","coordinates":[90.20212,27.5369]},"properties":{"id":"f0f39a28-c9df-5daa-9120-44345c9da1b6","slug":null,"name":"Pelela Pass","city":null,"citySlug":null,"cc":null,"kind":"unknown","status":"unknown","visits":1,"unnamed":false}},{"type":"Feature","geometry":{"type":"Point","coordinates":[-73.82071,40.84933]},"properties":{"id":"6e6b01e6-4db3-539d-9d5a-1a599bc1ad40","slug":null,"name":"Pelham Bay Park","city":null,"citySlug":null,"cc":null,"kind":"unknown","status":"unknown","visits":1,"unnamed":false}},{"type":"Feature","geometry":{"type":"Point","coordinates":[-80.84373,-1.59357]},"properties":{"id":"9b6a9d22-7c76-5bfd-a08b-40921aa253a3","slug":null,"name":"Pelicano Restaurante.","city":null,"citySlug":null,"cc":null,"kind":"food","status":"unknown","visits":1,"unnamed":false}},{"type":"Feature","geometry":{"type":"Point","coordinates":[6.68292,45.20329]},"properties":{"id":"b612b5bb-6863-5625-8dad-b513e6b39881","slug":null,"name":"Peloton de gendarmerie de haute montagne (PGHM)","city":null,"citySlug":null,"cc":null,"kind":"unknown","status":"unknown","visits":1,"unnamed":false}},{"type":"Feature","geometry":{"type":"Point","coordinates":[-75.16722,39.94802]},"properties":{"id":"3d4b7fc4-ec6a-588e-89d3-2d249335efaa","slug":null,"name":"Pen & Pencil Club","city":null,"citySlug":null,"cc":null,"kind":"unknown","status":"unknown","visits":1,"unnamed":false}},{"type":"Feature","geometry":{"type":"Point","coordinates":[-77.019,-12.14552]},"properties":{"id":"32738f16-7be7-54f0-810e-da4a4fc38eb4","slug":null,"name":"Peña Don Porfirio, Barranco","city":null,"citySlug":null,"cc":null,"kind":"food","status":"unknown","visits":1,"unnamed":false}},{"type":"Feature","geometry":{"type":"Point","coordinates":[115.54442,-8.72781]},"properties":{"id":"ecf12702-5d75-5902-b2d0-2fa116befd46","slug":null,"name":"Penida Island","city":null,"citySlug":null,"cc":null,"kind":"unknown","status":"unknown","visits":1,"unnamed":false}},{"type":"Feature","geometry":{"type":"Point","coordinates":[-139.03219,-9.801]},"properties":{"id":"1ac9ca8c-f98c-5fd5-98e8-37f724475a27","slug":null,"name":"Pension Temetiu Village","city":null,"citySlug":null,"cc":null,"kind":"sight","status":"unknown","visits":1,"unnamed":false}},{"type":"Feature","geometry":{"type":"Point","coordinates":[-80.37021,25.8266]},"properties":{"id":"5a1c8a03-59f6-5442-875d-3c1b9b4eb674","slug":null,"name":"Pepito's Plaza","city":null,"citySlug":null,"cc":null,"kind":"unknown","status":"unknown","visits":1,"unnamed":false}},{"type":"Feature","geometry":{"type":"Point","coordinates":[-0.07753,51.54624]},"properties":{"id":"540927e6-419a-596d-9b96-3f97948ad49a","slug":null,"name":"Pepper & Spice Restaurant London","city":null,"citySlug":null,"cc":null,"kind":"unknown","status":"unknown","visits":1,"unnamed":false}},{"type":"Feature","geometry":{"type":"Point","coordinates":[-107.15544,32.66546]},"properties":{"id":"a56aa804-6c46-5df3-8923-d0b943ca7cda","slug":null,"name":"Pepper Pot","city":null,"citySlug":null,"cc":null,"kind":"food","status":"unknown","visits":1,"unnamed":false}},{"type":"Feature","geometry":{"type":"Point","coordinates":[-115.16328,36.13369]},"properties":{"id":"53925b10-adfc-5157-8649-d358f7c628c1","slug":null,"name":"Peppermill Fireside Lounge","city":null,"citySlug":null,"cc":null,"kind":"food","status":"unknown","visits":1,"unnamed":false}},{"type":"Feature","geometry":{"type":"Point","coordinates":[-97.75009,30.24996]},"properties":{"id":"0f5bde48-72a0-5729-ad3f-ec45e011703f","slug":null,"name":"Perla's","city":null,"citySlug":null,"cc":null,"kind":"food","status":"unknown","visits":1,"unnamed":false}},{"type":"Feature","geometry":{"type":"Point","coordinates":[12.47151,41.89888]},"properties":{"id":"35cd3f9b-d374-565b-a4e0-3201369a9371","slug":null,"name":"Pesce Fritto E Baccala'","city":null,"citySlug":null,"cc":null,"kind":"unknown","status":"unknown","visits":1,"unnamed":false}},{"type":"Feature","geometry":{"type":"Point","coordinates":[-28.62678,38.52955]},"properties":{"id":"89f57a10-a422-55cf-b205-6d3e10761943","slug":null,"name":"Peter Café Sport","city":null,"citySlug":null,"cc":null,"kind":"food","status":"unknown","visits":1,"unnamed":false}},{"type":"Feature","geometry":{"type":"Point","coordinates":[-71.05791,42.33528]},"properties":{"id":"934b9f4e-2d93-5d99-b51f-c2b85b913020","slug":null,"name":"Peter Welch's Gym","city":null,"citySlug":null,"cc":null,"kind":"activity","status":"unknown","visits":1,"unnamed":false}},{"type":"Feature","geometry":{"type":"Point","coordinates":[30.31667,59.95]},"properties":{"id":"57790363-511c-551a-a507-5e4a18b4e640","slug":null,"name":"Petropavlovskaya Krepost'","city":null,"citySlug":null,"cc":null,"kind":"unknown","status":"unknown","visits":1,"unnamed":false}},{"type":"Feature","geometry":{"type":"Point","coordinates":[-73.97949,40.76594]},"properties":{"id":"ceec8d48-688d-53a3-91fe-5bf2cc1b2774","slug":null,"name":"Petrossian Boutique & Cafe","city":null,"citySlug":null,"cc":null,"kind":"food","status":"unknown","visits":1,"unnamed":false}},{"type":"Feature","geometry":{"type":"Point","coordinates":[89.41637,27.42868]},"properties":{"id":"23b298a4-b475-5d03-a2ee-e430777f4c40","slug":null,"name":"Phallus Centre Shop","city":null,"citySlug":null,"cc":null,"kind":"unknown","status":"unknown","visits":1,"unnamed":false}},{"type":"Feature","geometry":{"type":"Point","coordinates":[45.92027,41.61613]},"properties":{"id":"286006ac-61b7-5662-ac8f-d4c44cb2d87d","slug":null,"name":"Pheasant's Tears Winery","city":null,"citySlug":null,"cc":null,"kind":"unknown","status":"unknown","visits":1,"unnamed":false}},{"type":"Feature","geometry":{"type":"Point","coordinates":[-75.15931,39.94271]},"properties":{"id":"f2c12350-ecaa-5e19-879e-448acc9c6131","slug":null,"name":"Philadelphia's Magic Gardens","city":null,"citySlug":null,"cc":null,"kind":"unknown","status":"unknown","visits":1,"unnamed":false}},{"type":"Feature","geometry":{"type":"Point","coordinates":[-118.23704,34.05977]},"properties":{"id":"6f3c8d51-2a93-50da-a733-b1ecc45d8749","slug":null,"name":"Philippe The Original","city":null,"citySlug":null,"cc":null,"kind":"food","status":"unknown","visits":2,"unnamed":false}},{"type":"Feature","geometry":{"type":"Point","coordinates":[104.92821,11.55637]},"properties":{"id":"4f3ad1a0-fff7-5bd2-99f2-3385e4c94c72","slug":null,"name":"Phnom Penh","city":null,"citySlug":null,"cc":null,"kind":"activity","status":"unknown","visits":2,"unnamed":false}},{"type":"Feature","geometry":{"type":"Point","coordinates":[104.92719,11.57405]},"properties":{"id":"d171b233-d094-51d7-952e-5f71105823bd","slug":null,"name":"Phnom Penh Night Market","city":null,"citySlug":null,"cc":null,"kind":"food","status":"unknown","visits":1,"unnamed":false}},{"type":"Feature","geometry":{"type":"Point","coordinates":[104.90605,11.62678]},"properties":{"id":"1a4bdf58-f982-5a58-a76d-4fbb2b75ea2f","slug":null,"name":"Phnom Penh Shooting Range Cambodia","city":null,"citySlug":null,"cc":null,"kind":"unknown","status":"unknown","visits":1,"unnamed":false}},{"type":"Feature","geometry":{"type":"Point","coordinates":[-75.16285,39.93721]},"properties":{"id":"70a9016d-163a-58bf-9e27-bad5fbb3f22f","slug":null,"name":"Pho 75","city":null,"citySlug":null,"cc":null,"kind":"unknown","status":"unknown","visits":1,"unnamed":false}},{"type":"Feature","geometry":{"type":"Point","coordinates":[14.47576,50.00215]},"properties":{"id":"f244b710-a284-5fce-8b4b-0518601cd64a","slug":null,"name":"Pho Quynh Anh","city":null,"citySlug":null,"cc":null,"kind":"food","status":"unknown","visits":1,"unnamed":false}},{"type":"Feature","geometry":{"type":"Point","coordinates":[-90.0784,29.95655]},"properties":{"id":"94b89ea8-1805-572e-827e-6ea3f8049dd9","slug":null,"name":"Pho Tau Bay Restaurant","city":null,"citySlug":null,"cc":null,"kind":"unknown","status":"unknown","visits":1,"unnamed":false}},{"type":"Feature","geometry":{"type":"Point","coordinates":[102.62682,17.99957]},"properties":{"id":"29e60eec-c7d8-5c41-b351-bdb59cbea927","slug":null,"name":"Phonsavang Market","city":null,"citySlug":null,"cc":null,"kind":"market","status":"unknown","visits":1,"unnamed":false}},{"type":"Feature","geometry":{"type":"Point","coordinates":[102.12343,19.87776]},"properties":{"id":"d8588c03-2af8-5d28-b939-c1ecbb0bf650","slug":null,"name":"Phosy Market","city":null,"citySlug":null,"cc":null,"kind":"unknown","status":"unknown","visits":1,"unnamed":false}},{"type":"Feature","geometry":{"type":"Point","coordinates":[-78.43109,-0.34444]},"properties":{"id":"49408f37-a8a7-53a1-a961-77a97002dd1d","slug":null,"name":"Picateria el Hueco","city":null,"citySlug":null,"cc":null,"kind":"food","status":"unknown","visits":1,"unnamed":false}},{"type":"Feature","geometry":{"type":"Point","coordinates":[-93.29105,44.92488]},"properties":{"id":"de917e09-273c-5b31-b93b-75a87126c6aa","slug":null,"name":"Piccolo","city":null,"citySlug":null,"cc":null,"kind":"food","status":"closed","visits":1,"unnamed":false}},{"type":"Feature","geometry":{"type":"Point","coordinates":[-73.98109,40.772]},"properties":{"id":"ef727a44-a2d2-59d5-b8ca-05375471d2ab","slug":null,"name":"Picholine","city":null,"citySlug":null,"cc":null,"kind":"market","status":"unknown","visits":1,"unnamed":false}},{"type":"Feature","geometry":{"type":"Point","coordinates":[107.90568,-7.22676]},"properties":{"id":"0ede760f-6196-5e05-a384-41a25e07b337","slug":null,"name":"Picnic Dodol Garut","city":null,"citySlug":null,"cc":null,"kind":"sight","status":"unknown","visits":1,"unnamed":false}},{"type":"Feature","geometry":{"type":"Point","coordinates":[-28.32282,38.45805]},"properties":{"id":"a376b4fe-2802-5778-883d-eb093dc9fe18","slug":null,"name":"Pico Island","city":null,"citySlug":null,"cc":null,"kind":"activity","status":"unknown","visits":1,"unnamed":false}},{"type":"Feature","geometry":{"type":"Point","coordinates":[-100.54086,28.69162]},"properties":{"id":"a155e3b0-a0ef-5e5d-9414-3a7d0bc93488","slug":null,"name":"Piedras Negras","city":null,"citySlug":null,"cc":null,"kind":"food","status":"unknown","visits":1,"unnamed":false}},{"type":"Feature","geometry":{"type":"Point","coordinates":[-122.4009,37.80337]},"properties":{"id":"ca27c106-cade-5405-9aa6-377ec97f65d0","slug":null,"name":"Pier 23 Cafe Restaurant & Bar","city":null,"citySlug":null,"cc":null,"kind":"unknown","status":"unknown","visits":1,"unnamed":false}},{"type":"Feature","geometry":{"type":"Point","coordinates":[114.15753,22.28814]},"properties":{"id":"676eeef4-a24c-5a5f-9a60-cddcd573e971","slug":null,"name":"Pier 3 Bar & Restaurant","city":null,"citySlug":null,"cc":null,"kind":"unknown","status":"unknown","visits":1,"unnamed":false}},{"type":"Feature","geometry":{"type":"Point","coordinates":[-76.44763,18.17128]},"properties":{"id":"0d3c75e5-2028-5647-a5e6-d2b7048e1a55","slug":null,"name":"Piggy's Jerk Centre","city":null,"citySlug":null,"cc":null,"kind":"unknown","status":"closed","visits":1,"unnamed":false}},{"type":"Feature","geometry":{"type":"Point","coordinates":[-122.34215,47.60966]},"properties":{"id":"3dfcc5bf-c9fd-5c9a-91fe-a13ca939610a","slug":null,"name":"Pike Place Market","city":null,"citySlug":null,"cc":null,"kind":"market","status":"unknown","visits":2,"unnamed":false}},{"type":"Feature","geometry":{"type":"Point","coordinates":[-86.76778,36.15838]},"properties":{"id":"0b66e993-2322-55a0-819f-622a32c08b3b","slug":null,"name":"Pinewood Social","city":null,"citySlug":null,"cc":null,"kind":"unknown","status":"unknown","visits":1,"unnamed":false}},{"type":"Feature","geometry":{"type":"Point","coordinates":[114.16641,22.44633]},"properties":{"id":"f197c87c-1554-50d5-84af-b2f394e0798e","slug":null,"name":"Ping Kee Noodles","city":null,"citySlug":null,"cc":null,"kind":"food","status":"unknown","visits":1,"unnamed":false}},{"type":"Feature","geometry":{"type":"Point","coordinates":[-118.34428,34.08385]},"properties":{"id":"fa4c7e57-1b84-5cd7-a18a-b35636f77aaa","slug":null,"name":"Pink's Hot Dogs","city":null,"citySlug":null,"cc":null,"kind":"unknown","status":"unknown","visits":1,"unnamed":false}},{"type":"Feature","geometry":{"type":"Point","coordinates":[-110.55941,45.66125]},"properties":{"id":"87a1ebb9-475f-5f87-b7c9-375c5ea8b305","slug":null,"name":"Pinky's Cafe","city":null,"citySlug":null,"cc":null,"kind":"food","status":"unknown","visits":1,"unnamed":false}},{"type":"Feature","geometry":{"type":"Point","coordinates":[-122.41039,37.75746]},"properties":{"id":"b5cf5509-2255-5cd0-a6ff-7912cc4c6c97","slug":null,"name":"Pirate Cat Cafe","city":null,"citySlug":null,"cc":null,"kind":"food","status":"closed","visits":1,"unnamed":false}},{"type":"Feature","geometry":{"type":"Point","coordinates":[-122.34242,47.60995]},"properties":{"id":"d08fda52-5357-549e-ae72-06345d077876","slug":null,"name":"Piroshky Piroshky","city":null,"citySlug":null,"cc":null,"kind":"food","status":"unknown","visits":1,"unnamed":false}},{"type":"Feature","geometry":{"type":"Point","coordinates":[-79.99589,40.44062]},"properties":{"id":"51fc2e64-cb00-55db-9842-0e337af53628","slug":null,"name":"Pittsburgh","city":null,"citySlug":null,"cc":null,"kind":"unknown","status":"unknown","visits":1,"unnamed":false}},{"type":"Feature","geometry":{"type":"Point","coordinates":[14.41886,50.08276]},"properties":{"id":"06644e19-af9b-5add-a078-48f221ed390c","slug":null,"name":"Pivovar U Medvídků","city":null,"citySlug":null,"cc":null,"kind":"food","status":"unknown","visits":1,"unnamed":false}},{"type":"Feature","geometry":{"type":"Point","coordinates":[14.44151,50.09057]},"properties":{"id":"00aeb0eb-7bfd-522b-9df7-0b420645fbc6","slug":null,"name":"Pivovarský klub","city":null,"citySlug":null,"cc":null,"kind":"food","status":"unknown","visits":1,"unnamed":false}},{"type":"Feature","geometry":{"type":"Point","coordinates":[12.44667,41.90668]},"properties":{"id":"a47481b4-42e7-58e5-8ce4-54d0faa5a0dc","slug":null,"name":"Pizzarium","city":null,"citySlug":null,"cc":null,"kind":"unknown","status":"unknown","visits":1,"unnamed":false}},{"type":"Feature","geometry":{"type":"Point","coordinates":[14.27415,40.8562]},"properties":{"id":"2ff4f5ba-1c10-525e-8894-c5376a7bc4e0","slug":null,"name":"Pizzeria Pellone","city":null,"citySlug":null,"cc":null,"kind":"food","status":"unknown","visits":1,"unnamed":false}},{"type":"Feature","geometry":{"type":"Point","coordinates":[-95.44332,29.66501]},"properties":{"id":"d975bf96-6590-56b0-a376-0f8b0c90bd7b","slug":null,"name":"Plant It Forward (Warehouse)","city":null,"citySlug":null,"cc":null,"kind":"unknown","status":"unknown","visits":1,"unnamed":false}},{"type":"Feature","geometry":{"type":"Point","coordinates":[-69.24994,19.28946]},"properties":{"id":"b6bdecd7-1d41-5f5d-b262-4fdc6b220b53","slug":null,"name":"Playa Rincon","city":null,"citySlug":null,"cc":null,"kind":"activity","status":"unknown","visits":1,"unnamed":false}},{"type":"Feature","geometry":{"type":"Point","coordinates":[-75.56845,6.25204]},"properties":{"id":"a2194d44-5674-5076-949f-a1bf465f9ac5","slug":null,"name":"Plaza Botero - Medellín, Antioquia","city":null,"citySlug":null,"cc":null,"kind":"sight","status":"unknown","visits":1,"unnamed":false}},{"type":"Feature","geometry":{"type":"Point","coordinates":[-75.52474,10.41219]},"properties":{"id":"75642a31-1424-5715-aebd-d0c754d759d9","slug":null,"name":"Plaza De Mercado De Cartagena","city":null,"citySlug":null,"cc":null,"kind":"market","status":"unknown","visits":1,"unnamed":false}},{"type":"Feature","geometry":{"type":"Point","coordinates":[-75.57274,6.25734]},"properties":{"id":"416a19f3-9c60-54c4-8f22-e73443425a04","slug":null,"name":"Plaza Minorista José María Villa","city":null,"citySlug":null,"cc":null,"kind":"market","status":"unknown","visits":1,"unnamed":false}},{"type":"Feature","geometry":{"type":"Point","coordinates":[-73.98374,40.72714]},"properties":{"id":"4b3b27ba-9402-5b4f-8701-8ed2623ee831","slug":null,"name":"Please Don't Tell","city":null,"citySlug":null,"cc":null,"kind":"unknown","status":"unknown","visits":1,"unnamed":false}},{"type":"Feature","geometry":{"type":"Point","coordinates":[123.91427,10.32074]},"properties":{"id":"0bfc0d9f-2f72-5e77-9b90-f98d07afb29b","slug":null,"name":"Pochero Kinaraan","city":null,"citySlug":null,"cc":null,"kind":"food","status":"unknown","visits":1,"unnamed":false}},{"type":"Feature","geometry":{"type":"Point","coordinates":[30.43822,59.6963]},"properties":{"id":"a2ca9d18-b5cf-53c4-b16c-5c03df6c8585","slug":null,"name":"Podvor'ye","city":null,"citySlug":null,"cc":null,"kind":"unknown","status":"unknown","visits":1,"unnamed":false}},{"type":"Feature","geometry":{"type":"Point","coordinates":[-74.00119,40.68758]},"properties":{"id":"d754b795-620b-50a6-a585-1b2aa85892f0","slug":null,"name":"Pok Pok NY","city":null,"citySlug":null,"cc":null,"kind":"food","status":"closed","visits":1,"unnamed":false}},{"type":"Feature","geometry":{"type":"Point","coordinates":[-122.49771,37.75347]},"properties":{"id":"c08c0047-b3fa-5ec4-89c8-272f7ad0d2fb","slug":null,"name":"Polly Ann Ice Cream","city":null,"citySlug":null,"cc":null,"kind":"unknown","status":"unknown","visits":1,"unnamed":false}},{"type":"Feature","geometry":{"type":"Point","coordinates":[-83.0577,42.39784]},"properties":{"id":"5f6daf78-862e-5ef9-8032-75b9654b031b","slug":null,"name":"Polonia Restaurant","city":null,"citySlug":null,"cc":null,"kind":"food","status":"unknown","visits":1,"unnamed":false}},{"type":"Feature","geometry":{"type":"Point","coordinates":[-66.61406,18.01108]},"properties":{"id":"a6394c45-6e29-5f28-8c42-fe4d5332cf65","slug":null,"name":"Ponce","city":null,"citySlug":null,"cc":null,"kind":"sight","status":"unknown","visits":1,"unnamed":false}},{"type":"Feature","geometry":{"type":"Point","coordinates":[-117.04189,32.30182]},"properties":{"id":"1383e89d-fecd-5a73-894c-8f175fb342b5","slug":null,"name":"Popotla","city":null,"citySlug":null,"cc":null,"kind":"activity","status":"unknown","visits":1,"unnamed":false}},{"type":"Feature","geometry":{"type":"Point","coordinates":[-79.39886,43.64457]},"properties":{"id":"4665928e-c221-5f1a-a470-de73bba8ce8b","slug":null,"name":"Porchetta & Co.","city":null,"citySlug":null,"cc":null,"kind":"unknown","status":"unknown","visits":1,"unnamed":false}},{"type":"Feature","geometry":{"type":"Point","coordinates":[151.20935,-33.88636]},"properties":{"id":"eae9ca55-4e72-59bb-bd87-e2ada802b717","slug":null,"name":"Porteño","city":null,"citySlug":null,"cc":null,"kind":"food","status":"unknown","visits":1,"unnamed":false}},{"type":"Feature","geometry":{"type":"Point","coordinates":[-73.98263,40.76888]},"properties":{"id":"9a14c724-6755-579d-8044-79e2423f14e7","slug":null,"name":"Porter House Bar and Grill","city":null,"citySlug":null,"cc":null,"kind":"food","status":"unknown","visits":1,"unnamed":false}},{"type":"Feature","geometry":{"type":"Point","coordinates":[-8.62911,41.15794]},"properties":{"id":"2d384f22-dd39-5196-8da8-8cb2627e5e4f","slug":null,"name":"Porto","city":null,"citySlug":null,"cc":null,"kind":"unknown","status":"unknown","visits":1,"unnamed":false}},{"type":"Feature","geometry":{"type":"Point","coordinates":[14.70205,40.64585]},"properties":{"id":"3ba231e7-7193-5a96-a8fd-faa107cf49a9","slug":null,"name":"Porto di Cetara","city":null,"citySlug":null,"cc":null,"kind":"activity","status":"unknown","visits":1,"unnamed":false}},{"type":"Feature","geometry":{"type":"Point","coordinates":[-63.03084,18.07465]},"properties":{"id":"f92b9d62-a86c-504d-9e52-05cb7e91c607","slug":null,"name":"Poulet D' Orleans","city":null,"citySlug":null,"cc":null,"kind":"unknown","status":"unknown","visits":1,"unnamed":false}},{"type":"Feature","geometry":{"type":"Point","coordinates":[-79.42318,43.64342]},"properties":{"id":"e49298de-55b2-5e2e-aa6e-24eb3ede32c1","slug":null,"name":"Poutini’s House of Poutine","city":null,"citySlug":null,"cc":null,"kind":"unknown","status":"unknown","visits":1,"unnamed":false}},{"type":"Feature","geometry":{"type":"Point","coordinates":[29.1321,41.20603]},"properties":{"id":"fe83cd78-f75f-5fdb-be76-cac5b9bbbc7f","slug":null,"name":"Poyraz Sahil Balık Restaurant","city":null,"citySlug":null,"cc":null,"kind":"unknown","status":"unknown","visits":1,"unnamed":false}},{"type":"Feature","geometry":{"type":"Point","coordinates":[-67.07388,18.515]},"properties":{"id":"9327e541-b6e3-55c6-928e-14baf7685b57","slug":null,"name":"Pozo de Jacinto","city":null,"citySlug":null,"cc":null,"kind":"activity","status":"unknown","visits":1,"unnamed":false}},{"type":"Feature","geometry":{"type":"Point","coordinates":[-38.4925,-13.0116]},"properties":{"id":"8ef66724-bbad-554c-a422-6e4fd37887bd","slug":null,"name":"Praia do Rio Vermelho","city":null,"citySlug":null,"cc":null,"kind":"unknown","status":"unknown","visits":1,"unnamed":false}},{"type":"Feature","geometry":{"type":"Point","coordinates":[28.22927,-25.74787]},"properties":{"id":"45cdd2a8-51ba-5089-a585-2111ed078dd2","slug":null,"name":"Pretoria","city":null,"citySlug":null,"cc":null,"kind":"unknown","status":"unknown","visits":1,"unnamed":false}},{"type":"Feature","geometry":{"type":"Point","coordinates":[-69.11053,44.0899]},"properties":{"id":"3f30a78c-f45e-5082-8275-290d2487e39b","slug":null,"name":"Primo Restaurant","city":null,"citySlug":null,"cc":null,"kind":"food","status":"unknown","visits":1,"unnamed":false}},{"type":"Feature","geometry":{"type":"Point","coordinates":[-73.96452,40.57671]},"properties":{"id":"51ee81e7-d83d-5dce-b183-26f673875c07","slug":null,"name":"Primorski Restaurant","city":null,"citySlug":null,"cc":null,"kind":"food","status":"closed","visits":1,"unnamed":false}},{"type":"Feature","geometry":{"type":"Point","coordinates":[29.06167,40.8525]},"properties":{"id":"32f9d5c1-9a24-5b3c-8c4e-9f2a74b77b1f","slug":null,"name":"Princes Islands","city":null,"citySlug":null,"cc":null,"kind":"unknown","status":"unknown","visits":1,"unnamed":false}},{"type":"Feature","geometry":{"type":"Point","coordinates":[-0.24089,51.50642]},"properties":{"id":"a8cda4c9-8a73-5b48-94ba-30604eaaa379","slug":null,"name":"Princess Victoria","city":null,"citySlug":null,"cc":null,"kind":"unknown","status":"unknown","visits":1,"unnamed":false}},{"type":"Feature","geometry":{"type":"Point","coordinates":[74.86798,31.63463]},"properties":{"id":"c2fe79d8-914e-5d17-8251-d94010a2d5d8","slug":null,"name":"Pritam Dhaba","city":null,"citySlug":null,"cc":null,"kind":"unknown","status":"unknown","visits":1,"unnamed":false}},{"type":"Feature","geometry":{"type":"Point","coordinates":[11.627,44.81505]},"properties":{"id":"bc03485c-f730-5110-9e82-05c757484b2c","slug":null,"name":"Pronto Pesce","city":null,"citySlug":null,"cc":null,"kind":"food","status":"unknown","visits":1,"unnamed":false}},{"type":"Feature","geometry":{"type":"Point","coordinates":[-73.98937,40.72392]},"properties":{"id":"125a43ab-b293-5572-b65f-42a77b72c06b","slug":null,"name":"Prune","city":null,"citySlug":null,"cc":null,"kind":"food","status":"unknown","visits":1,"unnamed":false}},{"type":"Feature","geometry":{"type":"Point","coordinates":[30.05423,51.4045]},"properties":{"id":"1b8c7786-09d1-57cf-b4da-883fa950072a","slug":null,"name":"Pryp'yat'","city":null,"citySlug":null,"cc":null,"kind":"sight","status":"unknown","visits":1,"unnamed":false}},{"type":"Feature","geometry":{"type":"Point","coordinates":[-80.14432,25.79537]},"properties":{"id":"1bd9b7e8-2f3a-5d97-a291-477d6ecfe69c","slug":null,"name":"Pubbelly Sushi","city":null,"citySlug":null,"cc":null,"kind":"unknown","status":"unknown","visits":1,"unnamed":false}},{"type":"Feature","geometry":{"type":"Point","coordinates":[-73.99203,40.72307]},"properties":{"id":"8b64633e-2ecd-53d0-bdbe-1b902c8a5c38","slug":null,"name":"Public Kitchen","city":null,"citySlug":null,"cc":null,"kind":"unknown","status":"unknown","visits":1,"unnamed":false}},{"type":"Feature","geometry":{"type":"Point","coordinates":[-87.64849,41.88661]},"properties":{"id":"cfd123b8-ba31-5618-8711-4c9e1881a7c8","slug":null,"name":"Publican Quality Meats","city":null,"citySlug":null,"cc":null,"kind":"unknown","status":"unknown","visits":1,"unnamed":false}},{"type":"Feature","geometry":{"type":"Point","coordinates":[-76.77338,-12.48261]},"properties":{"id":"ac548702-3cfa-555e-8717-3f19f5922b9c","slug":null,"name":"Pucusana","city":null,"citySlug":null,"cc":null,"kind":"unknown","status":"unknown","visits":1,"unnamed":false}},{"type":"Feature","geometry":{"type":"Point","coordinates":[-98.20627,19.04144]},"properties":{"id":"62de11df-9441-5025-85c5-d7d477d43c55","slug":null,"name":"Puebla","city":null,"citySlug":null,"cc":null,"kind":"sight","status":"unknown","visits":1,"unnamed":false}},{"type":"Feature","geometry":{"type":"Point","coordinates":[-65.44849,18.14885]},"properties":{"id":"9bd2171a-134f-5f61-82b6-95c1e8f5e844","slug":null,"name":"Puerto de Vieques","city":null,"citySlug":null,"cc":null,"kind":"unknown","status":"unknown","visits":1,"unnamed":false}},{"type":"Feature","geometry":{"type":"Point","coordinates":[-159.4586,21.87936]},"properties":{"id":"d5e64587-edb4-5a6e-ad89-67a491c1757e","slug":null,"name":"Puka Dog Hawaiian Style Hot Dogs","city":null,"citySlug":null,"cc":null,"kind":"food","status":"unknown","visits":1,"unnamed":false}},{"type":"Feature","geometry":{"type":"Point","coordinates":[-99.14273,19.43025]},"properties":{"id":"3c1fb8dd-6391-5642-83cc-0e13abc07790","slug":null,"name":"Pulquería Las Duelistas","city":null,"citySlug":null,"cc":null,"kind":"food","status":"unknown","visits":1,"unnamed":false}},{"type":"Feature","geometry":{"type":"Point","coordinates":[-54.93778,-34.93632]},"properties":{"id":"304c90b5-3e30-5be2-838d-53f78abfcfe3","slug":null,"name":"Punta del Este","city":null,"citySlug":null,"cc":null,"kind":"activity","status":"unknown","visits":1,"unnamed":false}},{"type":"Feature","geometry":{"type":"Point","coordinates":[-83.11653,42.32478]},"properties":{"id":"9dda63f6-2088-5653-9760-c0b9e6259c57","slug":null,"name":"Pupuseria Y Restaurante Salvadoreno","city":null,"citySlug":null,"cc":null,"kind":"unknown","status":"unknown","visits":1,"unnamed":false}},{"type":"Feature","geometry":{"type":"Point","coordinates":[44.0079,36.18774]},"properties":{"id":"0849afa7-6364-59dd-93fc-731f77cbc5e0","slug":null,"name":"Qardaran Tea Shop","city":null,"citySlug":null,"cc":null,"kind":"market","status":"unknown","visits":1,"unnamed":false}},{"type":"Feature","geometry":{"type":"Point","coordinates":[107.09251,27.20144]},"properties":{"id":"809d6f33-2f99-5b6e-bfe9-c071881afc62","slug":null,"name":"Qingshui River","city":null,"citySlug":null,"cc":null,"kind":"unknown","status":"unknown","visits":1,"unnamed":false}},{"type":"Feature","geometry":{"type":"Point","coordinates":[11.34479,44.49248]},"properties":{"id":"d5ed081e-0fae-57a9-b5f4-ae451fe6f9af","slug":null,"name":"Quadrilatero","city":null,"citySlug":null,"cc":null,"kind":"market","status":"unknown","visits":1,"unnamed":false}},{"type":"Feature","geometry":{"type":"Point","coordinates":[-74.41641,41.32744]},"properties":{"id":"828e267d-a885-554b-a24b-ada8c31b64f3","slug":null,"name":"Quaker Creek Store","city":null,"citySlug":null,"cc":null,"kind":"food","status":"unknown","visits":1,"unnamed":false}},{"type":"Feature","geometry":{"type":"Point","coordinates":[-97.71227,30.31831]},"properties":{"id":"71cd984b-329b-5d2c-806f-fc7d0b405d6c","slug":null,"name":"Quality Seafood Market","city":null,"citySlug":null,"cc":null,"kind":"food","status":"unknown","visits":1,"unnamed":false}},{"type":"Feature","geometry":{"type":"Point","coordinates":[107.55968,16.46082]},"properties":{"id":"e68393db-ef0c-5ee7-931d-8b79f3ff5b49","slug":null,"name":"Quán bánh O Lé","city":null,"citySlug":null,"cc":null,"kind":"unknown","status":"unknown","visits":1,"unnamed":false}},{"type":"Feature","geometry":{"type":"Point","coordinates":[106.68473,10.77315]},"properties":{"id":"9ba444b7-5a79-550e-9a3b-d194da3ac741","slug":null,"name":"Quán Ốc Chi Mập","city":null,"citySlug":null,"cc":null,"kind":"food","status":"unknown","visits":1,"unnamed":false}},{"type":"Feature","geometry":{"type":"Point","coordinates":[-90.57576,34.20117]},"properties":{"id":"a4b8cbbf-05cf-54bd-844a-ae98744a611f","slug":null,"name":"Quapaw Canoe Company","city":null,"citySlug":null,"cc":null,"kind":"unknown","status":"unknown","visits":1,"unnamed":false}},{"type":"Feature","geometry":{"type":"Point","coordinates":[-75.50258,6.06096]},"properties":{"id":"3753d15b-4ed3-5bd6-9e3a-5315e7af5e06","slug":null,"name":"Queareparaenamorart","city":null,"citySlug":null,"cc":null,"kind":"food","status":"closed","visits":1,"unnamed":false}},{"type":"Feature","geometry":{"type":"Point","coordinates":[144.95679,-37.80758]},"properties":{"id":"6899660b-b3f5-50f2-a5d8-39248e5ffcd9","slug":null,"name":"Queen Victoria Market","city":null,"citySlug":null,"cc":null,"kind":"market","status":"unknown","visits":1,"unnamed":false}},{"type":"Feature","geometry":{"type":"Point","coordinates":[-61.51437,10.66874]},"properties":{"id":"99c13033-c0ef-5e02-ae5b-5d1041037bb9","slug":null,"name":"Queen's Park Savannah","city":null,"citySlug":null,"cc":null,"kind":"unknown","status":"unknown","visits":1,"unnamed":false}},{"type":"Feature","geometry":{"type":"Point","coordinates":[-71.03974,42.33242]},"properties":{"id":"05c218a9-cda7-558a-a444-337e35cf4723","slug":null,"name":"Quencher Tavern","city":null,"citySlug":null,"cc":null,"kind":"food","status":"unknown","visits":1,"unnamed":false}},{"type":"Feature","geometry":{"type":"Point","coordinates":[126.67065,45.75253]},"properties":{"id":"c7b4001b-a261-5b87-a3ca-5273f483eb6f","slug":null,"name":"Quick-fried Tripe Zhang","city":null,"citySlug":null,"cc":null,"kind":"food","status":"unknown","visits":1,"unnamed":false}},{"type":"Feature","geometry":{"type":"Point","coordinates":[-73.61329,45.53348]},"properties":{"id":"db8a1898-9865-5a35-91b0-6ffa765b7f21","slug":null,"name":"Quincaillerie Dante","city":null,"citySlug":null,"cc":null,"kind":"activity","status":"unknown","visits":1,"unnamed":false}},{"type":"Feature","geometry":{"type":"Point","coordinates":[-122.31922,47.61398]},"properties":{"id":"e1c2fac7-99d4-540c-9635-9c7682e49809","slug":null,"name":"Quinn's Pub","city":null,"citySlug":null,"cc":null,"kind":"unknown","status":"unknown","visits":1,"unnamed":false}},{"type":"Feature","geometry":{"type":"Point","coordinates":[-122.40495,37.79412]},"properties":{"id":"2236c8c8-4011-5240-946d-66b242b68492","slug":null,"name":"R & G Lounge","city":null,"citySlug":null,"cc":null,"kind":"food","status":"unknown","visits":1,"unnamed":false}},{"type":"Feature","geometry":{"type":"Point","coordinates":[-90.12394,30.01966]},"properties":{"id":"9acf52cc-d30b-5591-a704-5ce0d1fdad18","slug":null,"name":"R & O Restaurant and Catering","city":null,"citySlug":null,"cc":null,"kind":"unknown","status":"unknown","visits":1,"unnamed":false}},{"type":"Feature","geometry":{"type":"Point","coordinates":[-90.05951,29.96411]},"properties":{"id":"a92e21c2-41ed-5374-b31a-2a62b9346f7b","slug":null,"name":"R Bar","city":null,"citySlug":null,"cc":null,"kind":"unknown","status":"unknown","visits":1,"unnamed":false}},{"type":"Feature","geometry":{"type":"Point","coordinates":[114.15487,22.28024]},"properties":{"id":"af3fe8dd-e0c1-5fab-a15c-940582455c33","slug":null,"name":"Racks City","city":null,"citySlug":null,"cc":null,"kind":"unknown","status":"unknown","visits":1,"unnamed":false}},{"type":"Feature","geometry":{"type":"Point","coordinates":[35.52563,33.89711]},"properties":{"id":"55bdadfa-d760-5f05-9547-e5bc691f48cb","slug":null,"name":"Radio Beirut","city":null,"citySlug":null,"cc":null,"kind":"unknown","status":"unknown","visits":1,"unnamed":false}},{"type":"Feature","geometry":{"type":"Point","coordinates":[13.19982,32.89594]},"properties":{"id":"dee76cb6-7e5e-548d-a6e5-44c9b799ad99","slug":null,"name":"Radisson Blu Al Mahary Hotel","city":null,"citySlug":null,"cc":null,"kind":"unknown","status":"unknown","visits":1,"unnamed":false}},{"type":"Feature","geometry":{"type":"Point","coordinates":[103.85986,13.36435]},"properties":{"id":"c9d4fe78-2086-5685-a0d0-64723785e503","slug":null,"name":"Raffles Grand Hotel d'Angkor","city":null,"citySlug":null,"cc":null,"kind":"unknown","status":"unknown","visits":1,"unnamed":false}},{"type":"Feature","geometry":{"type":"Point","coordinates":[-66.11338,18.46461]},"properties":{"id":"973c73d9-c071-52c5-ad78-55c98e2d12d8","slug":null,"name":"Raíces","city":null,"citySlug":null,"cc":null,"kind":"food","status":"unknown","visits":1,"unnamed":false}},{"type":"Feature","geometry":{"type":"Point","coordinates":[-122.28465,47.54503]},"properties":{"id":"34234aa2-957c-584f-b295-c5df0bbc0ad4","slug":null,"name":"Rainier Restaurant and BBQ","city":null,"citySlug":null,"cc":null,"kind":"unknown","status":"unknown","visits":1,"unnamed":false}},{"type":"Feature","geometry":{"type":"Point","coordinates":[-115.20982,36.12704]},"properties":{"id":"dcbeb3c9-3662-52fa-9af1-3ba9c8b5a138","slug":null,"name":"Raku","city":null,"citySlug":null,"cc":null,"kind":"unknown","status":"unknown","visits":1,"unnamed":false}},{"type":"Feature","geometry":{"type":"Point","coordinates":[140.64019,42.84281]},"properties":{"id":"5e7e18f4-c1ce-54c1-90e8-6d4f325cd928","slug":null,"name":"Rakuichi Soba","city":null,"citySlug":null,"cc":null,"kind":"food","status":"unknown","visits":1,"unnamed":false}},{"type":"Feature","geometry":{"type":"Point","coordinates":[-122.41125,37.77681]},"properties":{"id":"411b7124-b938-505c-a644-7e6ca2109e97","slug":null,"name":"Ralph Gracie Jiu Jitsu","city":null,"citySlug":null,"cc":null,"kind":"unknown","status":"unknown","visits":1,"unnamed":false}},{"type":"Feature","geometry":{"type":"Point","coordinates":[35.20342,31.90376]},"properties":{"id":"84d66e99-b3ab-5d38-b798-b0e82206861b","slug":null,"name":"Ramallah","city":null,"citySlug":null,"cc":null,"kind":"unknown","status":"unknown","visits":1,"unnamed":false}},{"type":"Feature","geometry":{"type":"Point","coordinates":[-9.13587,38.72026]},"properties":{"id":"b33adba9-fdaf-5039-a203-9b60c4689056","slug":null,"name":"Ramiro","city":null,"citySlug":null,"cc":null,"kind":"food","status":"unknown","visits":1,"unnamed":false}},{"type":"Feature","geometry":{"type":"Point","coordinates":[-116.32342,34.14022]},"properties":{"id":"bf77fac2-17f7-567e-aa65-7c8717ecf287","slug":null,"name":"Rancho de la Luna","city":null,"citySlug":null,"cc":null,"kind":"activity","status":"unknown","visits":1,"unnamed":false}},{"type":"Feature","geometry":{"type":"Point","coordinates":[-73.94765,40.58388]},"properties":{"id":"f37a81cb-23a2-5df2-b3f2-a3f2435114f7","slug":null,"name":"Randazzo's Clam Bar","city":null,"citySlug":null,"cc":null,"kind":"food","status":"unknown","visits":1,"unnamed":false}},{"type":"Feature","geometry":{"type":"Point","coordinates":[47.41929,-21.26406]},"properties":{"id":"6078101d-c102-52d7-92b1-62a6d7f2bc5f","slug":null,"name":"Ranomafana National Park","city":null,"citySlug":null,"cc":null,"kind":"unknown","status":"unknown","visits":1,"unnamed":false}},{"type":"Feature","geometry":{"type":"Point","coordinates":[121.57753,25.05095]},"properties":{"id":"290ad5b7-41f2-5212-a255-3b579d8fcfd1","slug":null,"name":"Raohe Night Market","city":null,"citySlug":null,"cc":null,"kind":"unknown","status":"unknown","visits":1,"unnamed":false}},{"type":"Feature","geometry":{"type":"Point","coordinates":[55.27925,25.23392]},"properties":{"id":"c14d6718-205a-57ae-8054-eda805966090","slug":null,"name":"Ravi Restaurant","city":null,"citySlug":null,"cc":null,"kind":"food","status":"unknown","visits":1,"unnamed":false}},{"type":"Feature","geometry":{"type":"Point","coordinates":[-73.98358,40.72625]},"properties":{"id":"9f538626-ca79-57ba-bb7e-26698f77d922","slug":null,"name":"Ray's Candy Store","city":null,"citySlug":null,"cc":null,"kind":"unknown","status":"unknown","visits":1,"unnamed":false}},{"type":"Feature","geometry":{"type":"Point","coordinates":[-75.15849,39.93412]},"properties":{"id":"782190a5-41d6-54e6-8f9b-d88b0001ff4a","slug":null,"name":"Ray's Happy Birthday Bar","city":null,"citySlug":null,"cc":null,"kind":"unknown","status":"unknown","visits":1,"unnamed":false}},{"type":"Feature","geometry":{"type":"Point","coordinates":[-52.70404,47.56671]},"properties":{"id":"ff8dd48a-edb0-59de-acfd-f66e25c4fad2","slug":null,"name":"Raymonds Restaurant","city":null,"citySlug":null,"cc":null,"kind":"unknown","status":"unknown","visits":1,"unnamed":false}},{"type":"Feature","geometry":{"type":"Point","coordinates":[-8.60098,41.13274]},"properties":{"id":"3af2f30a-0ea8-539e-af6c-587ba95d8f5d","slug":null,"name":"Real Companhia Velha","city":null,"citySlug":null,"cc":null,"kind":"unknown","status":"unknown","visits":1,"unnamed":false}},{"type":"Feature","geometry":{"type":"Point","coordinates":[-72.5994,42.58981]},"properties":{"id":"c4bc37d4-dd23-53f2-add4-42c77bbb3873","slug":null,"name":"Recover Project","city":null,"citySlug":null,"cc":null,"kind":"unknown","status":"unknown","visits":1,"unnamed":false}},{"type":"Feature","geometry":{"type":"Point","coordinates":[100.33434,5.42111]},"properties":{"id":"21c1cdd2-5d7d-5f00-97eb-aab5caeea5ca","slug":null,"name":"Red Garden Food Paradise","city":null,"citySlug":null,"cc":null,"kind":"market","status":"unknown","visits":1,"unnamed":false}},{"type":"Feature","geometry":{"type":"Point","coordinates":[-56.87043,48.72581]},"properties":{"id":"14806531-4238-5a3d-9e87-2a4bc83225ed","slug":null,"name":"Red Indian Lake","city":null,"citySlug":null,"cc":null,"kind":"unknown","status":"unknown","visits":1,"unnamed":false}},{"type":"Feature","geometry":{"type":"Point","coordinates":[-118.37425,34.06447]},"properties":{"id":"21f6c350-b66c-5229-b176-e6129a7e5192","slug":null,"name":"Red Medicine","city":null,"citySlug":null,"cc":null,"kind":"unknown","status":"unknown","visits":1,"unnamed":false}},{"type":"Feature","geometry":{"type":"Point","coordinates":[-122.38743,37.78721]},"properties":{"id":"88362cde-5220-5b3e-9747-195a53812412","slug":null,"name":"Red's Java House","city":null,"citySlug":null,"cc":null,"kind":"food","status":"unknown","visits":1,"unnamed":false}},{"type":"Feature","geometry":{"type":"Point","coordinates":[4.96911,47.19418]},"properties":{"id":"aabb7b05-9624-5d82-8ea0-f6f802474eee","slug":null,"name":"Relais des Grands Crus","city":null,"citySlug":null,"cc":null,"kind":"food","status":"closed","visits":1,"unnamed":false}},{"type":"Feature","geometry":{"type":"Point","coordinates":[-5.81042,35.78572]},"properties":{"id":"9321186c-22f7-5219-8b04-48eb3d99a275","slug":null,"name":"Restaurant Andalus","city":null,"citySlug":null,"cc":null,"kind":"unknown","status":"unknown","visits":1,"unnamed":false}},{"type":"Feature","geometry":{"type":"Point","coordinates":[2.36892,48.86164]},"properties":{"id":"9aa0a455-167e-58e0-a9e3-aa7c706904d6","slug":null,"name":"Restaurant Au Passage","city":null,"citySlug":null,"cc":null,"kind":"unknown","status":"unknown","visits":1,"unnamed":false}},{"type":"Feature","geometry":{"type":"Point","coordinates":[4.89848,52.37232]},"properties":{"id":"6faf061e-09a7-5ce7-aa9b-7a6bfcac5faa","slug":null,"name":"Restaurant Blauw aan de Wal","city":null,"citySlug":null,"cc":null,"kind":"unknown","status":"unknown","visits":1,"unnamed":false}},{"type":"Feature","geometry":{"type":"Point","coordinates":[-1.16763,44.66029]},"properties":{"id":"049e2119-8444-5da7-85c2-ce63412b3c75","slug":null,"name":"Restaurant Chez Yvette","city":null,"citySlug":null,"cc":null,"kind":"unknown","status":"unknown","visits":1,"unnamed":false}},{"type":"Feature","geometry":{"type":"Point","coordinates":[5.3786,43.29632]},"properties":{"id":"51f0ad15-d175-517c-8d1a-b0d9eea46d00","slug":null,"name":"Restaurant Fémina","city":null,"citySlug":null,"cc":null,"kind":"unknown","status":"unknown","visits":1,"unnamed":false}},{"type":"Feature","geometry":{"type":"Point","coordinates":[-0.16212,51.48548]},"properties":{"id":"25f5799d-a386-55f5-aa93-009ea4215c5c","slug":null,"name":"Restaurant Gordon Ramsay","city":null,"citySlug":null,"cc":null,"kind":"unknown","status":"unknown","visits":1,"unnamed":false}},{"type":"Feature","geometry":{"type":"Point","coordinates":[-17.46012,14.70601]},"properties":{"id":"57fc9f7d-a025-5cee-8545-89abc92e5f81","slug":null,"name":"Restaurant le BAZOFF","city":null,"citySlug":null,"cc":null,"kind":"unknown","status":"unknown","visits":1,"unnamed":false}},{"type":"Feature","geometry":{"type":"Point","coordinates":[-73.63371,45.52813]},"properties":{"id":"0e66cbfb-597f-545e-87e2-8ca8c2fd0c72","slug":null,"name":"Restaurant Marven's","city":null,"citySlug":null,"cc":null,"kind":"unknown","status":"unknown","visits":1,"unnamed":false}},{"type":"Feature","geometry":{"type":"Point","coordinates":[18.07635,59.31053]},"properties":{"id":"5c808251-a238-531f-a135-855768812ded","slug":null,"name":"Restaurant Pelikan","city":null,"citySlug":null,"cc":null,"kind":"food","status":"unknown","visits":1,"unnamed":false}},{"type":"Feature","geometry":{"type":"Point","coordinates":[12.76738,48.06316]},"properties":{"id":"5b1ff93e-537f-52cb-b4eb-27482cca0cce","slug":null,"name":"Restaurant Pizzeria Zum Tor","city":null,"citySlug":null,"cc":null,"kind":"activity","status":"unknown","visits":1,"unnamed":false}},{"type":"Feature","geometry":{"type":"Point","coordinates":[6.93493,45.96692]},"properties":{"id":"447af583-36a9-565d-b42a-91eda5139e5d","slug":null,"name":"Restaurant Plan Joran","city":null,"citySlug":null,"cc":null,"kind":"unknown","status":"unknown","visits":1,"unnamed":false}},{"type":"Feature","geometry":{"type":"Point","coordinates":[43.83842,40.78801]},"properties":{"id":"66946a4f-6146-5707-920f-89772dbb559e","slug":null,"name":"Restaurant Poloz Mukuch","city":null,"citySlug":null,"cc":null,"kind":"unknown","status":"unknown","visits":1,"unnamed":false}},{"type":"Feature","geometry":{"type":"Point","coordinates":[-77.03102,-12.1681]},"properties":{"id":"0ac3562b-075c-54df-9435-4c5db9863c48","slug":null,"name":"Restaurant SONIA","city":null,"citySlug":null,"cc":null,"kind":"food","status":"unknown","visits":1,"unnamed":false}},{"type":"Feature","geometry":{"type":"Point","coordinates":[-8.58752,41.14738]},"properties":{"id":"f32306df-70d0-5274-b315-d415b1f04e92","slug":null,"name":"Restaurante Casa Aleixo","city":null,"citySlug":null,"cc":null,"kind":"unknown","status":"unknown","visits":1,"unnamed":false}},{"type":"Feature","geometry":{"type":"Point","coordinates":[-3.69805,40.42124]},"properties":{"id":"92411ef3-80dc-520a-824f-75a17c518f0b","slug":null,"name":"Restaurante Casa Salvador","city":null,"citySlug":null,"cc":null,"kind":"food","status":"unknown","visits":1,"unnamed":false}},{"type":"Feature","geometry":{"type":"Point","coordinates":[-5.13414,43.47931]},"properties":{"id":"8f479295-326b-5441-8f4f-863561d1f242","slug":null,"name":"Restaurante Güeyu Mar","city":null,"citySlug":null,"cc":null,"kind":"unknown","status":"unknown","visits":1,"unnamed":false}},{"type":"Feature","geometry":{"type":"Point","coordinates":[-78.99806,-2.91798]},"properties":{"id":"7e5120d7-299d-523e-a315-d4ffeee8c215","slug":null,"name":"Restaurante La Calderada","city":null,"citySlug":null,"cc":null,"kind":"food","status":"unknown","visits":1,"unnamed":false}},{"type":"Feature","geometry":{"type":"Point","coordinates":[-3.60048,37.17596]},"properties":{"id":"a831e33a-8fe1-59b4-ab8c-14bed10a2a7e","slug":null,"name":"Restaurante Oliver","city":null,"citySlug":null,"cc":null,"kind":"unknown","status":"unknown","visits":1,"unnamed":false}},{"type":"Feature","geometry":{"type":"Point","coordinates":[-8.59905,41.14457]},"properties":{"id":"cdb657f0-1bda-5d98-b00f-1004f60a77b6","slug":null,"name":"Restaurante Rogério do Redondo","city":null,"citySlug":null,"cc":null,"kind":"unknown","status":"unknown","visits":1,"unnamed":false}},{"type":"Feature","geometry":{"type":"Point","coordinates":[-82.43243,23.11589]},"properties":{"id":"fb126fa5-6a5f-54a1-90ce-79d8f14d67df","slug":null,"name":"Restaurante Tien Tan","city":null,"citySlug":null,"cc":null,"kind":"unknown","status":"unknown","visits":1,"unnamed":false}},{"type":"Feature","geometry":{"type":"Point","coordinates":[-96.52118,17.02912]},"properties":{"id":"9f27c8cf-f513-55e3-9875-97da474b79b4","slug":null,"name":"Restaurante Tlamanalli","city":null,"citySlug":null,"cc":null,"kind":"unknown","status":"unknown","visits":1,"unnamed":false}},{"type":"Feature","geometry":{"type":"Point","coordinates":[33.59948,44.50168]},"properties":{"id":"2e235c85-15d6-53eb-adf1-f09183e0752c","slug":null,"name":"Restoran \"Balaklava\"","city":null,"citySlug":null,"cc":null,"kind":"food","status":"unknown","visits":1,"unnamed":false}},{"type":"Feature","geometry":{"type":"Point","coordinates":[100.3325,5.4197]},"properties":{"id":"ddeb1193-8ec4-53aa-bdcd-e4848bf3429b","slug":null,"name":"Restoran Nasi Kandar Line Clear","city":null,"citySlug":null,"cc":null,"kind":"food","status":"unknown","visits":1,"unnamed":false}},{"type":"Feature","geometry":{"type":"Point","coordinates":[101.68379,3.1289]},"properties":{"id":"f32c9663-9630-5b17-9262-4865eb274b0b","slug":null,"name":"Restoran Seetharam Family Curry House","city":null,"citySlug":null,"cc":null,"kind":"unknown","status":"unknown","visits":1,"unnamed":false}},{"type":"Feature","geometry":{"type":"Point","coordinates":[-122.35412,47.65203]},"properties":{"id":"945f2cf2-4c5f-50d4-b77b-4f10bfe0a62b","slug":null,"name":"Revel","city":null,"citySlug":null,"cc":null,"kind":"unknown","status":"unknown","visits":1,"unnamed":false}},{"type":"Feature","geometry":{"type":"Point","coordinates":[4.83428,45.75947]},"properties":{"id":"037269a1-24d9-5928-a056-e4640983ffe2","slug":null,"name":"Reynon","city":null,"citySlug":null,"cc":null,"kind":"unknown","status":"unknown","visits":1,"unnamed":false}},{"type":"Feature","geometry":{"type":"Point","coordinates":[-4.98006,34.05985]},"properties":{"id":"811cb956-a316-5c1f-9803-15e58362917c","slug":null,"name":"Riad Dar Cordoba","city":null,"citySlug":null,"cc":null,"kind":"unknown","status":"unknown","visits":1,"unnamed":false}},{"type":"Feature","geometry":{"type":"Point","coordinates":[17.44471,40.8544]},"properties":{"id":"f45aaad1-99eb-5ad7-87df-54995a376604","slug":null,"name":"Ricciolandia","city":null,"citySlug":null,"cc":null,"kind":"unknown","status":"unknown","visits":1,"unnamed":false}},{"type":"Feature","geometry":{"type":"Point","coordinates":[-87.63384,41.84577]},"properties":{"id":"7db9d205-1f35-503b-af92-018c724cfd0d","slug":null,"name":"Ricobene's","city":null,"citySlug":null,"cc":null,"kind":"unknown","status":"unknown","visits":1,"unnamed":false}},{"type":"Feature","geometry":{"type":"Point","coordinates":[16.37276,48.21083]},"properties":{"id":"8bc4afcf-5a95-57ff-b96c-bbd86d94ba5e","slug":null,"name":"Riesen-Hot-Dog Bratwürstel","city":null,"citySlug":null,"cc":null,"kind":"food","status":"unknown","visits":1,"unnamed":false}},{"type":"Feature","geometry":{"type":"Point","coordinates":[79.85005,6.92161]},"properties":{"id":"d64eb7df-e3f4-5c18-bdba-dbdfc36ae07c","slug":null,"name":"Rifka Catering Company","city":null,"citySlug":null,"cc":null,"kind":"activity","status":"unknown","visits":1,"unnamed":false}},{"type":"Feature","geometry":{"type":"Point","coordinates":[-106.21702,36.1863]},"properties":{"id":"97089944-7771-532f-855c-c5caa6616c95","slug":null,"name":"Rio Chama","city":null,"citySlug":null,"cc":null,"kind":"activity","status":"unknown","visits":1,"unnamed":false}},{"type":"Feature","geometry":{"type":"Point","coordinates":[35.50242,33.88912]},"properties":{"id":"225c8355-150f-5fde-a964-351848f50db5","slug":null,"name":"Rizk Chicken","city":null,"citySlug":null,"cc":null,"kind":"unknown","status":"unknown","visits":1,"unnamed":false}},{"type":"Feature","geometry":{"type":"Point","coordinates":[2.35944,48.85908]},"properties":{"id":"9c3ecca7-2200-5a6b-8b69-ed4d21b88444","slug":null,"name":"Robert et Louise","city":null,"citySlug":null,"cc":null,"kind":"food","status":"unknown","visits":1,"unnamed":false}},{"type":"Feature","geometry":{"type":"Point","coordinates":[-73.93403,40.70492]},"properties":{"id":"9a5239c0-7c59-5bf0-8e32-a1314e2fad73","slug":null,"name":"Roberta's Pizza & Bakery","city":null,"citySlug":null,"cc":null,"kind":"food","status":"unknown","visits":1,"unnamed":false}},{"type":"Feature","geometry":{"type":"Point","coordinates":[-11.36722,6.75091]},"properties":{"id":"fddb77af-dbd3-5e40-be5d-6d70726c7dfe","slug":null,"name":"Robertsport","city":null,"citySlug":null,"cc":null,"kind":"activity","status":"unknown","visits":1,"unnamed":false}},{"type":"Feature","geometry":{"type":"Point","coordinates":[139.70284,35.69432]},"properties":{"id":"2e77601c-746b-57ff-a364-505f43678d8a","slug":null,"name":"Robot Restaurant","city":null,"citySlug":null,"cc":null,"kind":"unknown","status":"unknown","visits":1,"unnamed":false}},{"type":"Feature","geometry":{"type":"Point","coordinates":[-0.07429,51.52577]},"properties":{"id":"b16bc886-d37d-596b-a5b8-ebd03d31f639","slug":null,"name":"Rochelle Canteen","city":null,"citySlug":null,"cc":null,"kind":"unknown","status":"unknown","visits":1,"unnamed":false}},{"type":"Feature","geometry":{"type":"Point","coordinates":[-43.24803,-22.98796]},"properties":{"id":"6a3dd8b4-05be-5bc8-931c-b5d2193aea82","slug":null,"name":"Rocinha","city":null,"citySlug":null,"cc":null,"kind":"market","status":"unknown","visits":1,"unnamed":false}},{"type":"Feature","geometry":{"type":"Point","coordinates":[-90.11608,29.96108]},"properties":{"id":"a68806db-5803-511b-baf8-bfac91112d07","slug":null,"name":"Rock 'N' Bowl","city":null,"citySlug":null,"cc":null,"kind":"unknown","status":"unknown","visits":1,"unnamed":false}},{"type":"Feature","geometry":{"type":"Point","coordinates":[-81.69537,41.50854]},"properties":{"id":"67919aa3-d9a3-5e26-b9d4-624d6156d7f2","slug":null,"name":"Rock & Roll Hall of Fame","city":null,"citySlug":null,"cc":null,"kind":"sight","status":"unknown","visits":1,"unnamed":false}},{"type":"Feature","geometry":{"type":"Point","coordinates":[13.30537,52.51297]},"properties":{"id":"8ff728d1-b3f0-5895-aecc-e44a2049f2b6","slug":null,"name":"Rogacki","city":null,"citySlug":null,"cc":null,"kind":"market","status":"unknown","visits":1,"unnamed":false}},{"type":"Feature","geometry":{"type":"Point","coordinates":[-4.25376,55.86006]},"properties":{"id":"b5ed1517-0a7c-5128-b2b2-76b5a160e367","slug":null,"name":"Rogano","city":null,"citySlug":null,"cc":null,"kind":"unknown","status":"unknown","visits":1,"unnamed":false}},{"type":"Feature","geometry":{"type":"Point","coordinates":[135.76025,35.00756]},"properties":{"id":"5cb2d7e5-42b6-582a-8cea-6792d2442066","slug":null,"name":"Rokkokuda Temple","city":null,"citySlug":null,"cc":null,"kind":"activity","status":"unknown","visits":1,"unnamed":false}},{"type":"Feature","geometry":{"type":"Point","coordinates":[-6.12685,53.27791]},"properties":{"id":"dd1d0c8f-7b56-56c9-9b42-5f86f8feea7b","slug":null,"name":"Roma","city":null,"citySlug":null,"cc":null,"kind":"unknown","status":"unknown","visits":1,"unnamed":false}},{"type":"Feature","geometry":{"type":"Point","coordinates":[12.47684,41.88744]},"properties":{"id":"38a10c4d-63c8-5fb0-b04f-8bb17fab42d8","slug":null,"name":"Roma Sparita","city":null,"citySlug":null,"cc":null,"kind":"food","status":"unknown","visits":1,"unnamed":false}},{"type":"Feature","geometry":{"type":"Point","coordinates":[15.288,37.85387]},"properties":{"id":"32fc5211-94cf-56d9-acd4-eb83d621f006","slug":null,"name":"Römisches Amphitheater Taormina","city":null,"citySlug":null,"cc":null,"kind":"sight","status":"unknown","visits":1,"unnamed":false}},{"type":"Feature","geometry":{"type":"Point","coordinates":[-71.05395,42.34105]},"properties":{"id":"dae41934-350f-5d93-8d1d-18eb0f3104b0","slug":null,"name":"Rondo's Submarine Sandwiches","city":null,"citySlug":null,"cc":null,"kind":"food","status":"unknown","visits":1,"unnamed":false}},{"type":"Feature","geometry":{"type":"Point","coordinates":[-74.01849,41.89882]},"properties":{"id":"fa7ca0a1-b886-5eb7-89ba-2f7d9f1a1078","slug":null,"name":"Rondout Bay Cafe & Marina","city":null,"citySlug":null,"cc":null,"kind":"food","status":"unknown","visits":1,"unnamed":false}},{"type":"Feature","geometry":{"type":"Point","coordinates":[-79.40266,43.65504]},"properties":{"id":"369c6a24-938a-5df5-b1f7-1270956bc2ae","slug":null,"name":"Ronnie's Local 069","city":null,"citySlug":null,"cc":null,"kind":"unknown","status":"unknown","visits":1,"unnamed":false}},{"type":"Feature","geometry":{"type":"Point","coordinates":[-73.891,40.74674]},"properties":{"id":"cc5a6319-aa21-50f4-9630-6c21fefac30f","slug":null,"name":"Roosevelt Av - Jackson Heights","city":null,"citySlug":null,"cc":null,"kind":"unknown","status":"unknown","visits":1,"unnamed":false}},{"type":"Feature","geometry":{"type":"Point","coordinates":[12.47424,41.89426]},"properties":{"id":"f1e4ffa0-73ba-55da-a7c1-995e31914f71","slug":null,"name":"Roscioli Salumeria con Cucina","city":null,"citySlug":null,"cc":null,"kind":"market","status":"unknown","visits":1,"unnamed":false}},{"type":"Feature","geometry":{"type":"Point","coordinates":[-118.32216,34.09858]},"properties":{"id":"271d0cf7-9ce4-58ab-8cee-74322cfc12cd","slug":null,"name":"Roscoe's Chicken & Waffles - Hollywood","city":null,"citySlug":null,"cc":null,"kind":"food","status":"unknown","visits":1,"unnamed":false}},{"type":"Feature","geometry":{"type":"Point","coordinates":[-94.61619,39.06581]},"properties":{"id":"bb4afead-19cc-544d-a5e2-0b53e7e17e61","slug":null,"name":"Rosedale Bar-B-Q","city":null,"citySlug":null,"cc":null,"kind":"food","status":"unknown","visits":1,"unnamed":false}},{"type":"Feature","geometry":{"type":"Point","coordinates":[-73.58075,45.51931]},"properties":{"id":"d2c8878b-5c78-5f1a-b768-4ea688f045ba","slug":null,"name":"Rotisserie Romados","city":null,"citySlug":null,"cc":null,"kind":"unknown","status":"unknown","visits":1,"unnamed":false}},{"type":"Feature","geometry":{"type":"Point","coordinates":[13.63871,45.08117]},"properties":{"id":"8652f23d-b5f3-52ec-a254-78bd85747dbc","slug":null,"name":"Rovinj","city":null,"citySlug":null,"cc":null,"kind":"activity","status":"unknown","visits":1,"unnamed":false}},{"type":"Feature","geometry":{"type":"Point","coordinates":[-89.52472,34.35979]},"properties":{"id":"76b630ed-75f6-51d9-a5c1-49c0160b2903","slug":null,"name":"Rowan Oak","city":null,"citySlug":null,"cc":null,"kind":"unknown","status":"unknown","visits":1,"unnamed":false}},{"type":"Feature","geometry":{"type":"Point","coordinates":[142.34012,-37.64899]},"properties":{"id":"70363a75-00b2-5251-bda6-4d93b27d6864","slug":null,"name":"Royal Mail Hotel, Dunkeld","city":null,"citySlug":null,"cc":null,"kind":"food","status":"unknown","visits":1,"unnamed":false}},{"type":"Feature","geometry":{"type":"Point","coordinates":[-46.66976,-23.56242]},"properties":{"id":"38cd4f5d-478d-554c-8410-a120cf2f2e48","slug":null,"name":"Rua Oscar Freire","city":null,"citySlug":null,"cc":null,"kind":"unknown","status":"unknown","visits":1,"unnamed":false}},{"type":"Feature","geometry":{"type":"Point","coordinates":[-2.22656,51.43055]},"properties":{"id":"efdb01da-5acd-5c13-a08d-4e3b705005a1","slug":null,"name":"Rudloe Arms Hotel By Marco Pierre White","city":null,"citySlug":null,"cc":null,"kind":"unknown","status":"unknown","visits":1,"unnamed":false}},{"type":"Feature","geometry":{"type":"Point","coordinates":[-73.9918,40.76003]},"properties":{"id":"1649e7da-817a-561b-ba65-3164cae7b4f3","slug":null,"name":"Rudy's","city":null,"citySlug":null,"cc":null,"kind":"unknown","status":"unknown","visits":1,"unnamed":false}},{"type":"Feature","geometry":{"type":"Point","coordinates":[2.3469,48.86514]},"properties":{"id":"fec5d0e9-08ee-58c2-ae5c-0482552a9b07","slug":null,"name":"Rue Montorgueil","city":null,"citySlug":null,"cc":null,"kind":"unknown","status":"unknown","visits":1,"unnamed":false}},{"type":"Feature","geometry":{"type":"Point","coordinates":[2.34977,48.8421]},"properties":{"id":"42190b39-cd67-5763-8fd6-e5e19e1c4e2c","slug":null,"name":"Rue Mouffetard","city":null,"citySlug":null,"cc":null,"kind":"market","status":"unknown","visits":1,"unnamed":false}},{"type":"Feature","geometry":{"type":"Point","coordinates":[3.42863,6.42589]},"properties":{"id":"1289741a-5647-5478-ab19-eb86ab7f3351","slug":null,"name":"Rue80","city":null,"citySlug":null,"cc":null,"kind":"unknown","status":"unknown","visits":1,"unnamed":false}},{"type":"Feature","geometry":{"type":"Point","coordinates":[106.81457,-6.21445]},"properties":{"id":"8d5dbf52-77e3-558d-a478-a79446139f45","slug":null,"name":"Rumah Makan SURYA Masakan Padang","city":null,"citySlug":null,"cc":null,"kind":"unknown","status":"unknown","visits":1,"unnamed":false}},{"type":"Feature","geometry":{"type":"Point","coordinates":[29.05657,41.08762]},"properties":{"id":"e0aea1c2-3ee2-545c-9121-6e3d47378a68","slug":null,"name":"Rumeli Kale Cafe & Restaurant","city":null,"citySlug":null,"cc":null,"kind":"food","status":"unknown","visits":1,"unnamed":false}},{"type":"Feature","geometry":{"type":"Point","coordinates":[144.97132,-37.77484]},"properties":{"id":"6ba0a549-beaa-5ff2-8ecb-5327718f9270","slug":null,"name":"Rumi Brunswick","city":null,"citySlug":null,"cc":null,"kind":"food","status":"unknown","visits":1,"unnamed":false}},{"type":"Feature","geometry":{"type":"Point","coordinates":[-94.56071,37.08568]},"properties":{"id":"410fc8a1-1585-56da-8950-bd78544f4d53","slug":null,"name":"Rumors Cocktail Lounge","city":null,"citySlug":null,"cc":null,"kind":"food","status":"unknown","visits":1,"unnamed":false}},{"type":"Feature","geometry":{"type":"Point","coordinates":[2.36108,48.76204]},"properties":{"id":"64e80327-a18a-5a0f-8677-b0ee08265bc7","slug":null,"name":"Rungis International Market","city":null,"citySlug":null,"cc":null,"kind":"market","status":"unknown","visits":1,"unnamed":false}},{"type":"Feature","geometry":{"type":"Point","coordinates":[-73.98959,40.71964]},"properties":{"id":"5f237c15-42bd-5f4a-b627-081c19b10694","slug":null,"name":"Russ & Daughters Cafe","city":null,"citySlug":null,"cc":null,"kind":"food","status":"unknown","visits":1,"unnamed":false}},{"type":"Feature","geometry":{"type":"Point","coordinates":[37.55695,55.75435]},"properties":{"id":"fcb58eea-66fd-5833-a027-693de9efa71a","slug":null,"name":"Russkiy, Restoran","city":null,"citySlug":null,"cc":null,"kind":"unknown","status":"unknown","visits":1,"unnamed":false}},{"type":"Feature","geometry":{"type":"Point","coordinates":[-97.30426,31.58255]},"properties":{"id":"eea00961-3a29-53cc-82bb-914db6e760b6","slug":null,"name":"Rusty Star BBQ","city":null,"citySlug":null,"cc":null,"kind":"food","status":"closed","visits":1,"unnamed":false}},{"type":"Feature","geometry":{"type":"Point","coordinates":[139.07064,35.151]},"properties":{"id":"c97472bf-21ab-541c-8221-a55d7ac6d677","slug":null,"name":"Ryokan Sekiyou","city":null,"citySlug":null,"cc":null,"kind":"unknown","status":"unknown","visits":1,"unnamed":false}},{"type":"Feature","geometry":{"type":"Point","coordinates":[-80.18879,25.80269]},"properties":{"id":"b6e19bc8-098d-5237-83f9-6756864783a7","slug":null,"name":"S&S Diner","city":null,"citySlug":null,"cc":null,"kind":"unknown","status":"closed","visits":1,"unnamed":false}},{"type":"Feature","geometry":{"type":"Point","coordinates":[103.85897,1.30305]},"properties":{"id":"bb16271e-ecfc-5650-aae9-ad702813642b","slug":null,"name":"Sabar Menanti II","city":null,"citySlug":null,"cc":null,"kind":"unknown","status":"unknown","visits":1,"unnamed":false}},{"type":"Feature","geometry":{"type":"Point","coordinates":[47.25948,-21.44598]},"properties":{"id":"a6765bdb-cfbc-5128-b6f8-f6857e1b8b33","slug":null,"name":"Sahambavy train station","city":null,"citySlug":null,"cc":null,"kind":"unknown","status":"unknown","visits":1,"unnamed":false}},{"type":"Feature","geometry":{"type":"Point","coordinates":[-4.00852,31.09762]},"properties":{"id":"3fa433f1-0ccb-5f8d-b639-67198a4d223c","slug":null,"name":"Sahara Desert Morocco","city":null,"citySlug":null,"cc":null,"kind":"unknown","status":"unknown","visits":1,"unnamed":false}},{"type":"Feature","geometry":{"type":"Point","coordinates":[-92.53278,47.52392]},"properties":{"id":"e4543889-6c1a-51ef-bc4a-a493096a4940","slug":null,"name":"Saigon Cafe","city":null,"citySlug":null,"cc":null,"kind":"unknown","status":"unknown","visits":1,"unnamed":false}},{"type":"Feature","geometry":{"type":"Point","coordinates":[-0.09972,51.52066]},"properties":{"id":"ac31c176-7ba7-500d-bb3d-acde0094e3ab","slug":null,"name":"Saint John Restaurant","city":null,"citySlug":null,"cc":null,"kind":"unknown","status":"unknown","visits":2,"unnamed":false}},{"type":"Feature","geometry":{"type":"Point","coordinates":[-73.51521,45.55185]},"properties":{"id":"2de867ea-48c6-5036-83c4-22156197efba","slug":null,"name":"Saint Lawrence River","city":"Longueuil","citySlug":"longueuil-ca","cc":null,"kind":"unknown","status":"unknown","visits":1,"unnamed":false}},{"type":"Feature","geometry":{"type":"Point","coordinates":[-56.3159,46.8852]},"properties":{"id":"e49702ae-90c1-5e48-96b8-d3cb173434b8","slug":null,"name":"Saint Pierre and Miquelon","city":null,"citySlug":null,"cc":null,"kind":"unknown","status":"unknown","visits":1,"unnamed":false}},{"type":"Feature","geometry":{"type":"Point","coordinates":[5.01024,45.64457]},"properties":{"id":"981fd24e-10d7-5032-bb36-db9a9c00bde1","slug":null,"name":"Saint-Pierre-de-Chandieu","city":null,"citySlug":null,"cc":null,"kind":"unknown","status":"unknown","visits":1,"unnamed":false}},{"type":"Feature","geometry":{"type":"Point","coordinates":[98.97857,18.79164]},"properties":{"id":"6c32386b-dd7f-52c5-9e71-20bf55177e79","slug":null,"name":"Sak Yant Tattoo","city":null,"citySlug":null,"cc":null,"kind":"unknown","status":"unknown","visits":1,"unnamed":false}},{"type":"Feature","geometry":{"type":"Point","coordinates":[-73.97316,40.75125]},"properties":{"id":"d539efe6-8283-5925-bc8b-0c31e5368c78","slug":null,"name":"Sakagura","city":null,"citySlug":null,"cc":null,"kind":"food","status":"unknown","visits":1,"unnamed":false}},{"type":"Feature","geometry":{"type":"Point","coordinates":[135.50512,34.55869]},"properties":{"id":"14a71cbd-8c2c-5cb4-a021-79e8ae1ae1d1","slug":null,"name":"Sakai City Industrial Promotion Center","city":null,"citySlug":null,"cc":null,"kind":"activity","status":"unknown","visits":1,"unnamed":false}},{"type":"Feature","geometry":{"type":"Point","coordinates":[-73.99011,40.76052]},"properties":{"id":"e8dd8723-2184-5bf6-928e-e67524d54e26","slug":null,"name":"Sake Bar Hagi46","city":null,"citySlug":null,"cc":null,"kind":"food","status":"unknown","visits":1,"unnamed":false}},{"type":"Feature","geometry":{"type":"Point","coordinates":[12.49787,37.98299]},"properties":{"id":"cca6518e-ec8b-549f-88df-c6fbec697772","slug":null,"name":"Salt Museum","city":null,"citySlug":null,"cc":null,"kind":"sight","status":"unknown","visits":1,"unnamed":false}},{"type":"Feature","geometry":{"type":"Point","coordinates":[-122.37642,47.58655]},"properties":{"id":"4123574f-35d7-545a-9f0f-519a9993e920","slug":null,"name":"Salty's on Alki Beach","city":null,"citySlug":null,"cc":null,"kind":"unknown","status":"unknown","visits":1,"unnamed":false}},{"type":"Feature","geometry":{"type":"Point","coordinates":[-73.98086,40.77937]},"properties":{"id":"d409912c-f7d1-51c1-b7cf-cfe8c6fb797c","slug":null,"name":"Salumeria Rosi","city":null,"citySlug":null,"cc":null,"kind":"food","status":"unknown","visits":1,"unnamed":false}},{"type":"Feature","geometry":{"type":"Point","coordinates":[12.47864,41.87908]},"properties":{"id":"000db93b-e0f5-5dfd-a018-2c0596780bec","slug":null,"name":"Salumeria Volpetti","city":null,"citySlug":null,"cc":null,"kind":"unknown","status":"unknown","visits":1,"unnamed":false}},{"type":"Feature","geometry":{"type":"Point","coordinates":[-122.33268,47.59899]},"properties":{"id":"b6ba1d8f-2ecd-5648-8df8-c431252a18f6","slug":null,"name":"Salumi","city":null,"citySlug":null,"cc":null,"kind":"market","status":"unknown","visits":2,"unnamed":false}},{"type":"Feature","geometry":{"type":"Point","coordinates":[-115.47264,33.2542]},"properties":{"id":"cd08151d-0495-54b9-99a0-172117c1a673","slug":null,"name":"Salvation Mountain","city":null,"citySlug":null,"cc":null,"kind":"sight","status":"unknown","visits":1,"unnamed":false}},{"type":"Feature","geometry":{"type":"Point","coordinates":[-67.16865,18.47604]},"properties":{"id":"8ad51ab7-7602-5c74-8c18-09007ba6abba","slug":null,"name":"Salvemos a Playuela","city":null,"citySlug":null,"cc":null,"kind":"unknown","status":"unknown","visits":1,"unnamed":false}},{"type":"Feature","geometry":{"type":"Point","coordinates":[66.97497,39.62701]},"properties":{"id":"15b43088-d594-5be2-b50a-e1b2d59761b7","slug":null,"name":"Samarkand","city":null,"citySlug":null,"cc":null,"kind":"sight","status":"unknown","visits":1,"unnamed":false}},{"type":"Feature","geometry":{"type":"Point","coordinates":[100.00226,13.40982]},"properties":{"id":"39b32a3b-a2d8-58cd-a3ad-c02d0c661d2d","slug":null,"name":"Samut Songkhram","city":null,"citySlug":null,"cc":null,"kind":"sight","status":"unknown","visits":1,"unnamed":false}},{"type":"Feature","geometry":{"type":"Point","coordinates":[103.81176,1.30612]},"properties":{"id":"7a5d3def-7a96-5f14-8418-324e08ae5b37","slug":null,"name":"Samy's Curry Restaurant","city":null,"citySlug":null,"cc":null,"kind":"unknown","status":"unknown","visits":1,"unnamed":false}},{"type":"Feature","geometry":{"type":"Point","coordinates":[-71.31028,-41.13347]},"properties":{"id":"25255d18-2d00-5d6a-84a7-3eed98d1f5dc","slug":null,"name":"San Carlos de Bariloche","city":null,"citySlug":null,"cc":null,"kind":"sight","status":"unknown","visits":1,"unnamed":false}},{"type":"Feature","geometry":{"type":"Point","coordinates":[11.71242,44.35575]},"properties":{"id":"0534ac34-f035-575b-b49d-4968e9ed4511","slug":null,"name":"San Domenico","city":null,"citySlug":null,"cc":null,"kind":"food","status":"unknown","visits":1,"unnamed":false}},{"type":"Feature","geometry":{"type":"Point","coordinates":[-3.70853,40.99285]},"properties":{"id":"548ce505-dbed-5f38-8131-75583dc33aa6","slug":null,"name":"San Mamés","city":null,"citySlug":null,"cc":null,"kind":"food","status":"unknown","visits":1,"unnamed":false}},{"type":"Feature","geometry":{"type":"Point","coordinates":[-78.49499,-0.25141]},"properties":{"id":"7bd21db1-d9b9-5686-9c11-efcbf3dedd7d","slug":null,"name":"Sana Sana Las Palmeras","city":null,"citySlug":null,"cc":null,"kind":"market","status":"unknown","visits":1,"unnamed":false}},{"type":"Feature","geometry":{"type":"Point","coordinates":[-71.55765,-33.01741]},"properties":{"id":"6b034d58-8016-57e7-b8ec-9fcc0697b96e","slug":null,"name":"Sandwichería SIBARÍTICO","city":null,"citySlug":null,"cc":null,"kind":"food","status":"unknown","visits":1,"unnamed":false}},{"type":"Feature","geometry":{"type":"Point","coordinates":[72.95502,26.22521]},"properties":{"id":"783d9b97-0604-57fc-a137-1dd4c79c5700","slug":null,"name":"Sant Shree Asharam ji Bapu Ashram, Pal goan, Jodhpur","city":null,"citySlug":null,"cc":null,"kind":"activity","status":"unknown","visits":1,"unnamed":false}},{"type":"Feature","geometry":{"type":"Point","coordinates":[12.4036,45.45396]},"properties":{"id":"d731eef7-5450-53b8-a7ae-2da3e588a353","slug":null,"name":"Sant'Erasmo","city":null,"citySlug":null,"cc":null,"kind":"activity","status":"unknown","visits":1,"unnamed":false}},{"type":"Feature","geometry":{"type":"Point","coordinates":[-105.93851,35.68743]},"properties":{"id":"9e8bcc18-2276-526d-a1c2-480ecf700677","slug":null,"name":"Santa Fe Plaza Inc","city":null,"citySlug":null,"cc":null,"kind":"unknown","status":"unknown","visits":1,"unnamed":false}},{"type":"Feature","geometry":{"type":"Point","coordinates":[-1.98575,43.32366]},"properties":{"id":"9ec11b05-ba34-5cc1-b2df-977c953cf8a7","slug":null,"name":"Santa Lucía","city":null,"citySlug":null,"cc":null,"kind":"unknown","status":"unknown","visits":1,"unnamed":false}},{"type":"Feature","geometry":{"type":"Point","coordinates":[-118.49816,34.01661]},"properties":{"id":"71e2df86-5029-541a-b681-4c2023d6e1e8","slug":null,"name":"Santa Monica Farmers Market","city":null,"citySlug":null,"cc":null,"kind":"unknown","status":"unknown","visits":1,"unnamed":false}},{"type":"Feature","geometry":{"type":"Point","coordinates":[-82.48883,23.08915]},"properties":{"id":"61485a1b-2b2f-5604-aa79-7aee8ab49e1d","slug":null,"name":"Santy Pescador","city":null,"citySlug":null,"cc":null,"kind":"unknown","status":"unknown","visits":1,"unnamed":false}},{"type":"Feature","geometry":{"type":"Point","coordinates":[-42.83142,-5.05778]},"properties":{"id":"65881a00-05fe-51e6-a023-461a052ffd82","slug":null,"name":"São Joaquim Market","city":null,"citySlug":null,"cc":null,"kind":"unknown","status":"unknown","visits":1,"unnamed":false}},{"type":"Feature","geometry":{"type":"Point","coordinates":[-28.03032,38.64097]},"properties":{"id":"41cb0730-4e14-5795-a5ae-e13df88f2c98","slug":null,"name":"São Jorge","city":null,"citySlug":null,"cc":null,"kind":"activity","status":"unknown","visits":1,"unnamed":false}},{"type":"Feature","geometry":{"type":"Point","coordinates":[-118.30317,34.10208]},"properties":{"id":"cc38d004-366f-5e04-a39b-68c53dc1ae21","slug":null,"name":"Sapp Coffee Shop 泰国船面","city":null,"citySlug":null,"cc":null,"kind":"food","status":"unknown","visits":1,"unnamed":false}},{"type":"Feature","geometry":{"type":"Point","coordinates":[94.86524,21.1726]},"properties":{"id":"acb1f01f-f268-5ed5-a270-1fc4ce497d0e","slug":null,"name":"Sarabha Restaurant","city":null,"citySlug":null,"cc":null,"kind":"unknown","status":"unknown","visits":1,"unnamed":false}},{"type":"Feature","geometry":{"type":"Point","coordinates":[139.73288,35.6568]},"properties":{"id":"5a2738ea-0cfa-59d5-beb7-ff529f640b5a","slug":null,"name":"Sarashina Horii Azabujūban Honten","city":null,"citySlug":null,"cc":null,"kind":"food","status":"unknown","visits":1,"unnamed":false}},{"type":"Feature","geometry":{"type":"Point","coordinates":[-95.70161,29.66149]},"properties":{"id":"fd04ccb2-da03-5793-8752-b9bc72eccaf1","slug":null,"name":"Sardar Patel Stadium","city":null,"citySlug":null,"cc":null,"kind":"unknown","status":"unknown","visits":1,"unnamed":false}},{"type":"Feature","geometry":{"type":"Point","coordinates":[-74.06691,40.88211]},"properties":{"id":"60b1b61a-b089-5bf0-95bd-cae6ff271655","slug":null,"name":"Satin Dolls","city":null,"citySlug":null,"cc":null,"kind":"activity","status":"unknown","visits":1,"unnamed":false}},{"type":"Feature","geometry":{"type":"Point","coordinates":[-90.04297,29.96381]},"properties":{"id":"84e2d31d-ccea-5e42-8adc-3821ca61b746","slug":null,"name":"Satsuma Cafe","city":null,"citySlug":null,"cc":null,"kind":"unknown","status":"unknown","visits":1,"unnamed":false}},{"type":"Feature","geometry":{"type":"Point","coordinates":[24.95176,60.18662]},"properties":{"id":"9b801944-f3e7-5517-8939-8aa05ef11ed3","slug":null,"name":"Sauna Arla","city":null,"citySlug":null,"cc":null,"kind":"activity","status":"unknown","visits":1,"unnamed":false}},{"type":"Feature","geometry":{"type":"Point","coordinates":[-81.71669,41.43968]},"properties":{"id":"71ef0247-1782-519c-baa6-9685ab830fb7","slug":null,"name":"Sausage Shoppe","city":null,"citySlug":null,"cc":null,"kind":"market","status":"closed","visits":1,"unnamed":false}},{"type":"Feature","geometry":{"type":"Point","coordinates":[-123.10597,49.28192]},"properties":{"id":"58dbb69d-39a7-5970-88f9-99ab0a10fe28","slug":null,"name":"Save On Meats","city":null,"citySlug":null,"cc":null,"kind":"food","status":"unknown","visits":1,"unnamed":false}},{"type":"Feature","geometry":{"type":"Point","coordinates":[-5.81245,35.78255]},"properties":{"id":"7277f153-2508-5719-8757-f906ae0b6253","slug":null,"name":"Saveur de Poisson","city":null,"citySlug":null,"cc":null,"kind":"unknown","status":"unknown","visits":1,"unnamed":false}},{"type":"Feature","geometry":{"type":"Point","coordinates":[-94.5866,39.1035]},"properties":{"id":"7e1ba735-e253-513e-9533-ef86d480d06a","slug":null,"name":"Savoy Grill","city":null,"citySlug":null,"cc":null,"kind":"food","status":"closed","visits":1,"unnamed":false}},{"type":"Feature","geometry":{"type":"Point","coordinates":[41.62169,41.64387]},"properties":{"id":"61217214-2758-5fe0-9d75-0ff18e0d9bf2","slug":null,"name":"Sazandari","city":null,"citySlug":null,"cc":null,"kind":"unknown","status":"unknown","visits":1,"unnamed":false}},{"type":"Feature","geometry":{"type":"Point","coordinates":[-73.98578,40.74444]},"properties":{"id":"512d5160-2fea-56d2-9229-970d88852251","slug":null,"name":"Scarpetta","city":null,"citySlug":null,"cc":null,"kind":"food","status":"unknown","visits":1,"unnamed":false}},{"type":"Feature","geometry":{"type":"Point","coordinates":[-73.95165,40.77756]},"properties":{"id":"2b476a8b-ca49-50d8-9df4-471422449a5b","slug":null,"name":"Schaller & Weber","city":null,"citySlug":null,"cc":null,"kind":"food","status":"unknown","visits":1,"unnamed":false}},{"type":"Feature","geometry":{"type":"Point","coordinates":[16.31276,48.18581]},"properties":{"id":"749166b5-38cb-5333-9cb5-f9321ef818fc","slug":null,"name":"Schönbrunn Palace","city":null,"citySlug":null,"cc":null,"kind":"food","status":"unknown","visits":1,"unnamed":false}},{"type":"Feature","geometry":{"type":"Point","coordinates":[-83.43174,42.42071]},"properties":{"id":"3b5a16ac-e70b-508b-af8f-535ff90990a8","slug":null,"name":"Schoolcraft College","city":null,"citySlug":null,"cc":null,"kind":"activity","status":"unknown","visits":1,"unnamed":false}},{"type":"Feature","geometry":{"type":"Point","coordinates":[-78.75344,42.8393]},"properties":{"id":"5f2b66a2-b83f-5360-bdd8-14e73dc04ce8","slug":null,"name":"Schwabl's","city":null,"citySlug":null,"cc":null,"kind":"food","status":"unknown","visits":1,"unnamed":false}},{"type":"Feature","geometry":{"type":"Point","coordinates":[-73.57764,45.51635]},"properties":{"id":"573d4297-04e7-5dec-b15b-6b8e0a5bb6c5","slug":null,"name":"Schwartz's Deli - Sandwiches - Steaks","city":null,"citySlug":null,"cc":null,"kind":"unknown","status":"unknown","visits":1,"unnamed":false}},{"type":"Feature","geometry":{"type":"Point","coordinates":[-79.47504,33.74333]},"properties":{"id":"53a52186-0269-5ba1-8ae2-3e7e67feebf6","slug":null,"name":"Scott’s Bar-B-Que","city":null,"citySlug":null,"cc":null,"kind":"unknown","status":"unknown","visits":1,"unnamed":false}},{"type":"Feature","geometry":{"type":"Point","coordinates":[-73.79091,40.8542]},"properties":{"id":"8f6917db-8402-546d-b88e-b3652560df97","slug":null,"name":"Sea Shore Restaurant","city":null,"citySlug":null,"cc":null,"kind":"unknown","status":"unknown","visits":1,"unnamed":false}},{"type":"Feature","geometry":{"type":"Point","coordinates":[100.56719,13.72448]},"properties":{"id":"cad517a2-b16c-55bd-85a0-09c17df03648","slug":null,"name":"Seafood Market and Restaurant","city":null,"citySlug":null,"cc":null,"kind":"unknown","status":"unknown","visits":1,"unnamed":false}},{"type":"Feature","geometry":{"type":"Point","coordinates":[-122.34353,47.61057]},"properties":{"id":"cdf1fc4d-82e5-5172-861e-57905a0b07bf","slug":null,"name":"Seatown Market Diner","city":null,"citySlug":null,"cc":null,"kind":"unknown","status":"unknown","visits":1,"unnamed":false}},{"type":"Feature","geometry":{"type":"Point","coordinates":[-122.3377,47.60261]},"properties":{"id":"411b510b-2960-5d19-acee-d1ea0827282f","slug":null,"name":"Seattle Ferry Terminal","city":null,"citySlug":null,"cc":null,"kind":"unknown","status":"unknown","visits":1,"unnamed":false}},{"type":"Feature","geometry":{"type":"Point","coordinates":[96.13864,16.80846]},"properties":{"id":"c19e3125-9ed1-5b7e-a476-59b491833226","slug":null,"name":"Seit Tine Kya","city":null,"citySlug":null,"cc":null,"kind":"unknown","status":"unknown","visits":1,"unnamed":false}},{"type":"Feature","geometry":{"type":"Point","coordinates":[2.38073,48.85358]},"properties":{"id":"1b39be00-645d-52c2-bc18-2c2edc3926e3","slug":null,"name":"Septime","city":null,"citySlug":null,"cc":null,"kind":"unknown","status":"unknown","visits":1,"unnamed":false}},{"type":"Feature","geometry":{"type":"Point","coordinates":[-73.98993,40.74202]},"properties":{"id":"341f153c-7c8e-5260-a2f9-e51c9f661583","slug":null,"name":"SERRA by Birreria","city":null,"citySlug":null,"cc":null,"kind":"unknown","status":"unknown","visits":1,"unnamed":false}},{"type":"Feature","geometry":{"type":"Point","coordinates":[-76.52667,3.43129]},"properties":{"id":"cafb3220-eded-5f9a-b736-5479c8032d1d","slug":null,"name":"Sevicheria Guapi","city":null,"citySlug":null,"cc":null,"kind":"unknown","status":"unknown","visits":1,"unnamed":false}},{"type":"Feature","geometry":{"type":"Point","coordinates":[2.30256,48.86263]},"properties":{"id":"a9250565-7c8e-5ef3-8a3d-ae0b65ed912a","slug":null,"name":"Sewers Museum","city":null,"citySlug":null,"cc":null,"kind":"activity","status":"unknown","visits":1,"unnamed":false}},{"type":"Feature","geometry":{"type":"Point","coordinates":[-72.55547,42.60912]},"properties":{"id":"92377b89-7584-5799-93f3-fa96bb184d2f","slug":null,"name":"Shady Glen","city":null,"citySlug":null,"cc":null,"kind":"unknown","status":"unknown","visits":1,"unnamed":false}},{"type":"Feature","geometry":{"type":"Point","coordinates":[-73.98922,40.75843]},"properties":{"id":"fbe3273b-cd98-5f0e-ab8c-a1afabc075f5","slug":null,"name":"Shake Shack","city":null,"citySlug":null,"cc":null,"kind":"unknown","status":"unknown","visits":1,"unnamed":false}},{"type":"Feature","geometry":{"type":"Point","coordinates":[2.34712,48.85255]},"properties":{"id":"d4ce6fb1-cd53-5a93-917d-d03f7f4a91b2","slug":null,"name":"Shakespeare & Company","city":null,"citySlug":null,"cc":null,"kind":"unknown","status":"unknown","visits":1,"unnamed":false}},{"type":"Feature","geometry":{"type":"Point","coordinates":[-122.67328,45.52425]},"properties":{"id":"ae9d2d59-cd16-5179-94dc-b2732e6cd12c","slug":null,"name":"Shanghai Tunnels/Portland Underground Tour","city":null,"citySlug":null,"cc":null,"kind":"sight","status":"unknown","visits":1,"unnamed":false}},{"type":"Feature","geometry":{"type":"Point","coordinates":[151.20156,-33.86982]},"properties":{"id":"462817e6-597c-5b04-8f6d-c4501ceadff5","slug":null,"name":"Shark Dive Xtreme","city":null,"citySlug":null,"cc":null,"kind":"activity","status":"unknown","visits":1,"unnamed":false}},{"type":"Feature","geometry":{"type":"Point","coordinates":[58.72224,22.39997]},"properties":{"id":"87263c16-95ef-5dd5-a141-dfb32dd0485f","slug":null,"name":"Sharqiya Sands","city":null,"citySlug":null,"cc":null,"kind":"unknown","status":"unknown","visits":1,"unnamed":false}},{"type":"Feature","geometry":{"type":"Point","coordinates":[126.64277,45.72399]},"properties":{"id":"44c1c529-d99d-57f9-9095-03d75a5ceee9","slug":null,"name":"Shazhutian","city":null,"citySlug":null,"cc":null,"kind":"food","status":"unknown","visits":1,"unnamed":false}},{"type":"Feature","geometry":{"type":"Point","coordinates":[-72.73886,42.6035]},"properties":{"id":"bd34b7c9-3960-5069-9489-13dee1ecef1f","slug":null,"name":"Shelburne Falls Bowling Alley","city":null,"citySlug":null,"cc":null,"kind":"unknown","status":"unknown","visits":1,"unnamed":false}},{"type":"Feature","geometry":{"type":"Point","coordinates":[114.17281,22.2964]},"properties":{"id":"392566fd-1d2a-5147-9e06-6de1d2dc3743","slug":null,"name":"Sher-E-Punjab","city":null,"citySlug":null,"cc":null,"kind":"unknown","status":"unknown","visits":1,"unnamed":false}},{"type":"Feature","geometry":{"type":"Point","coordinates":[-6.25915,53.34112]},"properties":{"id":"c97f8de2-be26-59a9-89c7-e346cbef2e27","slug":null,"name":"Sheridans Cheesemongers","city":null,"citySlug":null,"cc":null,"kind":"unknown","status":"unknown","visits":1,"unnamed":false}},{"type":"Feature","geometry":{"type":"Point","coordinates":[-116.26632,33.70656]},"properties":{"id":"e2141bf6-d257-5d8a-ac55-f5f22bb9e497","slug":null,"name":"Shields Date Garden","city":null,"citySlug":null,"cc":null,"kind":"activity","status":"unknown","visits":1,"unnamed":false}},{"type":"Feature","geometry":{"type":"Point","coordinates":[77.1734,31.10481]},"properties":{"id":"5a386465-8634-5f27-a726-f5af54141d15","slug":null,"name":"Shimla","city":null,"citySlug":null,"cc":null,"kind":"unknown","status":"unknown","visits":1,"unnamed":false}},{"type":"Feature","geometry":{"type":"Point","coordinates":[-87.62247,41.88914]},"properties":{"id":"429a7d07-56db-5ef2-80d5-b20340eb3957","slug":null,"name":"Shoreline Sightseeing Michigan Ave Dock","city":null,"citySlug":null,"cc":null,"kind":"unknown","status":"unknown","visits":1,"unnamed":false}},{"type":"Feature","geometry":{"type":"Point","coordinates":[-122.3459,47.61462]},"properties":{"id":"20fa1ace-44ca-521d-bef5-881fe6329e64","slug":null,"name":"Shorty's","city":null,"citySlug":null,"cc":null,"kind":"unknown","status":"unknown","visits":1,"unnamed":false}},{"type":"Feature","geometry":{"type":"Point","coordinates":[-73.99112,40.71694]},"properties":{"id":"a6fdbc5f-7076-5b01-9ad1-8e1316b5ad03","slug":null,"name":"Siberia New York","city":null,"citySlug":null,"cc":null,"kind":"food","status":"unknown","visits":1,"unnamed":false}},{"type":"Feature","geometry":{"type":"Point","coordinates":[-157.81418,21.27877]},"properties":{"id":"ff9b0d60-b912-50cd-bdd5-c332f9eecfdb","slug":null,"name":"Side Street Inn On Da Strip","city":null,"citySlug":null,"cc":null,"kind":"food","status":"unknown","visits":1,"unnamed":false}},{"type":"Feature","geometry":{"type":"Point","coordinates":[-5.64706,43.53959]},"properties":{"id":"8f2eb95a-3281-5759-ba40-d2fa2143eb1f","slug":null,"name":"Sidrería Asturias","city":null,"citySlug":null,"cc":null,"kind":"unknown","status":"unknown","visits":1,"unnamed":false}},{"type":"Feature","geometry":{"type":"Point","coordinates":[23.89765,47.92771]},"properties":{"id":"87ae276b-7210-5376-aa5c-0690d4f7d86a","slug":null,"name":"Sighetu Marmației","city":null,"citySlug":null,"cc":null,"kind":"food","status":"unknown","visits":1,"unnamed":false}},{"type":"Feature","geometry":{"type":"Point","coordinates":[-112.5357,46.01143]},"properties":{"id":"28a8e5b1-9e67-520a-b805-aba23dde314c","slug":null,"name":"Silver Dollar Saloon","city":null,"citySlug":null,"cc":null,"kind":"unknown","status":"unknown","visits":1,"unnamed":false}},{"type":"Feature","geometry":{"type":"Point","coordinates":[-87.65479,41.89557]},"properties":{"id":"c215c497-66d7-57fe-9a76-e7c67b04a309","slug":null,"name":"Silver Palm","city":null,"citySlug":null,"cc":null,"kind":"food","status":"closed","visits":1,"unnamed":false}},{"type":"Feature","geometry":{"type":"Point","coordinates":[141.22218,-31.88481]},"properties":{"id":"310cf0bd-cfbe-56a7-8257-40c8f4b96dde","slug":null,"name":"Silverton Hotel","city":null,"citySlug":null,"cc":null,"kind":"unknown","status":"unknown","visits":1,"unnamed":false}},{"type":"Feature","geometry":{"type":"Point","coordinates":[-87.66854,41.9766]},"properties":{"id":"5de13aab-144d-5396-a229-0647b9c7e26a","slug":null,"name":"Simon's Tavern","city":null,"citySlug":null,"cc":null,"kind":"unknown","status":"unknown","visits":1,"unnamed":false}},{"type":"Feature","geometry":{"type":"Point","coordinates":[12.45281,41.96571]},"properties":{"id":"a2edc0c3-038e-5e9a-98d5-c0371238fba9","slug":null,"name":"Simply Market","city":null,"citySlug":null,"cc":null,"kind":"unknown","status":"unknown","visits":1,"unnamed":false}},{"type":"Feature","geometry":{"type":"Point","coordinates":[114.17342,22.29785]},"properties":{"id":"94b46e50-ce5a-56be-94c8-72255033424a","slug":null,"name":"Simpson Sin Tailors","city":null,"citySlug":null,"cc":null,"kind":"unknown","status":"unknown","visits":1,"unnamed":false}},{"type":"Feature","geometry":{"type":"Point","coordinates":[-122.39225,37.7947]},"properties":{"id":"95de02c1-380c-5cc7-b23e-f3002406ab1b","slug":null,"name":"Sinbad’s Pier 2 Restaurant","city":null,"citySlug":null,"cc":null,"kind":"unknown","status":"closed","visits":1,"unnamed":false}},{"type":"Feature","geometry":{"type":"Point","coordinates":[114.15256,22.2841]},"properties":{"id":"60cf889d-143b-5b81-a8df-ad5fba3dfca9","slug":null,"name":"Sing Heung Yuen","city":null,"citySlug":null,"cc":null,"kind":"unknown","status":"unknown","visits":1,"unnamed":false}},{"type":"Feature","geometry":{"type":"Point","coordinates":[103.81591,1.31384]},"properties":{"id":"d947ef08-724d-5cee-89ba-9f9239624f72","slug":null,"name":"Singapore Botanic Gardens","city":null,"citySlug":null,"cc":null,"kind":"unknown","status":"unknown","visits":1,"unnamed":false}},{"type":"Feature","geometry":{"type":"Point","coordinates":[103.86314,1.2893]},"properties":{"id":"08901205-3971-5147-b369-c9a03d1ce4a6","slug":null,"name":"Singapore Flyer","city":null,"citySlug":null,"cc":null,"kind":"unknown","status":"unknown","visits":1,"unnamed":false}},{"type":"Feature","geometry":{"type":"Point","coordinates":[103.84463,1.2891]},"properties":{"id":"dd32f345-86ab-50ce-9be3-481b6342975b","slug":null,"name":"Singapore River Cruise","city":null,"citySlug":null,"cc":null,"kind":"unknown","status":"unknown","visits":1,"unnamed":false}},{"type":"Feature","geometry":{"type":"Point","coordinates":[80.08014,6.17758]},"properties":{"id":"4e020136-a437-5a34-9274-63fa44770922","slug":null,"name":"Sinigama","city":null,"citySlug":null,"cc":null,"kind":"activity","status":"unknown","visits":1,"unnamed":false}},{"type":"Feature","geometry":{"type":"Point","coordinates":[-122.32811,47.61477]},"properties":{"id":"a27b745e-ac29-54fa-9e7e-793f235a0e08","slug":null,"name":"Sitka and Spruce","city":null,"citySlug":null,"cc":null,"kind":"unknown","status":"unknown","visits":1,"unnamed":false}},{"type":"Feature","geometry":{"type":"Point","coordinates":[-118.29143,34.06685]},"properties":{"id":"ef2d1c0f-4b1c-5721-b6e8-4de1bba24463","slug":null,"name":"Sizzler","city":null,"citySlug":null,"cc":null,"kind":"unknown","status":"unknown","visits":1,"unnamed":false}},{"type":"Feature","geometry":{"type":"Point","coordinates":[-115.7335,33.35357]},"properties":{"id":"10423d51-8db1-5980-81d2-d358f129181a","slug":null,"name":"Ski Inn","city":null,"citySlug":null,"cc":null,"kind":"food","status":"unknown","visits":1,"unnamed":false}},{"type":"Feature","geometry":{"type":"Point","coordinates":[-116.41694,34.12556]},"properties":{"id":"3f814187-0354-5133-b30c-df5b6e177961","slug":null,"name":"Sky Village Outdoor Marketplace","city":null,"citySlug":null,"cc":null,"kind":"activity","status":"unknown","visits":1,"unnamed":false}},{"type":"Feature","geometry":{"type":"Point","coordinates":[-87.6462,41.85279]},"properties":{"id":"ac68df7e-e153-5804-99cd-7b5304532a56","slug":null,"name":"Skylark","city":null,"citySlug":null,"cc":null,"kind":"unknown","status":"unknown","visits":1,"unnamed":false}},{"type":"Feature","geometry":{"type":"Point","coordinates":[-81.47382,41.5191]},"properties":{"id":"cd1251f1-8ce8-509e-a79e-00303099211b","slug":null,"name":"Skyline Chili","city":null,"citySlug":null,"cc":null,"kind":"food","status":"unknown","visits":1,"unnamed":false}},{"type":"Feature","geometry":{"type":"Point","coordinates":[103.86105,1.28455]},"properties":{"id":"e1abc06e-a396-572b-a6ad-230cb1b39ed1","slug":null,"name":"SkyPark","city":null,"citySlug":null,"cc":null,"kind":"unknown","status":"unknown","visits":1,"unnamed":false}},{"type":"Feature","geometry":{"type":"Point","coordinates":[-6.23425,53.33727]},"properties":{"id":"da57dd61-a917-5dc0-a0f0-f2e86a956373","slug":null,"name":"Slattery's","city":null,"citySlug":null,"cc":null,"kind":"unknown","status":"unknown","visits":1,"unnamed":false}},{"type":"Feature","geometry":{"type":"Point","coordinates":[-0.10308,51.51808]},"properties":{"id":"1cc98163-3c23-5fa8-86b7-594a9c2241bb","slug":null,"name":"Smithfield Market","city":null,"citySlug":null,"cc":null,"kind":"market","status":"unknown","visits":1,"unnamed":false}},{"type":"Feature","geometry":{"type":"Point","coordinates":[-0.10135,51.51931]},"properties":{"id":"0e7dafe1-26ed-50cb-ba7e-897e13145c05","slug":null,"name":"Smithfield Market","city":null,"citySlug":null,"cc":null,"kind":"unknown","status":"unknown","visits":1,"unnamed":false}},{"type":"Feature","geometry":{"type":"Point","coordinates":[-0.10276,51.51952]},"properties":{"id":"21223847-cd0d-5346-8df2-fd6ddcdf0ef9","slug":null,"name":"Smiths of Smithfield","city":null,"citySlug":null,"cc":null,"kind":"unknown","status":"unknown","visits":1,"unnamed":false}},{"type":"Feature","geometry":{"type":"Point","coordinates":[-90.12606,29.94413]},"properties":{"id":"f84b1570-4ba5-56aa-bd84-9f667131a4b6","slug":null,"name":"Snake & Jake's Christmas Club Lounge","city":null,"citySlug":null,"cc":null,"kind":"unknown","status":"unknown","visits":1,"unnamed":false}},{"type":"Feature","geometry":{"type":"Point","coordinates":[-79.40749,43.65633]},"properties":{"id":"02f54841-e97a-553f-af67-f1d6a0bb81bb","slug":null,"name":"Sneaky Dee's","city":null,"citySlug":null,"cc":null,"kind":"unknown","status":"unknown","visits":1,"unnamed":false}},{"type":"Feature","geometry":{"type":"Point","coordinates":[-118.29003,34.10029]},"properties":{"id":"db7e993c-d0a7-5b2a-9a80-c68910a5bb57","slug":null,"name":"Soap Plant / Wacko","city":null,"citySlug":null,"cc":null,"kind":"unknown","status":"unknown","visits":1,"unnamed":false}},{"type":"Feature","geometry":{"type":"Point","coordinates":[-5.06922,43.35171]},"properties":{"id":"b8671a67-353f-582f-933a-c7f15c88d9fb","slug":null,"name":"Sobrecueva","city":null,"citySlug":null,"cc":null,"kind":"unknown","status":"unknown","visits":1,"unnamed":false}},{"type":"Feature","geometry":{"type":"Point","coordinates":[-76.50108,3.45182]},"properties":{"id":"76376af6-2383-5ce8-843c-eb24d2cec689","slug":null,"name":"Social Club Los Amigos","city":null,"citySlug":null,"cc":null,"kind":"unknown","status":"unknown","visits":1,"unnamed":false}},{"type":"Feature","geometry":{"type":"Point","coordinates":[-1.98738,43.32366]},"properties":{"id":"0481e74f-36dd-5211-8958-f3bded325489","slug":null,"name":"Sociedad Aizepe","city":null,"citySlug":null,"cc":null,"kind":"unknown","status":"unknown","visits":1,"unnamed":false}},{"type":"Feature","geometry":{"type":"Point","coordinates":[96.16173,16.77128]},"properties":{"id":"0bc42dbd-8194-5de6-b141-255781047767","slug":null,"name":"Sofaer & Co","city":null,"citySlug":null,"cc":null,"kind":"unknown","status":"unknown","visits":1,"unnamed":false}},{"type":"Feature","geometry":{"type":"Point","coordinates":[44.79882,41.69986]},"properties":{"id":"0b02425a-4cdc-5db1-9980-9fafa6897458","slug":null,"name":"Sofia Melnikovas Fantastiuri Duqani","city":null,"citySlug":null,"cc":null,"kind":"unknown","status":"unknown","visits":1,"unnamed":false}},{"type":"Feature","geometry":{"type":"Point","coordinates":[105.85606,21.02546]},"properties":{"id":"bb02e84d-87ce-5883-b594-3ed701ab43f1","slug":null,"name":"Sofitel Legend Metropole Hanoi","city":null,"citySlug":null,"cc":null,"kind":"lodging","status":"unknown","visits":1,"unnamed":false}},{"type":"Feature","geometry":{"type":"Point","coordinates":[-73.96701,40.85048]},"properties":{"id":"5e073cc3-5782-569e-98a6-2fcbab7111d8","slug":null,"name":"Soft Tofu","city":null,"citySlug":null,"cc":null,"kind":"food","status":"unknown","visits":1,"unnamed":false}},{"type":"Feature","geometry":{"type":"Point","coordinates":[-81.69013,41.48476]},"properties":{"id":"5ad5c613-5578-5676-b367-b220d8503d10","slug":null,"name":"Sokolowski's University Inn","city":null,"citySlug":null,"cc":null,"kind":"food","status":"unknown","visits":1,"unnamed":false}},{"type":"Feature","geometry":{"type":"Point","coordinates":[-9.14376,38.7073]},"properties":{"id":"105c37d7-c458-5a50-8c0d-f6d996d2f6b7","slug":null,"name":"Sol e Pesca","city":null,"citySlug":null,"cc":null,"kind":"food","status":"unknown","visits":1,"unnamed":false}},{"type":"Feature","geometry":{"type":"Point","coordinates":[-77.15504,38.874]},"properties":{"id":"c46ab036-b8ea-5caf-8155-2f466ba420fa","slug":null,"name":"Song Que","city":null,"citySlug":null,"cc":null,"kind":"food","status":"unknown","visits":1,"unnamed":false}},{"type":"Feature","geometry":{"type":"Point","coordinates":[-123.72779,48.35656]},"properties":{"id":"653513b6-c2b7-50ee-86fc-0e5da2256b72","slug":null,"name":"Sooke Harbour House Hotel & Resort","city":null,"citySlug":null,"cc":null,"kind":"food","status":"unknown","visits":1,"unnamed":false}},{"type":"Feature","geometry":{"type":"Point","coordinates":[-73.98384,40.7248]},"properties":{"id":"da9c2c82-4543-55c5-aa4f-691fe3bc2d56","slug":null,"name":"Sophie's","city":null,"citySlug":null,"cc":null,"kind":"food","status":"unknown","visits":1,"unnamed":false}},{"type":"Feature","geometry":{"type":"Point","coordinates":[9.49485,40.28882]},"properties":{"id":"ca86fcc9-b30b-5adb-a4fd-dee0d3a0a92e","slug":null,"name":"Sorgente Su Gologone","city":null,"citySlug":null,"cc":null,"kind":"lodging","status":"unknown","visits":1,"unnamed":false}},{"type":"Feature","geometry":{"type":"Point","coordinates":[-79.5472,8.94921]},"properties":{"id":"547b792d-5765-51d2-8a32-acddd2054022","slug":null,"name":"Sorolo","city":null,"citySlug":null,"cc":null,"kind":"food","status":"unknown","visits":1,"unnamed":false}},{"type":"Feature","geometry":{"type":"Point","coordinates":[-38.50865,-12.97301]},"properties":{"id":"20aa000e-18e1-5a28-a786-ceaa928c5b01","slug":null,"name":"Sorriso da Dadá","city":null,"citySlug":null,"cc":null,"kind":"unknown","status":"unknown","visits":1,"unnamed":false}},{"type":"Feature","geometry":{"type":"Point","coordinates":[-38.49434,-12.91266]},"properties":{"id":"d8fc6ed0-ef1c-51fd-9540-88319470801b","slug":null,"name":"Sorveteria da Ribeira","city":null,"citySlug":null,"cc":null,"kind":"unknown","status":"unknown","visits":1,"unnamed":false}},{"type":"Feature","geometry":{"type":"Point","coordinates":[35.50392,33.90008]},"properties":{"id":"ea297148-e96e-586a-9799-b6b0ed6612cd","slug":null,"name":"Souk El Tayeb","city":null,"citySlug":null,"cc":null,"kind":"market","status":"unknown","visits":1,"unnamed":false}},{"type":"Feature","geometry":{"type":"Point","coordinates":[-90.17603,32.35504]},"properties":{"id":"cd88183e-62d8-5ff8-808f-c68354d5dbf4","slug":null,"name":"Soul Wired Cafe","city":null,"citySlug":null,"cc":null,"kind":"unknown","status":"unknown","visits":1,"unnamed":false}},{"type":"Feature","geometry":{"type":"Point","coordinates":[39.20801,21.5591]},"properties":{"id":"b834c1a5-cf28-5b55-b5bc-0809b7afb1a1","slug":null,"name":"Souq Minara - سوق المنارة‎","city":null,"citySlug":null,"cc":null,"kind":"market","status":"unknown","visits":1,"unnamed":false}},{"type":"Feature","geometry":{"type":"Point","coordinates":[-71.04235,42.33535]},"properties":{"id":"8b27fedc-3af2-5c23-b15c-eb5a3407c6e5","slug":null,"name":"South Boston Candlepin","city":null,"citySlug":null,"cc":null,"kind":"activity","status":"unknown","visits":1,"unnamed":false}},{"type":"Feature","geometry":{"type":"Point","coordinates":[0.69619,-72.29401]},"properties":{"id":"fa725461-4698-5a9c-b808-647745fd02dc","slug":null,"name":"South Pole","city":null,"citySlug":null,"cc":null,"kind":"unknown","status":"unknown","visits":1,"unnamed":false}},{"type":"Feature","geometry":{"type":"Point","coordinates":[-75.14932,39.94046]},"properties":{"id":"37f1427c-b001-55b7-9813-a854c2cb8c03","slug":null,"name":"Southwark Restaurant","city":null,"citySlug":null,"cc":null,"kind":"unknown","status":"unknown","visits":1,"unnamed":false}},{"type":"Feature","geometry":{"type":"Point","coordinates":[30.3211,59.93635]},"properties":{"id":"c6b41156-6303-5551-91bd-32f87f890335","slug":null,"name":"Souvenirs Shop","city":null,"citySlug":null,"cc":null,"kind":"unknown","status":"unknown","visits":1,"unnamed":false}},{"type":"Feature","geometry":{"type":"Point","coordinates":[25.35852,37.05931]},"properties":{"id":"f44ef7f9-0b17-522c-a956-236955d39b49","slug":null,"name":"Souvlucky","city":null,"citySlug":null,"cc":null,"kind":"unknown","status":"unknown","visits":1,"unnamed":false}},{"type":"Feature","geometry":{"type":"Point","coordinates":[27.85403,-26.24854]},"properties":{"id":"b2ca0368-1f3e-5bac-8e0a-a484b3324c82","slug":null,"name":"Soweto","city":null,"citySlug":null,"cc":null,"kind":"unknown","status":"unknown","visits":1,"unnamed":false}},{"type":"Feature","geometry":{"type":"Point","coordinates":[24.94504,60.1715]},"properties":{"id":"e9c5b3a2-099e-55f8-860a-1103ba99c837","slug":null,"name":"Spårakoff Tram Tour","city":null,"citySlug":null,"cc":null,"kind":"food","status":"unknown","visits":1,"unnamed":false}},{"type":"Feature","geometry":{"type":"Point","coordinates":[104.93121,11.56744]},"properties":{"id":"2829fbf6-7fd2-5c15-8932-37068fd8b85d","slug":null,"name":"Special Happy Pizza","city":null,"citySlug":null,"cc":null,"kind":"food","status":"unknown","visits":1,"unnamed":false}},{"type":"Feature","geometry":{"type":"Point","coordinates":[15.30041,37.85287]},"properties":{"id":"c5dad52f-689f-5d2b-a16c-a5e7adc0ede0","slug":null,"name":"Spiaggia libera di Isola Bella","city":null,"citySlug":null,"cc":null,"kind":"unknown","status":"unknown","visits":1,"unnamed":false}},{"type":"Feature","geometry":{"type":"Point","coordinates":[-79.39609,43.64446]},"properties":{"id":"daea5da8-e7d8-5de3-9444-dfd3c10bf543","slug":null,"name":"SPIN Toronto","city":null,"citySlug":null,"cc":null,"kind":"unknown","status":"unknown","visits":1,"unnamed":false}},{"type":"Feature","geometry":{"type":"Point","coordinates":[-70.18936,42.04869]},"properties":{"id":"42dee535-babf-5b2e-8077-05bce37c33bd","slug":null,"name":"Spiritus Pizza","city":null,"citySlug":null,"cc":null,"kind":"unknown","status":"unknown","visits":1,"unnamed":false}},{"type":"Feature","geometry":{"type":"Point","coordinates":[-79.92529,40.46004]},"properties":{"id":"69036360-cba6-5bb7-b6fd-16fa14bba408","slug":null,"name":"Spoon","city":null,"citySlug":null,"cc":null,"kind":"unknown","status":"closed","visits":1,"unnamed":false}},{"type":"Feature","geometry":{"type":"Point","coordinates":[121.55794,25.11156]},"properties":{"id":"6217b3f5-bd62-591b-b0af-b18cdb983b3f","slug":null,"name":"Spring City Shrimp Fishing Restaurant","city":null,"citySlug":null,"cc":null,"kind":"unknown","status":"unknown","visits":1,"unnamed":false}},{"type":"Feature","geometry":{"type":"Point","coordinates":[-0.12844,51.51132]},"properties":{"id":"620d8179-8e24-5f98-a21c-d96a576f377f","slug":null,"name":"Square Pie","city":null,"citySlug":null,"cc":null,"kind":"unknown","status":"unknown","visits":1,"unnamed":false}},{"type":"Feature","geometry":{"type":"Point","coordinates":[-79.92267,40.43787]},"properties":{"id":"f0680268-ebca-56ac-8617-2ff8d61c4b26","slug":null,"name":"Squirrel Hill Cafe","city":null,"citySlug":null,"cc":null,"kind":"unknown","status":"unknown","visits":1,"unnamed":false}},{"type":"Feature","geometry":{"type":"Point","coordinates":[-0.07425,51.51971]},"properties":{"id":"08c0d9bb-56bc-5850-aac0-5a9bdb354cf6","slug":null,"name":"St John Bread and Wine","city":null,"citySlug":null,"cc":null,"kind":"food","status":"unknown","visits":1,"unnamed":false}},{"type":"Feature","geometry":{"type":"Point","coordinates":[-0.10143,51.52045]},"properties":{"id":"3edb3519-27da-5c33-b925-10befc65e35c","slug":null,"name":"St John Restaurant","city":null,"citySlug":null,"cc":null,"kind":"unknown","status":"unknown","visits":1,"unnamed":false}},{"type":"Feature","geometry":{"type":"Point","coordinates":[-73.60196,45.52269]},"properties":{"id":"ccd93423-8c38-56ff-8886-57985466a51e","slug":null,"name":"St-Viateur Bagel Shop","city":null,"citySlug":null,"cc":null,"kind":"food","status":"unknown","visits":2,"unnamed":false}},{"type":"Feature","geometry":{"type":"Point","coordinates":[-79.37154,43.64858]},"properties":{"id":"e10fa40c-04e4-5a7e-8191-b37315342d22","slug":null,"name":"St. Lawrence Market","city":null,"citySlug":null,"cc":null,"kind":"unknown","status":"unknown","visits":1,"unnamed":false}},{"type":"Feature","geometry":{"type":"Point","coordinates":[-84.42726,33.79502]},"properties":{"id":"33767355-65d7-5b38-aae6-378c609c35ba","slug":null,"name":"Star Provisions Market & Cafe","city":null,"citySlug":null,"cc":null,"kind":"unknown","status":"unknown","visits":1,"unnamed":false}},{"type":"Feature","geometry":{"type":"Point","coordinates":[-75.13713,39.97627]},"properties":{"id":"df8f49cd-7181-5554-b1a4-426811951152","slug":null,"name":"Stateside Vodka Bar","city":null,"citySlug":null,"cc":null,"kind":"unknown","status":"unknown","visits":1,"unnamed":false}},{"type":"Feature","geometry":{"type":"Point","coordinates":[76.43405,10.16837]},"properties":{"id":"4bb31861-99c3-56f3-8c1e-8e11f7bc0070","slug":null,"name":"STEEL HOUSE","city":null,"citySlug":null,"cc":null,"kind":"food","status":"unknown","visits":1,"unnamed":false}},{"type":"Feature","geometry":{"type":"Point","coordinates":[-38.3416,-12.93959]},"properties":{"id":"874345ef-18cf-5145-a25e-c499dc1f5b63","slug":null,"name":"Stella Maris","city":null,"citySlug":null,"cc":null,"kind":"unknown","status":"unknown","visits":1,"unnamed":false}},{"type":"Feature","geometry":{"type":"Point","coordinates":[3.34035,6.5949]},"properties":{"id":"b6800fb8-f775-5cdf-9c8c-196edd516b1c","slug":null,"name":"Stellas Kitchen","city":null,"citySlug":null,"cc":null,"kind":"unknown","status":"unknown","visits":1,"unnamed":false}},{"type":"Feature","geometry":{"type":"Point","coordinates":[18.10017,59.32535]},"properties":{"id":"5debed52-4816-52fb-af1b-85fba370f197","slug":null,"name":"Stockholms Glasbruk","city":null,"citySlug":null,"cc":null,"kind":"activity","status":"unknown","visits":1,"unnamed":false}},{"type":"Feature","geometry":{"type":"Point","coordinates":[39.19207,-6.16222]},"properties":{"id":"f08e86b1-9fcb-50bb-ac8a-9295b4ea8866","slug":null,"name":"Stone Town","city":null,"citySlug":null,"cc":null,"kind":"unknown","status":"unknown","visits":1,"unnamed":false}},{"type":"Feature","geometry":{"type":"Point","coordinates":[-73.99096,40.73332]},"properties":{"id":"2210f8db-b491-5aa9-915f-989b1243dd41","slug":null,"name":"Strand Book Store","city":null,"citySlug":null,"cc":null,"kind":"unknown","status":"unknown","visits":1,"unnamed":false}},{"type":"Feature","geometry":{"type":"Point","coordinates":[-70.25402,43.65588]},"properties":{"id":"13731b83-2de2-581e-bd67-aa180d64d495","slug":null,"name":"Street & Co","city":null,"citySlug":null,"cc":null,"kind":"food","status":"unknown","visits":1,"unnamed":false}},{"type":"Feature","geometry":{"type":"Point","coordinates":[72.90799,19.08664]},"properties":{"id":"a6274c37-5015-5d79-82a0-b5a4f333280f","slug":null,"name":"Street Foods","city":null,"citySlug":null,"cc":null,"kind":"market","status":"unknown","visits":1,"unnamed":false}},{"type":"Feature","geometry":{"type":"Point","coordinates":[-38.48472,-12.97447]},"properties":{"id":"1da9de03-59f3-5f9f-a83f-d9cd06441430","slug":null,"name":"Streetside bar in Pelourinho","city":null,"citySlug":null,"cc":null,"kind":"unknown","status":"closed","visits":1,"unnamed":false}},{"type":"Feature","geometry":{"type":"Point","coordinates":[-73.96354,40.7612]},"properties":{"id":"f77a82b5-b55d-5455-9519-6fc06d4201d4","slug":null,"name":"Subway Inn","city":null,"citySlug":null,"cc":null,"kind":"unknown","status":"unknown","visits":1,"unnamed":false}},{"type":"Feature","geometry":{"type":"Point","coordinates":[-74.30574,45.4545]},"properties":{"id":"082e854d-86b0-5c98-a02e-d9fe405c0927","slug":null,"name":"Sucrerie de la Montagne","city":null,"citySlug":null,"cc":null,"kind":"food","status":"unknown","visits":1,"unnamed":false}},{"type":"Feature","geometry":{"type":"Point","coordinates":[140.04607,36.96169]},"properties":{"id":"8d013a87-c274-57cc-a58e-e231bb80ca8d","slug":null,"name":"Sugimura","city":null,"citySlug":null,"cc":null,"kind":"unknown","status":"unknown","visits":1,"unnamed":false}},{"type":"Feature","geometry":{"type":"Point","coordinates":[-92.28297,29.94796]},"properties":{"id":"9c16b393-40ae-5199-973f-1cb3cd628b92","slug":null,"name":"Suire's Grocery & Restaurant","city":null,"citySlug":null,"cc":null,"kind":"unknown","status":"unknown","visits":1,"unnamed":false}},{"type":"Feature","geometry":{"type":"Point","coordinates":[-74.00046,40.7473]},"properties":{"id":"d2b845bb-8012-580a-b63f-930074825e8f","slug":null,"name":"Sullivan Street Bakery and Pizza","city":null,"citySlug":null,"cc":null,"kind":"food","status":"unknown","visits":1,"unnamed":false}},{"type":"Feature","geometry":{"type":"Point","coordinates":[-61.44696,12.60396]},"properties":{"id":"132f7241-aa15-5b04-a598-3a133d1bc953","slug":null,"name":"Sun Beach & Eat Seckie & Vanessa","city":null,"citySlug":null,"cc":null,"kind":"food","status":"unknown","visits":1,"unnamed":false}},{"type":"Feature","geometry":{"type":"Point","coordinates":[114.12824,22.28297]},"properties":{"id":"b5a845b1-c259-52b3-9e0f-a979423717f7","slug":null,"name":"Sun Hing Restaurant","city":null,"citySlug":null,"cc":null,"kind":"unknown","status":"unknown","visits":1,"unnamed":false}},{"type":"Feature","geometry":{"type":"Point","coordinates":[-122.29434,47.66287]},"properties":{"id":"b9e11233-c5e1-55d9-b99a-9bade90e50a2","slug":null,"name":"Sun Liquor Distillery","city":null,"citySlug":null,"cc":null,"kind":"unknown","status":"unknown","visits":1,"unnamed":false}},{"type":"Feature","geometry":{"type":"Point","coordinates":[-8.49338,51.89567]},"properties":{"id":"4de756a2-3c99-5a1e-a7ef-b9710d3656e8","slug":null,"name":"Sundays Well Boating & Tennis Club","city":null,"citySlug":null,"cc":null,"kind":"activity","status":"unknown","visits":1,"unnamed":false}},{"type":"Feature","geometry":{"type":"Point","coordinates":[-73.84307,40.87962]},"properties":{"id":"eaadb42b-240d-5054-b635-768f786b0d4e","slug":null,"name":"Sundial Herbal Product","city":null,"citySlug":null,"cc":null,"kind":"unknown","status":"unknown","visits":1,"unnamed":false}},{"type":"Feature","geometry":{"type":"Point","coordinates":[103.85655,1.30489]},"properties":{"id":"30c67ba8-20f4-51a0-982e-56e712c8419e","slug":null,"name":"Sungei Road Flea Market","city":null,"citySlug":null,"cc":null,"kind":"unknown","status":"unknown","visits":1,"unnamed":false}},{"type":"Feature","geometry":{"type":"Point","coordinates":[-74.01687,40.67569]},"properties":{"id":"6f2b1e61-d599-5d30-b058-d8c03be8c7dc","slug":null,"name":"Sunny's","city":null,"citySlug":null,"cc":null,"kind":"food","status":"unknown","visits":1,"unnamed":false}},{"type":"Feature","geometry":{"type":"Point","coordinates":[120.98558,14.57004]},"properties":{"id":"74b86975-d3b3-55d1-9840-9ca540e6c3be","slug":null,"name":"Super Six","city":null,"citySlug":null,"cc":null,"kind":"unknown","status":"unknown","visits":1,"unnamed":false}},{"type":"Feature","geometry":{"type":"Point","coordinates":[-79.86046,40.39773]},"properties":{"id":"d24e4387-e70d-5dfd-b77d-9d4c56be3408","slug":null,"name":"Superior Motors","city":null,"citySlug":null,"cc":null,"kind":"unknown","status":"unknown","visits":1,"unnamed":false}},{"type":"Feature","geometry":{"type":"Point","coordinates":[10.20579,36.86665]},"properties":{"id":"581c9443-275a-55a5-a566-0841599760e4","slug":null,"name":"Supermarché Magasin Général","city":null,"citySlug":null,"cc":null,"kind":"unknown","status":"unknown","visits":1,"unnamed":false}},{"type":"Feature","geometry":{"type":"Point","coordinates":[28.95486,41.01727]},"properties":{"id":"0290087e-6647-5f59-82b6-d1377131c98d","slug":null,"name":"Sur Ocakbaşı","city":null,"citySlug":null,"cc":null,"kind":"food","status":"unknown","visits":1,"unnamed":false}},{"type":"Feature","geometry":{"type":"Point","coordinates":[-122.42496,37.77648]},"properties":{"id":"1d24e6b3-52b6-55cd-8639-10b68dd845d6","slug":null,"name":"Sushi Sebo","city":null,"citySlug":null,"cc":null,"kind":"food","status":"closed","visits":1,"unnamed":false}},{"type":"Feature","geometry":{"type":"Point","coordinates":[-73.97351,40.75111]},"properties":{"id":"6334853f-23ca-59a6-953a-40a2ae8151c3","slug":null,"name":"Sushi Yasuda","city":null,"citySlug":null,"cc":null,"kind":"food","status":"unknown","visits":2,"unnamed":false}},{"type":"Feature","geometry":{"type":"Point","coordinates":[-118.30464,34.06919]},"properties":{"id":"0654087e-9287-5782-98d2-161bb5553ba4","slug":null,"name":"Swadesh Restaurant and Grocery Store","city":null,"citySlug":null,"cc":null,"kind":"unknown","status":"unknown","visits":1,"unnamed":false}},{"type":"Feature","geometry":{"type":"Point","coordinates":[-122.42097,37.79097]},"properties":{"id":"ddd6bab9-5a0f-5862-9e25-7c8fc40e4d27","slug":null,"name":"Swan Oyster Depot","city":null,"citySlug":null,"cc":null,"kind":"unknown","status":"unknown","visits":3,"unnamed":false}},{"type":"Feature","geometry":{"type":"Point","coordinates":[-80.38124,33.36145]},"properties":{"id":"a982aaa6-a49f-5ee4-8079-a7fb945ce31d","slug":null,"name":"Sweatman's Barbeque","city":null,"citySlug":null,"cc":null,"kind":"food","status":"unknown","visits":1,"unnamed":false}},{"type":"Feature","geometry":{"type":"Point","coordinates":[-84.37999,33.75442]},"properties":{"id":"2b7b4d5f-540f-5ebd-976e-97367857ad6b","slug":null,"name":"Sweet Auburn Market","city":null,"citySlug":null,"cc":null,"kind":"unknown","status":"unknown","visits":1,"unnamed":false}},{"type":"Feature","geometry":{"type":"Point","coordinates":[-87.66069,41.86919]},"properties":{"id":"9c2a24de-148a-5480-881b-2408fc0c32dc","slug":null,"name":"Sweet Maple Cafe","city":null,"citySlug":null,"cc":null,"kind":"unknown","status":"unknown","visits":1,"unnamed":false}},{"type":"Feature","geometry":{"type":"Point","coordinates":[-0.09278,51.51249]},"properties":{"id":"60897ef6-633d-515a-b94a-50acd64e228e","slug":null,"name":"Sweetings","city":null,"citySlug":null,"cc":null,"kind":"unknown","status":"unknown","visits":1,"unnamed":false}},{"type":"Feature","geometry":{"type":"Point","coordinates":[151.07221,-33.84651]},"properties":{"id":"fca44ffb-ca8f-59c6-aac9-b7c902b268e7","slug":null,"name":"Sydney Olympic Park","city":null,"citySlug":null,"cc":null,"kind":"activity","status":"unknown","visits":1,"unnamed":false}},{"type":"Feature","geometry":{"type":"Point","coordinates":[28.04935,-26.19072]},"properties":{"id":"6d825c32-10fe-5b11-9216-738492d40236","slug":null,"name":"Sympathy's Restaurant","city":null,"citySlug":null,"cc":null,"kind":"unknown","status":"unknown","visits":1,"unnamed":false}},{"type":"Feature","geometry":{"type":"Point","coordinates":[-87.6322,41.84865]},"properties":{"id":"df7f51ee-4086-5cc3-b1a2-d407acdb82c5","slug":null,"name":"Sze Chuan Cuisine","city":null,"citySlug":null,"cc":null,"kind":"unknown","status":"unknown","visits":1,"unnamed":false}},{"type":"Feature","geometry":{"type":"Point","coordinates":[104.17567,10.61358]},"properties":{"id":"d4838005-9092-5800-b1cf-b4c2a95dfc68","slug":null,"name":"Ta Eou Restaurant","city":null,"citySlug":null,"cc":null,"kind":"food","status":"unknown","visits":1,"unnamed":false}},{"type":"Feature","geometry":{"type":"Point","coordinates":[-3.59612,37.17273]},"properties":{"id":"4e8f871e-abf4-50a7-8a8b-06ff642ffa44","slug":null,"name":"Taberna La Tana","city":null,"citySlug":null,"cc":null,"kind":"unknown","status":"unknown","visits":1,"unnamed":false}},{"type":"Feature","geometry":{"type":"Point","coordinates":[-74.06746,4.61579]},"properties":{"id":"c7397b65-7da4-5b9f-a131-ced8a121d2ee","slug":null,"name":"Tábula","city":null,"citySlug":null,"cc":null,"kind":"unknown","status":"unknown","visits":1,"unnamed":false}},{"type":"Feature","geometry":{"type":"Point","coordinates":[-90.11601,29.9208]},"properties":{"id":"dc8859e7-544d-51cd-8747-d8bb2db649ed","slug":null,"name":"Taceaux Loceaux","city":null,"citySlug":null,"cc":null,"kind":"unknown","status":"unknown","visits":1,"unnamed":false}},{"type":"Feature","geometry":{"type":"Point","coordinates":[-99.14298,19.43062]},"properties":{"id":"5823cdbe-265e-5b3b-a1fe-03ec4267c98b","slug":null,"name":"Tacos El Huequito","city":null,"citySlug":null,"cc":null,"kind":"food","status":"unknown","visits":1,"unnamed":false}},{"type":"Feature","geometry":{"type":"Point","coordinates":[-118.13019,34.08994]},"properties":{"id":"55e38078-b32d-5f0e-8729-1a9f290e64e2","slug":null,"name":"Tacos Indiana","city":null,"citySlug":null,"cc":null,"kind":"unknown","status":"unknown","visits":1,"unnamed":false}},{"type":"Feature","geometry":{"type":"Point","coordinates":[-116.6278,31.8615]},"properties":{"id":"d1abcb1d-796e-55f5-8992-2244a999be4a","slug":null,"name":"TACOS LILY","city":null,"citySlug":null,"cc":null,"kind":"food","status":"unknown","visits":1,"unnamed":false}},{"type":"Feature","geometry":{"type":"Point","coordinates":[-118.26158,34.11782]},"properties":{"id":"757ab81b-544f-5245-a8dc-2d2c4f6d726b","slug":null,"name":"Tacos Villa Corona","city":null,"citySlug":null,"cc":null,"kind":"unknown","status":"unknown","visits":1,"unnamed":false}},{"type":"Feature","geometry":{"type":"Point","coordinates":[-2.58444,56.56234]},"properties":{"id":"61528f0d-f3a7-59a4-b890-d68ecc724a70","slug":null,"name":"Tactical Edge","city":null,"citySlug":null,"cc":null,"kind":"unknown","status":"unknown","visits":1,"unnamed":false}},{"type":"Feature","geometry":{"type":"Point","coordinates":[-122.39944,37.79343]},"properties":{"id":"b440824a-d360-5c73-9ca7-a6b34b23ca92","slug":null,"name":"Tadich Grill","city":null,"citySlug":null,"cc":null,"kind":"food","status":"unknown","visits":1,"unnamed":false}},{"type":"Feature","geometry":{"type":"Point","coordinates":[113.55586,22.15247]},"properties":{"id":"7ea39304-4a65-53cf-916e-e68d6983169f","slug":null,"name":"Tai Lei Loi Kei","city":null,"citySlug":null,"cc":null,"kind":"food","status":"unknown","visits":1,"unnamed":false}},{"type":"Feature","geometry":{"type":"Point","coordinates":[114.16668,22.44596]},"properties":{"id":"ca1740dc-fb40-5468-a2c8-6337c6e6dd5b","slug":null,"name":"Tai Po Cooked Food Centre & Podium Garden","city":null,"citySlug":null,"cc":null,"kind":"market","status":"unknown","visits":1,"unnamed":false}},{"type":"Feature","geometry":{"type":"Point","coordinates":[-118.37977,34.07736]},"properties":{"id":"f3a4e5cd-ad53-544b-bfd3-9d9efe4f9e15","slug":null,"name":"Tail o' the Pup","city":null,"citySlug":null,"cc":null,"kind":"unknown","status":"unknown","visits":1,"unnamed":false}},{"type":"Feature","geometry":{"type":"Point","coordinates":[121.56447,25.03396]},"properties":{"id":"c9594cf9-a842-51b5-942d-65265728e3f5","slug":null,"name":"Taipei 101","city":null,"citySlug":null,"cc":null,"kind":"unknown","status":"unknown","visits":1,"unnamed":false}},{"type":"Feature","geometry":{"type":"Point","coordinates":[73.68002,24.57535]},"properties":{"id":"92925038-28b8-59e2-8702-40111f5dc33b","slug":null,"name":"Taj Lake Palace","city":null,"citySlug":null,"cc":null,"kind":"food","status":"unknown","visits":1,"unnamed":false}},{"type":"Feature","geometry":{"type":"Point","coordinates":[-0.07176,51.51996]},"properties":{"id":"deb8b0ef-cce9-5e8f-a19d-241992ae0aff","slug":null,"name":"Taj Stores","city":null,"citySlug":null,"cc":null,"kind":"unknown","status":"unknown","visits":1,"unnamed":false}},{"type":"Feature","geometry":{"type":"Point","coordinates":[-74.00642,40.73146]},"properties":{"id":"fe23ab45-87a7-5c73-abc7-5fa9f558c0e7","slug":null,"name":"Takashi","city":null,"citySlug":null,"cc":null,"kind":"unknown","status":"unknown","visits":1,"unnamed":false}},{"type":"Feature","geometry":{"type":"Point","coordinates":[141.14333,42.49298]},"properties":{"id":"a33c7d70-e60e-59a7-b72f-a9f9037e3be8","slug":null,"name":"Takinoya Bekkan Tamanoyu Ryokan","city":null,"citySlug":null,"cc":null,"kind":"sight","status":"unknown","visits":1,"unnamed":false}},{"type":"Feature","geometry":{"type":"Point","coordinates":[100.42651,13.78117]},"properties":{"id":"bec75d93-d7de-5777-9729-bb3d18bb6e68","slug":null,"name":"Taling Chan","city":null,"citySlug":null,"cc":null,"kind":"market","status":"unknown","visits":1,"unnamed":false}},{"type":"Feature","geometry":{"type":"Point","coordinates":[-122.22036,37.7832]},"properties":{"id":"d8812d19-151f-5083-9714-5225c8359792","slug":null,"name":"Tamales Mi Lupitas","city":null,"citySlug":null,"cc":null,"kind":"food","status":"unknown","visits":1,"unnamed":false}},{"type":"Feature","geometry":{"type":"Point","coordinates":[-69.50378,-13.39763]},"properties":{"id":"02d49e8a-9566-5359-9a75-40bfa157999f","slug":null,"name":"Tambopata River","city":null,"citySlug":null,"cc":null,"kind":"activity","status":"unknown","visits":1,"unnamed":false}},{"type":"Feature","geometry":{"type":"Point","coordinates":[-73.98896,40.73625]},"properties":{"id":"7f436ee0-f180-5575-855b-63f17acabdf6","slug":null,"name":"Tammany Hall","city":null,"citySlug":null,"cc":null,"kind":"unknown","status":"unknown","visits":1,"unnamed":false}},{"type":"Feature","geometry":{"type":"Point","coordinates":[-5.83395,35.75947]},"properties":{"id":"1db66d35-0d8b-53fe-af19-106425d9c1d6","slug":null,"name":"Tangier","city":null,"citySlug":null,"cc":null,"kind":"unknown","status":"unknown","visits":1,"unnamed":false}},{"type":"Feature","geometry":{"type":"Point","coordinates":[103.79788,1.29966]},"properties":{"id":"f31e3630-bc3e-5314-9dc6-fab91433051d","slug":null,"name":"Tanglin Halt Food Centre","city":null,"citySlug":null,"cc":null,"kind":"unknown","status":"unknown","visits":1,"unnamed":false}},{"type":"Feature","geometry":{"type":"Point","coordinates":[-87.65949,41.97311]},"properties":{"id":"cbf35205-026d-52fa-b84c-eeadc996c496","slug":null,"name":"Tank Noodle","city":null,"citySlug":null,"cc":null,"kind":"unknown","status":"unknown","visits":1,"unnamed":false}},{"type":"Feature","geometry":{"type":"Point","coordinates":[-61.23459,13.00781]},"properties":{"id":"b1d2cee8-3970-52ca-9aa9-8f2a7b8e871d","slug":null,"name":"Tante Pearls Resturant","city":null,"citySlug":null,"cc":null,"kind":"food","status":"unknown","visits":1,"unnamed":false}},{"type":"Feature","geometry":{"type":"Point","coordinates":[-87.68433,41.96127]},"properties":{"id":"88637275-19c0-570a-9305-2a260dd3ebe2","slug":null,"name":"Taqueria El Asadero- Chicago","city":null,"citySlug":null,"cc":null,"kind":"unknown","status":"unknown","visits":1,"unnamed":false}},{"type":"Feature","geometry":{"type":"Point","coordinates":[-96.71959,17.06013]},"properties":{"id":"f6604e95-aa97-56f0-a18f-3523a4552025","slug":null,"name":"Taqueria El Compadre","city":null,"citySlug":null,"cc":null,"kind":"unknown","status":"unknown","visits":1,"unnamed":false}},{"type":"Feature","geometry":{"type":"Point","coordinates":[-9.14414,38.71165]},"properties":{"id":"f8f447ce-3f8c-5fb1-96ab-2764ebe0842f","slug":null,"name":"Tasca do Chico","city":null,"citySlug":null,"cc":null,"kind":"food","status":"unknown","visits":1,"unnamed":false}},{"type":"Feature","geometry":{"type":"Point","coordinates":[-156.49969,20.8924]},"properties":{"id":"b37da4a7-b0a6-5b4b-8729-c63e87ef81c0","slug":null,"name":"Tasty Crust Restaurant","city":null,"citySlug":null,"cc":null,"kind":"unknown","status":"unknown","visits":1,"unnamed":false}},{"type":"Feature","geometry":{"type":"Point","coordinates":[96.17666,16.87961]},"properties":{"id":"3e70465c-4777-51fd-a11d-65f1ff33bf80","slug":null,"name":"Taung Htate Pan Street","city":null,"citySlug":null,"cc":null,"kind":"unknown","status":"unknown","visits":1,"unnamed":false}},{"type":"Feature","geometry":{"type":"Point","coordinates":[25.5205,37.0715]},"properties":{"id":"6547423f-c8b0-52ed-a77e-aab6f4c49e42","slug":null,"name":"Taverna Platanos","city":null,"citySlug":null,"cc":null,"kind":"unknown","status":"unknown","visits":1,"unnamed":false}},{"type":"Feature","geometry":{"type":"Point","coordinates":[35.53212,33.89712]},"properties":{"id":"3d485871-a5a2-5999-8521-cccea9fd4907","slug":null,"name":"Tawlet","city":null,"citySlug":null,"cc":null,"kind":"food","status":"unknown","visits":1,"unnamed":false}},{"type":"Feature","geometry":{"type":"Point","coordinates":[-122.33264,47.59883]},"properties":{"id":"61a0d7d9-abe4-5d69-824c-5d3e3123bc6b","slug":null,"name":"Taylor Shellfish Oyster Bar","city":null,"citySlug":null,"cc":null,"kind":"unknown","status":"unknown","visits":1,"unnamed":false}},{"type":"Feature","geometry":{"type":"Point","coordinates":[-100.90513,29.40987]},"properties":{"id":"659372e2-999c-5d3b-a0cc-2814f8086405","slug":null,"name":"TB's Bar & Grill","city":null,"citySlug":null,"cc":null,"kind":"food","status":"closed","visits":1,"unnamed":false}},{"type":"Feature","geometry":{"type":"Point","coordinates":[77.08241,30.89]},"properties":{"id":"8edb0fcc-388f-5549-8420-fbac32301cda","slug":null,"name":"Tea Stall And Snacks Stall","city":null,"citySlug":null,"cc":null,"kind":"unknown","status":"unknown","visits":1,"unnamed":false}},{"type":"Feature","geometry":{"type":"Point","coordinates":[-90.1111,29.92059]},"properties":{"id":"3fa34029-723e-591e-955f-4209d1e0381a","slug":null,"name":"Tee-Eva's","city":null,"citySlug":null,"cc":null,"kind":"unknown","status":"unknown","visits":1,"unnamed":false}},{"type":"Feature","geometry":{"type":"Point","coordinates":[51.38897,35.6892]},"properties":{"id":"55fc1b24-3877-5536-acd0-a2336aec0747","slug":null,"name":"Tehran","city":null,"citySlug":null,"cc":null,"kind":"unknown","status":"unknown","visits":1,"unnamed":false}},{"type":"Feature","geometry":{"type":"Point","coordinates":[103.85065,1.30625]},"properties":{"id":"a8662084-86a1-57e1-b060-9fe45e6a2385","slug":null,"name":"Tekka Centre","city":null,"citySlug":null,"cc":null,"kind":"unknown","status":"unknown","visits":1,"unnamed":false}},{"type":"Feature","geometry":{"type":"Point","coordinates":[114.16998,22.30652]},"properties":{"id":"03250768-2be3-5d84-966e-32a6a2db94d3","slug":null,"name":"Temple Street Night Market","city":null,"citySlug":null,"cc":null,"kind":"market","status":"unknown","visits":1,"unnamed":false}},{"type":"Feature","geometry":{"type":"Point","coordinates":[4.8987,52.3633]},"properties":{"id":"48f73cef-a686-5952-a505-e8ddcd87b1f5","slug":null,"name":"Tempo Doeloe","city":null,"citySlug":null,"cc":null,"kind":"unknown","status":"unknown","visits":1,"unnamed":false}},{"type":"Feature","geometry":{"type":"Point","coordinates":[-72.28394,18.57119]},"properties":{"id":"74d94703-8f75-5b19-81cd-6e3f85ba9f9f","slug":null,"name":"Tent City","city":null,"citySlug":null,"cc":null,"kind":"activity","status":"unknown","visits":1,"unnamed":false}},{"type":"Feature","geometry":{"type":"Point","coordinates":[-86.24451,12.1234]},"properties":{"id":"d92f37cc-c46d-50f5-9695-34e76463c116","slug":null,"name":"Terminal de Autobuses Mercado Roberto Huembes","city":null,"citySlug":null,"cc":null,"kind":"food","status":"unknown","visits":1,"unnamed":false}},{"type":"Feature","geometry":{"type":"Point","coordinates":[-117.1233,32.53353]},"properties":{"id":"8daed258-9cd2-501a-b21d-5deb561101f7","slug":null,"name":"Terraza Vallarta","city":null,"citySlug":null,"cc":null,"kind":"food","status":"unknown","visits":1,"unnamed":false}},{"type":"Feature","geometry":{"type":"Point","coordinates":[151.20498,-33.87515]},"properties":{"id":"69707fa3-0a68-503b-b7b6-624c2566c697","slug":null,"name":"Tetsuya's Restaurant","city":null,"citySlug":null,"cc":null,"kind":"unknown","status":"unknown","visits":1,"unnamed":false}},{"type":"Feature","geometry":{"type":"Point","coordinates":[-97.74195,30.27698]},"properties":{"id":"b1ae0a85-e21d-5332-8c2f-fb9a127b0533","slug":null,"name":"Texas Chili Parlor","city":null,"citySlug":null,"cc":null,"kind":"food","status":"unknown","visits":1,"unnamed":false}},{"type":"Feature","geometry":{"type":"Point","coordinates":[-122.41844,37.75397]},"properties":{"id":"95a940d4-7d01-52eb-8b56-72e1cf47d6c0","slug":null,"name":"That's It","city":null,"citySlug":null,"cc":null,"kind":"food","status":"unknown","visits":1,"unnamed":false}},{"type":"Feature","geometry":{"type":"Point","coordinates":[113.54348,22.19092]},"properties":{"id":"91cf6135-5af9-5730-a6e4-bae195439a1c","slug":null,"name":"The 8 Restaurant (Grand Lisboa)","city":null,"citySlug":null,"cc":null,"kind":"food","status":"unknown","visits":1,"unnamed":false}},{"type":"Feature","geometry":{"type":"Point","coordinates":[-122.45112,37.76932]},"properties":{"id":"ed99fc5d-af58-5082-9aba-e640fbf4ca85","slug":null,"name":"The Alembic","city":null,"citySlug":null,"cc":null,"kind":"unknown","status":"unknown","visits":1,"unnamed":false}},{"type":"Feature","geometry":{"type":"Point","coordinates":[-84.36856,33.78191]},"properties":{"id":"bc91192b-620c-5173-92f8-4f91e277c770","slug":null,"name":"The Atlanta Beltline Start","city":null,"citySlug":null,"cc":null,"kind":"unknown","status":"unknown","visits":1,"unnamed":false}},{"type":"Feature","geometry":{"type":"Point","coordinates":[144.95888,-37.82255]},"properties":{"id":"bb670e11-52de-5003-bb25-d7e5dbf0fa35","slug":null,"name":"The Atlantic Restaurant","city":null,"citySlug":null,"cc":null,"kind":"unknown","status":"unknown","visits":1,"unnamed":false}},{"type":"Feature","geometry":{"type":"Point","coordinates":[103.90488,1.30184]},"properties":{"id":"d2ae9d8c-8989-57ea-867b-328634ff23eb","slug":null,"name":"The Banana Leaf Apollo","city":null,"citySlug":null,"cc":null,"kind":"unknown","status":"unknown","visits":1,"unnamed":false}},{"type":"Feature","geometry":{"type":"Point","coordinates":[-79.06776,43.11369]},"properties":{"id":"f157baf7-1649-5a8d-8583-5537f1db8d68","slug":null,"name":"The Belleview Tavern","city":null,"citySlug":null,"cc":null,"kind":"unknown","status":"unknown","visits":1,"unnamed":false}},{"type":"Feature","geometry":{"type":"Point","coordinates":[-52.73839,47.54613]},"properties":{"id":"71e32741-445e-5791-b30d-d504ee94b159","slug":null,"name":"The Big R Restaurant","city":null,"citySlug":null,"cc":null,"kind":"unknown","status":"unknown","visits":1,"unnamed":false}},{"type":"Feature","geometry":{"type":"Point","coordinates":[-101.7551,35.19366]},"properties":{"id":"c3036940-809d-58d0-b207-24c19079b5da","slug":null,"name":"The Big Texan Steak Ranch & Brewery","city":null,"citySlug":null,"cc":null,"kind":"food","status":"unknown","visits":1,"unnamed":false}},{"type":"Feature","geometry":{"type":"Point","coordinates":[-79.39729,43.6484]},"properties":{"id":"b6cec648-235f-5fe3-b759-8992d0b30891","slug":null,"name":"The Burger's Priest","city":null,"citySlug":null,"cc":null,"kind":"unknown","status":"unknown","visits":1,"unnamed":false}},{"type":"Feature","geometry":{"type":"Point","coordinates":[-6.26611,53.33452]},"properties":{"id":"75b816fd-ec94-56bd-ada7-ee3adad2ae3a","slug":null,"name":"The Cake Cafe","city":null,"citySlug":null,"cc":null,"kind":"unknown","status":"unknown","visits":1,"unnamed":false}},{"type":"Feature","geometry":{"type":"Point","coordinates":[-122.32821,47.61477]},"properties":{"id":"f9b02b4f-aa73-56ce-9245-89b2481f464f","slug":null,"name":"The Calf & Kid","city":null,"citySlug":null,"cc":null,"kind":"unknown","status":"unknown","visits":1,"unnamed":false}},{"type":"Feature","geometry":{"type":"Point","coordinates":[-73.97782,40.75261]},"properties":{"id":"a0d1cc52-44ae-5148-b434-192d13a73f98","slug":null,"name":"The Campbell","city":null,"citySlug":null,"cc":null,"kind":"food","status":"unknown","visits":1,"unnamed":false}},{"type":"Feature","geometry":{"type":"Point","coordinates":[-122.43476,37.76203]},"properties":{"id":"94836737-5ddc-56ab-80cb-522a51de5a5b","slug":null,"name":"The Castro Theatre","city":null,"citySlug":null,"cc":null,"kind":"unknown","status":"unknown","visits":1,"unnamed":false}},{"type":"Feature","geometry":{"type":"Point","coordinates":[-86.7941,36.15128]},"properties":{"id":"7262f61b-d910-56af-8e16-7a13d00d9417","slug":null,"name":"The Catbird Seat","city":null,"citySlug":null,"cc":null,"kind":"unknown","status":"unknown","visits":1,"unnamed":false}},{"type":"Feature","geometry":{"type":"Point","coordinates":[5.38541,43.29371]},"properties":{"id":"097776b5-9f5f-5dc8-b33e-84ed8bba0474","slug":null,"name":"The Champ De Mars","city":null,"citySlug":null,"cc":null,"kind":"unknown","status":"unknown","visits":1,"unnamed":false}},{"type":"Feature","geometry":{"type":"Point","coordinates":[-6.2341,53.33701]},"properties":{"id":"110fc0a3-2a5c-57d3-95d7-48452de90575","slug":null,"name":"The Chophouse","city":null,"citySlug":null,"cc":null,"kind":"unknown","status":"unknown","visits":1,"unnamed":false}},{"type":"Feature","geometry":{"type":"Point","coordinates":[-72.95307,-41.45694]},"properties":{"id":"8733c398-5ecb-5882-bbc4-fd8b4c2fb9f2","slug":null,"name":"The Cliff Preserve","city":null,"citySlug":null,"cc":null,"kind":"lodging","status":"unknown","visits":1,"unnamed":false}},{"type":"Feature","geometry":{"type":"Point","coordinates":[-6.27785,53.34981]},"properties":{"id":"b615fc97-3614-54b1-a4e9-19848fc5bb68","slug":null,"name":"The Cobblestone","city":null,"citySlug":null,"cc":null,"kind":"unknown","status":"unknown","visits":1,"unnamed":false}},{"type":"Feature","geometry":{"type":"Point","coordinates":[-0.14137,51.51676]},"properties":{"id":"f5b7df7e-f740-50b2-8586-bf5ee0c604a6","slug":null,"name":"The Cock Tavern","city":null,"citySlug":null,"cc":null,"kind":"food","status":"unknown","visits":1,"unnamed":false}},{"type":"Feature","geometry":{"type":"Point","coordinates":[-81.68757,37.302]},"properties":{"id":"17d3909a-877d-56c9-b690-c7b592896b04","slug":null,"name":"The Coffee Shop","city":null,"citySlug":null,"cc":null,"kind":"unknown","status":"unknown","visits":1,"unnamed":false}},{"type":"Feature","geometry":{"type":"Point","coordinates":[-75.17664,39.9532]},"properties":{"id":"fd72affc-d7cc-5dfa-b1d3-e3929ad9530a","slug":null,"name":"The College of Physicians of Philadelphia","city":null,"citySlug":null,"cc":null,"kind":"unknown","status":"unknown","visits":1,"unnamed":false}},{"type":"Feature","geometry":{"type":"Point","coordinates":[-84.361,33.80925]},"properties":{"id":"5dfef2a6-552a-51b3-b697-79e58d677bae","slug":null,"name":"The Colonnade","city":null,"citySlug":null,"cc":null,"kind":"unknown","status":"unknown","visits":1,"unnamed":false}},{"type":"Feature","geometry":{"type":"Point","coordinates":[-0.13249,51.51383]},"properties":{"id":"83d2b993-ae3a-5d76-af94-7fe01b32a554","slug":null,"name":"The Crown & Two Chairmen","city":null,"citySlug":null,"cc":null,"kind":"unknown","status":"unknown","visits":1,"unnamed":false}},{"type":"Feature","geometry":{"type":"Point","coordinates":[-5.93409,54.59468]},"properties":{"id":"70b4c122-d7f2-5dd1-b2cd-0127d0a830e3","slug":null,"name":"The Crown Liquor Saloon","city":null,"citySlug":null,"cc":null,"kind":"food","status":"unknown","visits":1,"unnamed":false}},{"type":"Feature","geometry":{"type":"Point","coordinates":[-73.93335,41.74569]},"properties":{"id":"cda16428-6b27-5e52-b6a7-bbcf0a2f4667","slug":null,"name":"The Culinary Institute of America","city":null,"citySlug":null,"cc":null,"kind":"activity","status":"unknown","visits":2,"unnamed":false}},{"type":"Feature","geometry":{"type":"Point","coordinates":[-79.4207,43.64974]},"properties":{"id":"913a09e0-2974-558f-a10d-430137d68fb7","slug":null,"name":"The Dakota Tavern","city":null,"citySlug":null,"cc":null,"kind":"unknown","status":"unknown","visits":1,"unnamed":false}},{"type":"Feature","geometry":{"type":"Point","coordinates":[-6.25003,53.34167]},"properties":{"id":"3831668c-9102-5a1c-8f4c-4b14529a55a7","slug":null,"name":"The Davenport Hotel","city":null,"citySlug":null,"cc":null,"kind":"unknown","status":"unknown","visits":1,"unnamed":false}},{"type":"Feature","geometry":{"type":"Point","coordinates":[127.69181,26.22006]},"properties":{"id":"b8294dff-9db0-50c2-9239-df1e30da9d8c","slug":null,"name":"The DOJO bar","city":null,"citySlug":null,"cc":null,"kind":"unknown","status":"unknown","visits":1,"unnamed":false}},{"type":"Feature","geometry":{"type":"Point","coordinates":[-79.4246,43.64319]},"properties":{"id":"668b24e2-dda1-502c-969e-7709e4dc74a2","slug":null,"name":"The Drake Hotel","city":null,"citySlug":null,"cc":null,"kind":"unknown","status":"unknown","visits":1,"unnamed":false}},{"type":"Feature","geometry":{"type":"Point","coordinates":[79.85909,6.89705]},"properties":{"id":"339cd62d-409b-5112-88f9-0617f78d389e","slug":null,"name":"The Dutch Burgher Union of Ceylon","city":null,"citySlug":null,"cc":null,"kind":"food","status":"unknown","visits":1,"unnamed":false}},{"type":"Feature","geometry":{"type":"Point","coordinates":[-84.34592,33.74098]},"properties":{"id":"6ec99fbc-51d0-59cf-90ce-d173d8971ac9","slug":null,"name":"The EARL","city":null,"citySlug":null,"cc":null,"kind":"unknown","status":"unknown","visits":1,"unnamed":false}},{"type":"Feature","geometry":{"type":"Point","coordinates":[-122.35242,47.61256]},"properties":{"id":"d604da48-60cb-5ead-bcb2-7baf7b414f42","slug":null,"name":"The Edgewater Hotel","city":null,"citySlug":null,"cc":null,"kind":"unknown","status":"unknown","visits":1,"unnamed":false}},{"type":"Feature","geometry":{"type":"Point","coordinates":[-79.4142,43.77331]},"properties":{"id":"83efb747-3c97-550c-b6d0-b2e75a8aa6c7","slug":null,"name":"The Famous Owl of Minerva","city":null,"citySlug":null,"cc":null,"kind":"unknown","status":"unknown","visits":1,"unnamed":false}},{"type":"Feature","geometry":{"type":"Point","coordinates":[-0.75579,43.74997]},"properties":{"id":"39b06481-f97f-55e5-b772-dda9eda617ff","slug":null,"name":"The Foie Gras Farm","city":null,"citySlug":null,"cc":null,"kind":"unknown","status":"unknown","visits":1,"unnamed":false}},{"type":"Feature","geometry":{"type":"Point","coordinates":[-6.13365,53.29414]},"properties":{"id":"c1d8c953-822b-56bf-9781-7bad49b4332e","slug":null,"name":"The Forty Foot","city":null,"citySlug":null,"cc":null,"kind":"unknown","status":"unknown","visits":1,"unnamed":false}},{"type":"Feature","geometry":{"type":"Point","coordinates":[-122.36497,38.40444]},"properties":{"id":"20fb398b-5d59-53d9-ba5c-3095af59fae7","slug":null,"name":"The French Laundry","city":null,"citySlug":null,"cc":null,"kind":"food","status":"unknown","visits":2,"unnamed":false}},{"type":"Feature","geometry":{"type":"Point","coordinates":[103.85307,1.28635]},"properties":{"id":"362a95e9-5e55-51cd-aec8-a34ef17ccb26","slug":null,"name":"The Fullerton Hotel Singapore","city":null,"citySlug":null,"cc":null,"kind":"unknown","status":"unknown","visits":1,"unnamed":false}},{"type":"Feature","geometry":{"type":"Point","coordinates":[40.73145,-15.0351]},"properties":{"id":"0ad95000-84bf-538e-83b4-1a5ee44f004d","slug":null,"name":"The Garden Of Memory","city":null,"citySlug":null,"cc":null,"kind":"sight","status":"unknown","visits":1,"unnamed":false}},{"type":"Feature","geometry":{"type":"Point","coordinates":[-84.38435,33.77266]},"properties":{"id":"d993a574-e542-5b52-ae5a-d7f3d67af776","slug":null,"name":"The Georgian Terrace","city":null,"citySlug":null,"cc":null,"kind":"unknown","status":"unknown","visits":1,"unnamed":false}},{"type":"Feature","geometry":{"type":"Point","coordinates":[-87.6599,41.9692]},"properties":{"id":"729dac0c-0f9f-56af-bd17-984b84624b6a","slug":null,"name":"The Green Mill","city":null,"citySlug":null,"cc":null,"kind":"unknown","status":"unknown","visits":1,"unnamed":false}},{"type":"Feature","geometry":{"type":"Point","coordinates":[-79.92618,32.77902]},"properties":{"id":"5c65c364-d425-5d62-b73a-dc45bea59f47","slug":null,"name":"The Griffon","city":null,"citySlug":null,"cc":null,"kind":"unknown","status":"unknown","visits":1,"unnamed":false}},{"type":"Feature","geometry":{"type":"Point","coordinates":[-90.05111,29.96604]},"properties":{"id":"a26bc5a6-3776-565b-81f4-2d1500d4d104","slug":null,"name":"The Harbor","city":null,"citySlug":null,"cc":null,"kind":"unknown","status":"closed","visits":1,"unnamed":false}},{"type":"Feature","geometry":{"type":"Point","coordinates":[-122.68107,45.51722]},"properties":{"id":"ac171819-164b-5136-9f3e-6e3730f62cb7","slug":null,"name":"The Heathman Hotel","city":null,"citySlug":null,"cc":null,"kind":"lodging","status":"unknown","visits":1,"unnamed":false}},{"type":"Feature","geometry":{"type":"Point","coordinates":[-83.02084,42.35867]},"properties":{"id":"28ccd760-36f7-594a-af42-8ad5617d5628","slug":null,"name":"The Heidelberg Project","city":null,"citySlug":null,"cc":null,"kind":"unknown","status":"unknown","visits":1,"unnamed":false}},{"type":"Feature","geometry":{"type":"Point","coordinates":[-87.66254,41.9138]},"properties":{"id":"f2b9417b-3fd4-52a1-9d2e-1d32ee03b97d","slug":null,"name":"The Hideout","city":null,"citySlug":null,"cc":null,"kind":"unknown","status":"unknown","visits":1,"unnamed":false}},{"type":"Feature","geometry":{"type":"Point","coordinates":[-74.00476,40.74799]},"properties":{"id":"58044b92-2674-5001-9b67-f2c59a688cad","slug":null,"name":"The High Line","city":null,"citySlug":null,"cc":null,"kind":"unknown","status":"unknown","visits":1,"unnamed":false}},{"type":"Feature","geometry":{"type":"Point","coordinates":[-110.56244,45.66153]},"properties":{"id":"0c6eaa44-c762-59ad-a06f-99e1f1a2d9dc","slug":null,"name":"The Historic Murray Hotel","city":null,"citySlug":null,"cc":null,"kind":"lodging","status":"unknown","visits":1,"unnamed":false}},{"type":"Feature","geometry":{"type":"Point","coordinates":[-123.22252,47.26112]},"properties":{"id":"b8c0b428-cf78-57e2-a20d-502bb3a05252","slug":null,"name":"The Hollingsworth Cannabis Company","city":null,"citySlug":null,"cc":null,"kind":"unknown","status":"unknown","visits":1,"unnamed":false}},{"type":"Feature","geometry":{"type":"Point","coordinates":[121.48997,31.24039]},"properties":{"id":"ca85cc03-926d-53f2-9301-37a6d2290ee2","slug":null,"name":"The House of Roosevelt","city":null,"citySlug":null,"cc":null,"kind":"unknown","status":"unknown","visits":1,"unnamed":false}},{"type":"Feature","geometry":{"type":"Point","coordinates":[-0.08354,51.54593]},"properties":{"id":"6c91e8fe-76a5-5858-9861-70e364362f12","slug":null,"name":"The Hunter S","city":null,"citySlug":null,"cc":null,"kind":"unknown","status":"unknown","visits":1,"unnamed":false}},{"type":"Feature","geometry":{"type":"Point","coordinates":[-8.47328,51.89733]},"properties":{"id":"769cf859-41cd-5916-ba74-1f1129e4e25c","slug":null,"name":"The Ivory Tower","city":null,"citySlug":null,"cc":null,"kind":"food","status":"unknown","visits":1,"unnamed":false}},{"type":"Feature","geometry":{"type":"Point","coordinates":[100.33932,5.41304]},"properties":{"id":"43880ade-2263-5d26-8dac-643e4a92f9bc","slug":null,"name":"The Jetty Food Court","city":null,"citySlug":null,"cc":null,"kind":"food","status":"unknown","visits":1,"unnamed":false}},{"type":"Feature","geometry":{"type":"Point","coordinates":[-118.24759,34.04628]},"properties":{"id":"4497efe1-5d07-56ce-a6d5-b7fbe9f3fd1a","slug":null,"name":"The King Eddy","city":null,"citySlug":null,"cc":null,"kind":"unknown","status":"unknown","visits":1,"unnamed":false}},{"type":"Feature","geometry":{"type":"Point","coordinates":[-3.17272,55.97694]},"properties":{"id":"07d05b08-a2c3-5b3b-8244-1c12fbf2dfa2","slug":null,"name":"The Kitchin","city":null,"citySlug":null,"cc":null,"kind":"food","status":"unknown","visits":1,"unnamed":false}},{"type":"Feature","geometry":{"type":"Point","coordinates":[4.83121,43.78758]},"properties":{"id":"4ddbc170-d075-5e74-aafa-adc057d5f608","slug":null,"name":"The Little Duke","city":null,"citySlug":null,"cc":null,"kind":"food","status":"unknown","visits":1,"unnamed":false}},{"type":"Feature","geometry":{"type":"Point","coordinates":[-84.37265,33.7461]},"properties":{"id":"faf443c5-94bc-5873-85b4-93686af6cff7","slug":null,"name":"The Little Tart Bakeshop","city":null,"citySlug":null,"cc":null,"kind":"unknown","status":"unknown","visits":1,"unnamed":false}},{"type":"Feature","geometry":{"type":"Point","coordinates":[175.00014,-36.79219]},"properties":{"id":"ce671be4-512b-57c1-9d30-bfcbd9823e31","slug":null,"name":"The Lodge at Mudbrick","city":null,"citySlug":null,"cc":null,"kind":"lodging","status":"unknown","visits":1,"unnamed":false}},{"type":"Feature","geometry":{"type":"Point","coordinates":[30.35571,59.92191]},"properties":{"id":"5b5a5feb-7b37-5462-b889-06e3125ca99d","slug":null,"name":"The Loft Club","city":null,"citySlug":null,"cc":null,"kind":"unknown","status":"closed","visits":1,"unnamed":false}},{"type":"Feature","geometry":{"type":"Point","coordinates":[-6.2653,53.34185]},"properties":{"id":"948d2557-d335-55c8-b970-7d4e35f784a4","slug":null,"name":"The Long Hall","city":null,"citySlug":null,"cc":null,"kind":"unknown","status":"unknown","visits":1,"unnamed":false}},{"type":"Feature","geometry":{"type":"Point","coordinates":[106.70437,10.79167]},"properties":{"id":"2e9f191d-e9c8-5f00-b3c9-c7d73c453ffe","slug":null,"name":"The Lunch Lady (Nguyen Thi Thanh)","city":null,"citySlug":null,"cc":null,"kind":"food","status":"unknown","visits":1,"unnamed":false}},{"type":"Feature","geometry":{"type":"Point","coordinates":[-73.97447,40.78375]},"properties":{"id":"be9740a9-3190-52cd-b4ac-f031c98e573f","slug":null,"name":"The Milling Room","city":null,"citySlug":null,"cc":null,"kind":"unknown","status":"unknown","visits":1,"unnamed":false}},{"type":"Feature","geometry":{"type":"Point","coordinates":[37.6175,55.75202]},"properties":{"id":"73ec11d1-74a2-5eaa-bfc1-e942a1565e9f","slug":null,"name":"The Moscow Kremlin","city":null,"citySlug":null,"cc":null,"kind":"unknown","status":"unknown","visits":1,"unnamed":false}},{"type":"Feature","geometry":{"type":"Point","coordinates":[-87.68787,41.92584]},"properties":{"id":"c21c99b1-74b8-5de7-9fb1-1506df20f3a9","slug":null,"name":"The Mutiny","city":null,"citySlug":null,"cc":null,"kind":"unknown","status":"unknown","visits":1,"unnamed":false}},{"type":"Feature","geometry":{"type":"Point","coordinates":[25.3746,37.10338]},"properties":{"id":"b74d49c3-a26e-5543-9225-5150250974aa","slug":null,"name":"The Ocean Club","city":null,"citySlug":null,"cc":null,"kind":"unknown","status":"unknown","visits":1,"unnamed":false}},{"type":"Feature","geometry":{"type":"Point","coordinates":[-110.73406,45.3693]},"properties":{"id":"5c8a1414-e6c9-571b-b6d0-8f5f6a832220","slug":null,"name":"The Old Saloon","city":null,"citySlug":null,"cc":null,"kind":"food","status":"unknown","visits":1,"unnamed":false}},{"type":"Feature","geometry":{"type":"Point","coordinates":[133.77514,-25.2744]},"properties":{"id":"48beffde-6e94-5219-b1e7-30cdcb18efc3","slug":null,"name":"The Outback","city":null,"citySlug":null,"cc":null,"kind":"unknown","status":"unknown","visits":1,"unnamed":false}},{"type":"Feature","geometry":{"type":"Point","coordinates":[-3.2047,55.953]},"properties":{"id":"2ff71545-0298-54f7-aef1-f3a8c9238b5a","slug":null,"name":"The Oxford Bar","city":null,"citySlug":null,"cc":null,"kind":"food","status":"unknown","visits":1,"unnamed":false}},{"type":"Feature","geometry":{"type":"Point","coordinates":[-6.25961,53.34589]},"properties":{"id":"97262315-c6cf-5549-b0bd-9283e3d72fa7","slug":null,"name":"The Palace Bar","city":null,"citySlug":null,"cc":null,"kind":"unknown","status":"unknown","visits":1,"unnamed":false}},{"type":"Feature","geometry":{"type":"Point","coordinates":[-86.79408,36.15128]},"properties":{"id":"520c94e8-55df-5915-9241-284edc052a1e","slug":null,"name":"The Patterson House","city":null,"citySlug":null,"cc":null,"kind":"unknown","status":"unknown","visits":1,"unnamed":false}},{"type":"Feature","geometry":{"type":"Point","coordinates":[-78.64473,35.77588]},"properties":{"id":"aa797995-b53b-56a0-994b-22d42677dbc1","slug":null,"name":"The Pit Authentic Barbecue","city":null,"citySlug":null,"cc":null,"kind":"unknown","status":"unknown","visits":1,"unnamed":false}},{"type":"Feature","geometry":{"type":"Point","coordinates":[-96.21024,28.70547]},"properties":{"id":"fd58a97a-e469-50a0-84b0-bdd5f5cfa750","slug":null,"name":"The Point","city":null,"citySlug":null,"cc":null,"kind":"unknown","status":"unknown","visits":1,"unnamed":false}},{"type":"Feature","geometry":{"type":"Point","coordinates":[-84.34968,33.76517]},"properties":{"id":"a92c023c-7d35-5ec6-a4c3-ae78269d704b","slug":null,"name":"The Porter Beer Bar","city":null,"citySlug":null,"cc":null,"kind":"unknown","status":"unknown","visits":1,"unnamed":false}},{"type":"Feature","geometry":{"type":"Point","coordinates":[-118.29525,34.05962]},"properties":{"id":"52e3632c-b694-5324-9fc6-4fcfc54ec458","slug":null,"name":"The Prince","city":null,"citySlug":null,"cc":null,"kind":"unknown","status":"unknown","visits":1,"unnamed":false}},{"type":"Feature","geometry":{"type":"Point","coordinates":[-87.649,41.88657]},"properties":{"id":"5b8bf350-840b-5d82-9c68-bc741e4056ef","slug":null,"name":"The Publican","city":null,"citySlug":null,"cc":null,"kind":"unknown","status":"unknown","visits":1,"unnamed":false}},{"type":"Feature","geometry":{"type":"Point","coordinates":[-80.12909,25.79366]},"properties":{"id":"68f7235c-5afe-58d2-b294-4c4045bf655c","slug":null,"name":"The Raleigh Hotel","city":null,"citySlug":null,"cc":null,"kind":"lodging","status":"unknown","visits":2,"unnamed":false}},{"type":"Feature","geometry":{"type":"Point","coordinates":[-79.38716,43.64548]},"properties":{"id":"cd0a83a2-350a-5984-bd4b-fa8065a22a24","slug":null,"name":"The Residences","city":null,"citySlug":null,"cc":null,"kind":"unknown","status":"unknown","visits":1,"unnamed":false}},{"type":"Feature","geometry":{"type":"Point","coordinates":[151.23745,-33.88483]},"properties":{"id":"9221a964-9590-56bb-8101-255cc00341ea","slug":null,"name":"The Restaurant at Lord Dudley","city":null,"citySlug":null,"cc":null,"kind":"food","status":"unknown","visits":1,"unnamed":false}},{"type":"Feature","geometry":{"type":"Point","coordinates":[-75.17326,39.94983]},"properties":{"id":"0f573e1e-b0cf-5b36-a788-cb8ecc2241e3","slug":null,"name":"The Rittenhouse Hotel","city":null,"citySlug":null,"cc":null,"kind":"unknown","status":"unknown","visits":1,"unnamed":false}},{"type":"Feature","geometry":{"type":"Point","coordinates":[-90.07102,29.95489]},"properties":{"id":"800d75cf-2d1d-572e-97b1-1611fddebe7f","slug":null,"name":"The Ritz-Carlton, New Orleans","city":null,"citySlug":null,"cc":null,"kind":"unknown","status":"unknown","visits":1,"unnamed":false}},{"type":"Feature","geometry":{"type":"Point","coordinates":[-80.19347,25.76749]},"properties":{"id":"664afebd-4948-5e12-ab96-a6fb5c496a02","slug":null,"name":"The River Seafood Oyster Bar","city":null,"citySlug":null,"cc":null,"kind":"unknown","status":"unknown","visits":1,"unnamed":false}},{"type":"Feature","geometry":{"type":"Point","coordinates":[-80.16417,25.88881]},"properties":{"id":"a75a69c5-aabb-5e0a-bec8-8008e109aa94","slug":null,"name":"The Room Café And Bar","city":null,"citySlug":null,"cc":null,"kind":"unknown","status":"unknown","visits":1,"unnamed":false}},{"type":"Feature","geometry":{"type":"Point","coordinates":[-76.68587,39.34508]},"properties":{"id":"824c80a1-e3c4-56ce-8f3a-dfa776f64838","slug":null,"name":"The Roost","city":null,"citySlug":null,"cc":null,"kind":"food","status":"unknown","visits":1,"unnamed":false}},{"type":"Feature","geometry":{"type":"Point","coordinates":[-73.99644,40.74406]},"properties":{"id":"1ecdb654-a376-5290-af61-8218553a2260","slug":null,"name":"The Rub BBQ","city":null,"citySlug":null,"cc":null,"kind":"food","status":"closed","visits":1,"unnamed":false}},{"type":"Feature","geometry":{"type":"Point","coordinates":[-90.0721,29.95432]},"properties":{"id":"c63a546a-81ef-531f-bae5-3be09a410c79","slug":null,"name":"The Sazerac Bar","city":null,"citySlug":null,"cc":null,"kind":"unknown","status":"unknown","visits":1,"unnamed":false}},{"type":"Feature","geometry":{"type":"Point","coordinates":[-87.635,41.91161]},"properties":{"id":"8cfecd17-3b8b-5236-97e1-e044730f5392","slug":null,"name":"The Second City","city":null,"citySlug":null,"cc":null,"kind":"unknown","status":"unknown","visits":1,"unnamed":false}},{"type":"Feature","geometry":{"type":"Point","coordinates":[-90.71734,33.72962]},"properties":{"id":"8a013368-dc09-5ce7-a3eb-d401693319ce","slug":null,"name":"The Senator's Place","city":null,"citySlug":null,"cc":null,"kind":"unknown","status":"unknown","visits":1,"unnamed":false}},{"type":"Feature","geometry":{"type":"Point","coordinates":[-74.00666,40.73559]},"properties":{"id":"10d6a49e-4509-5b6c-b2f9-176cab1d178f","slug":null,"name":"The Spotted Pig","city":null,"citySlug":null,"cc":null,"kind":"food","status":"unknown","visits":1,"unnamed":false}},{"type":"Feature","geometry":{"type":"Point","coordinates":[37.62086,55.74139]},"properties":{"id":"2aea703d-7c01-5fe1-9e95-d60a1ebed1b0","slug":null,"name":"The State Tretyakov Gallery","city":null,"citySlug":null,"cc":null,"kind":"market","status":"unknown","visits":1,"unnamed":false}},{"type":"Feature","geometry":{"type":"Point","coordinates":[67.6929,40.07124]},"properties":{"id":"e0ba631b-1635-578e-960e-244ec301b140","slug":null,"name":"The Tamerlane's Gates","city":null,"citySlug":null,"cc":null,"kind":"sight","status":"unknown","visits":1,"unnamed":false}},{"type":"Feature","geometry":{"type":"Point","coordinates":[-4.29769,55.87204]},"properties":{"id":"38880da0-cb0c-54ba-9365-11340401a51f","slug":null,"name":"The University Cafe","city":null,"citySlug":null,"cc":null,"kind":"unknown","status":"unknown","visits":2,"unnamed":false}},{"type":"Feature","geometry":{"type":"Point","coordinates":[-118.24952,34.04479]},"properties":{"id":"f51df9f1-77ea-5539-b814-2312dee25019","slug":null,"name":"The Varnish","city":null,"citySlug":null,"cc":null,"kind":"unknown","status":"unknown","visits":1,"unnamed":false}},{"type":"Feature","geometry":{"type":"Point","coordinates":[-122.38022,47.66353]},"properties":{"id":"5a99dc60-0f6a-53c8-87db-49d8303dac52","slug":null,"name":"The Walrus and the Carpenter","city":null,"citySlug":null,"cc":null,"kind":"unknown","status":"unknown","visits":1,"unnamed":false}},{"type":"Feature","geometry":{"type":"Point","coordinates":[-6.22587,53.32673]},"properties":{"id":"ad6af49e-0c0e-57d5-8e63-690684acf825","slug":null,"name":"The Whiskey Bar","city":null,"citySlug":null,"cc":null,"kind":"unknown","status":"unknown","visits":1,"unnamed":false}},{"type":"Feature","geometry":{"type":"Point","coordinates":[28.06764,-26.18147]},"properties":{"id":"ca3602da-b6e7-5908-a41f-c00bc66d023e","slug":null,"name":"The Yeoville Dinner Club","city":null,"citySlug":null,"cc":null,"kind":"unknown","status":"unknown","visits":1,"unnamed":false}},{"type":"Feature","geometry":{"type":"Point","coordinates":[-86.77798,36.1522]},"properties":{"id":"0f5bc73a-3f05-500b-9888-96c5c20a48f2","slug":null,"name":"Third Man Records","city":null,"citySlug":null,"cc":null,"kind":"unknown","status":"unknown","visits":1,"unnamed":false}},{"type":"Feature","geometry":{"type":"Point","coordinates":[-79.40157,43.65452]},"properties":{"id":"d02ca623-ed37-57f6-a739-ab9503162191","slug":null,"name":"Thirsty and Miserable","city":null,"citySlug":null,"cc":null,"kind":"unknown","status":"unknown","visits":1,"unnamed":false}},{"type":"Feature","geometry":{"type":"Point","coordinates":[4.89231,52.37428]},"properties":{"id":"f6f7e45b-7efe-53a5-97b2-3fc0afbfb13d","slug":null,"name":"Three Little Bottles","city":null,"citySlug":null,"cc":null,"kind":"unknown","status":"unknown","visits":1,"unnamed":false}},{"type":"Feature","geometry":{"type":"Point","coordinates":[-90.05787,29.96327]},"properties":{"id":"2f98c13d-c9c9-51ba-8641-bef0c45f6035","slug":null,"name":"Three Muses","city":null,"citySlug":null,"cc":null,"kind":"unknown","status":"unknown","visits":1,"unnamed":false}},{"type":"Feature","geometry":{"type":"Point","coordinates":[103.85094,1.28203]},"properties":{"id":"a46a7b78-9322-5bcc-a54c-33b40ef899dc","slug":null,"name":"Tian Jin Hai Seafood International Pte. Ltd.","city":null,"citySlug":null,"cc":null,"kind":"food","status":"unknown","visits":1,"unnamed":false}},{"type":"Feature","geometry":{"type":"Point","coordinates":[103.84483,1.2805]},"properties":{"id":"c46642f2-cb44-5bc5-a762-2f67402d0175","slug":null,"name":"Tian Tian Hainanese Chicken Rice","city":null,"citySlug":null,"cc":null,"kind":"food","status":"unknown","visits":1,"unnamed":false}},{"type":"Feature","geometry":{"type":"Point","coordinates":[116.39763,39.90549]},"properties":{"id":"e28a228e-af27-5bff-a41c-50d84e479523","slug":null,"name":"Tiananmen Square","city":null,"citySlug":null,"cc":null,"kind":"sight","status":"unknown","visits":1,"unnamed":false}},{"type":"Feature","geometry":{"type":"Point","coordinates":[104.06517,30.62729]},"properties":{"id":"60e5f1e9-fa36-51db-8f7e-03630752eeb9","slug":null,"name":"Tiantian Restaurant","city":null,"citySlug":null,"cc":null,"kind":"unknown","status":"unknown","visits":1,"unnamed":false}},{"type":"Feature","geometry":{"type":"Point","coordinates":[114.26085,30.58542]},"properties":{"id":"038d5d21-442d-5670-9db3-9b7ac6481699","slug":null,"name":"Tianxia Di Yiwei","city":null,"citySlug":null,"cc":null,"kind":"unknown","status":"unknown","visits":1,"unnamed":false}},{"type":"Feature","geometry":{"type":"Point","coordinates":[2.15685,41.37521]},"properties":{"id":"936da26c-35db-5dbf-ae86-6e3012aceee8","slug":null,"name":"Tickets","city":null,"citySlug":null,"cc":null,"kind":"food","status":"unknown","visits":1,"unnamed":false}},{"type":"Feature","geometry":{"type":"Point","coordinates":[-75.57422,10.37875]},"properties":{"id":"eb466acd-22c7-582d-8841-536436436af0","slug":null,"name":"Tierra Bomba","city":null,"citySlug":null,"cc":null,"kind":"sight","status":"unknown","visits":1,"unnamed":false}},{"type":"Feature","geometry":{"type":"Point","coordinates":[-122.34766,47.61793]},"properties":{"id":"68c5a421-6997-5c39-883b-5b1854eb9737","slug":null,"name":"Tilikum Place Cafe","city":null,"citySlug":null,"cc":null,"kind":"unknown","status":"unknown","visits":1,"unnamed":false}},{"type":"Feature","geometry":{"type":"Point","coordinates":[114.15797,22.28495]},"properties":{"id":"af2ccaf1-9f7b-5340-bbdb-97109cfcbcc4","slug":null,"name":"Tim Ho Wan","city":null,"citySlug":null,"cc":null,"kind":"unknown","status":"unknown","visits":1,"unnamed":false}},{"type":"Feature","geometry":{"type":"Point","coordinates":[103.8326,1.28491]},"properties":{"id":"e2805eac-7a47-5faa-aa7f-8fc03819761c","slug":null,"name":"Tiong Bahru Food Centre","city":null,"citySlug":null,"cc":null,"kind":"unknown","status":"unknown","visits":1,"unnamed":false}},{"type":"Feature","geometry":{"type":"Point","coordinates":[-90.10077,29.91727]},"properties":{"id":"1c1116e3-4e5d-5810-a853-21b468147332","slug":null,"name":"Tipitina's","city":null,"citySlug":null,"cc":null,"kind":"unknown","status":"unknown","visits":1,"unnamed":false}},{"type":"Feature","geometry":{"type":"Point","coordinates":[12.56815,55.67368]},"properties":{"id":"6b25d15b-be22-55c1-bb4a-5c154aea5f8a","slug":null,"name":"Tivoli Gardens","city":null,"citySlug":null,"cc":null,"kind":"unknown","status":"unknown","visits":1,"unnamed":false}},{"type":"Feature","geometry":{"type":"Point","coordinates":[-122.46036,37.78097]},"properties":{"id":"5c287a31-9f55-5e6f-9b01-7e0681b786ea","slug":null,"name":"To Hyang","city":null,"citySlug":null,"cc":null,"kind":"unknown","status":"unknown","visits":1,"unnamed":false}},{"type":"Feature","geometry":{"type":"Point","coordinates":[76.33571,9.45051]},"properties":{"id":"5850eff3-1cb7-50f9-a068-63aa12886a2c","slug":null,"name":"Toddy Shop","city":null,"citySlug":null,"cc":null,"kind":"food","status":"unknown","visits":1,"unnamed":false}},{"type":"Feature","geometry":{"type":"Point","coordinates":[36.78019,-1.30726]},"properties":{"id":"e0f93f5a-381e-5f62-894a-d71c6ad0ee13","slug":null,"name":"Toi Main Market","city":null,"citySlug":null,"cc":null,"kind":"unknown","status":"unknown","visits":1,"unnamed":false}},{"type":"Feature","geometry":{"type":"Point","coordinates":[-123.12978,49.26369]},"properties":{"id":"90b7911e-741b-587c-91f0-26fbeb875220","slug":null,"name":"Tojo's Restaurant","city":null,"citySlug":null,"cc":null,"kind":"food","status":"unknown","visits":1,"unnamed":false}},{"type":"Feature","geometry":{"type":"Point","coordinates":[-84.56429,33.67112]},"properties":{"id":"0736c547-d6b3-51b3-843f-a3fdfe1a7c83","slug":null,"name":"Tom Lowe Trap, Skeet, And Sporting Clays Range","city":null,"citySlug":null,"cc":null,"kind":"unknown","status":"unknown","visits":1,"unnamed":false}},{"type":"Feature","geometry":{"type":"Point","coordinates":[-87.69208,41.8067]},"properties":{"id":"5320fb78-befe-543d-8cb0-0d95fdd2df5f","slug":null,"name":"Tom Tom Tamale","city":null,"citySlug":null,"cc":null,"kind":"activity","status":"unknown","visits":1,"unnamed":false}},{"type":"Feature","geometry":{"type":"Point","coordinates":[-122.40998,37.79214]},"properties":{"id":"1fe71a83-d413-5993-96ae-cdbf7f49e17f","slug":null,"name":"Tonga Room & Hurricane Bar","city":null,"citySlug":null,"cc":null,"kind":"unknown","status":"unknown","visits":1,"unnamed":false}},{"type":"Feature","geometry":{"type":"Point","coordinates":[-75.11393,39.95286]},"properties":{"id":"e93596ef-b25a-54e1-80e4-b19c0673ed27","slug":null,"name":"Tony & Ruth Steaks","city":null,"citySlug":null,"cc":null,"kind":"unknown","status":"unknown","visits":1,"unnamed":false}},{"type":"Feature","geometry":{"type":"Point","coordinates":[-74.44583,39.35469]},"properties":{"id":"6cbe1623-a6a6-5061-b314-e712718c930e","slug":null,"name":"Tony's Baltimore Grill","city":null,"citySlug":null,"cc":null,"kind":"unknown","status":"unknown","visits":1,"unnamed":false}},{"type":"Feature","geometry":{"type":"Point","coordinates":[13.73695,45.13053]},"properties":{"id":"11fe218c-2f78-5865-9d2d-618cbbec3c78","slug":null,"name":"Tonys oyster shack","city":null,"citySlug":null,"cc":null,"kind":"food","status":"unknown","visits":1,"unnamed":false}},{"type":"Feature","geometry":{"type":"Point","coordinates":[14.49581,-23.00783]},"properties":{"id":"d2762a22-7c8b-531b-911c-9ad71a697e13","slug":null,"name":"Topnaars Trail","city":null,"citySlug":null,"cc":null,"kind":"sight","status":"unknown","visits":1,"unnamed":false}},{"type":"Feature","geometry":{"type":"Point","coordinates":[-87.63483,41.90967]},"properties":{"id":"076221de-48c9-5dce-bbe5-f432ee0341b7","slug":null,"name":"Topo Gigio Ristorante","city":null,"citySlug":null,"cc":null,"kind":"unknown","status":"unknown","visits":1,"unnamed":false}},{"type":"Feature","geometry":{"type":"Point","coordinates":[139.70419,35.60534]},"properties":{"id":"741cb586-7375-5ff3-91ca-a7016c5a1d58","slug":null,"name":"Toriki","city":null,"citySlug":null,"cc":null,"kind":"food","status":"unknown","visits":1,"unnamed":false}},{"type":"Feature","geometry":{"type":"Point","coordinates":[-122.43118,37.77185]},"properties":{"id":"3d90028a-4782-58d1-bf9b-a3a3e6ef27e8","slug":null,"name":"Toronado","city":null,"citySlug":null,"cc":null,"kind":"unknown","status":"unknown","visits":1,"unnamed":false}},{"type":"Feature","geometry":{"type":"Point","coordinates":[-73.99566,40.7231]},"properties":{"id":"ccc3faa8-7988-58c3-ab41-9c8b9698385e","slug":null,"name":"Torrisi","city":null,"citySlug":null,"cc":null,"kind":"food","status":"unknown","visits":1,"unnamed":false}},{"type":"Feature","geometry":{"type":"Point","coordinates":[139.71682,35.72627]},"properties":{"id":"1ed7478e-c4be-5dc5-9815-ee048c2eaf71","slug":null,"name":"Toshima City","city":null,"citySlug":null,"cc":null,"kind":"unknown","status":"unknown","visits":1,"unnamed":false}},{"type":"Feature","geometry":{"type":"Point","coordinates":[-79.41288,43.66902]},"properties":{"id":"8e623ee3-8e28-5212-9a81-302eb176eb33","slug":null,"name":"Tosho Knife Arts Inc.","city":null,"citySlug":null,"cc":null,"kind":"unknown","status":"unknown","visits":1,"unnamed":false}},{"type":"Feature","geometry":{"type":"Point","coordinates":[-157.80263,21.28431]},"properties":{"id":"9edf35dd-1196-5d2d-907d-7234fa87cfd4","slug":null,"name":"Town","city":null,"citySlug":null,"cc":null,"kind":"unknown","status":"unknown","visits":1,"unnamed":false}},{"type":"Feature","geometry":{"type":"Point","coordinates":[144.96102,-37.77432]},"properties":{"id":"4680e205-4f13-54e1-83f3-54e17c845a61","slug":null,"name":"Town Hall Kebab","city":null,"citySlug":null,"cc":null,"kind":"food","status":"unknown","visits":1,"unnamed":false}},{"type":"Feature","geometry":{"type":"Point","coordinates":[-94.58494,39.09069]},"properties":{"id":"33d461a4-15ad-557f-ba50-1c1e193e8880","slug":null,"name":"Town Topic Hamburgers Baltimore","city":null,"citySlug":null,"cc":null,"kind":"food","status":"unknown","visits":1,"unnamed":false}},{"type":"Feature","geometry":{"type":"Point","coordinates":[-122.30785,37.83811]},"properties":{"id":"013d0119-f827-5b75-aecd-b5dd63569917","slug":null,"name":"Trader Vic's Emeryville","city":null,"citySlug":null,"cc":null,"kind":"unknown","status":"unknown","visits":1,"unnamed":false}},{"type":"Feature","geometry":{"type":"Point","coordinates":[-74.01149,40.7291]},"properties":{"id":"cbe72bbf-25b5-5be1-ba27-e2b4edc954c5","slug":null,"name":"Trapeze School New York - Pier 40","city":null,"citySlug":null,"cc":null,"kind":"activity","status":"unknown","visits":1,"unnamed":false}},{"type":"Feature","geometry":{"type":"Point","coordinates":[12.57505,41.88382]},"properties":{"id":"26da00b6-c975-5bc5-8adb-8799cb300d7d","slug":null,"name":"Trattoria A Casa Di Rita","city":null,"citySlug":null,"cc":null,"kind":"food","status":"unknown","visits":1,"unnamed":false}},{"type":"Feature","geometry":{"type":"Point","coordinates":[12.41817,45.4851]},"properties":{"id":"1c5e9eca-22f3-5c2c-9614-d4acf74b18eb","slug":null,"name":"Trattoria da Romano","city":null,"citySlug":null,"cc":null,"kind":"food","status":"unknown","visits":1,"unnamed":false}},{"type":"Feature","geometry":{"type":"Point","coordinates":[11.5881,44.2789]},"properties":{"id":"88e4bd9c-c428-58bd-b7fd-abdcb79f7d45","slug":null,"name":"Trattoria Fita","city":null,"citySlug":null,"cc":null,"kind":"food","status":"unknown","visits":1,"unnamed":false}},{"type":"Feature","geometry":{"type":"Point","coordinates":[12.49194,41.865]},"properties":{"id":"bba8eb78-945c-5a0c-9f8b-e352d6a981ce","slug":null,"name":"Trattoria Il Timoniere Roma","city":null,"citySlug":null,"cc":null,"kind":"food","status":"unknown","visits":1,"unnamed":false}},{"type":"Feature","geometry":{"type":"Point","coordinates":[12.50071,41.89303]},"properties":{"id":"aadbedf2-214b-56da-af55-cd6c42a3d526","slug":null,"name":"Trattoria Morgana","city":null,"citySlug":null,"cc":null,"kind":"unknown","status":"unknown","visits":1,"unnamed":false}},{"type":"Feature","geometry":{"type":"Point","coordinates":[13.35848,38.12748]},"properties":{"id":"2b25a5cb-d2c6-53fc-add2-672b3a571463","slug":null,"name":"Trattoria Piccolo Napoli","city":null,"citySlug":null,"cc":null,"kind":"unknown","status":"unknown","visits":1,"unnamed":false}},{"type":"Feature","geometry":{"type":"Point","coordinates":[12.32089,45.43078]},"properties":{"id":"569e9f5c-bfb7-5982-80ed-e4192cafde00","slug":null,"name":"Trattoria San Basilio","city":null,"citySlug":null,"cc":null,"kind":"food","status":"unknown","visits":1,"unnamed":false}},{"type":"Feature","geometry":{"type":"Point","coordinates":[12.46865,41.89729]},"properties":{"id":"c06b3aa9-2c53-5ef5-b661-a808b96a6c14","slug":null,"name":"Trattoria Settimio","city":null,"citySlug":null,"cc":null,"kind":"unknown","status":"unknown","visits":1,"unnamed":false}},{"type":"Feature","geometry":{"type":"Point","coordinates":[12.47802,41.8908]},"properties":{"id":"55b0df7f-7348-5cd7-9276-a9a6a3493fe1","slug":null,"name":"Trattoria Sora Lella","city":null,"citySlug":null,"cc":null,"kind":"unknown","status":"unknown","visits":1,"unnamed":false}},{"type":"Feature","geometry":{"type":"Point","coordinates":[11.73312,44.30779]},"properties":{"id":"5743a1f2-eb02-523a-b7f1-2fd713f6e4f5","slug":null,"name":"Tre Monti Azienda Agricola srl","city":null,"citySlug":null,"cc":null,"kind":"market","status":"unknown","visits":1,"unnamed":false}},{"type":"Feature","geometry":{"type":"Point","coordinates":[-118.32898,34.09949]},"properties":{"id":"f9a13e4f-2ef2-59fa-aa87-5531aa8acf4c","slug":null,"name":"Trejo's Cantina - Hollywood","city":null,"citySlug":null,"cc":null,"kind":"unknown","status":"unknown","visits":1,"unnamed":false}},{"type":"Feature","geometry":{"type":"Point","coordinates":[-76.42382,18.18394]},"properties":{"id":"d1b3cc19-c9c7-5244-9e05-dacc8854e8c4","slug":null,"name":"Trident Hotel","city":null,"citySlug":null,"cc":null,"kind":"unknown","status":"unknown","visits":1,"unnamed":false}},{"type":"Feature","geometry":{"type":"Point","coordinates":[13.19134,32.88721]},"properties":{"id":"8cc9a70e-5d30-536c-bdb3-0ee117d97691","slug":null,"name":"Tripoli","city":null,"citySlug":null,"cc":null,"kind":"unknown","status":"unknown","visits":1,"unnamed":false}},{"type":"Feature","geometry":{"type":"Point","coordinates":[13.17848,32.88662]},"properties":{"id":"6c48fc45-c551-5f1a-bc77-24dec9fb75e5","slug":null,"name":"Tripoli Libia","city":null,"citySlug":null,"cc":null,"kind":"unknown","status":"unknown","visits":1,"unnamed":false}},{"type":"Feature","geometry":{"type":"Point","coordinates":[-0.13135,51.51448]},"properties":{"id":"8eb08b94-cbfb-51b8-9eef-14dfdcfb8ded","slug":null,"name":"Trisha's","city":null,"citySlug":null,"cc":null,"kind":"unknown","status":"unknown","visits":1,"unnamed":false}},{"type":"Feature","geometry":{"type":"Point","coordinates":[3.99194,46.0097]},"properties":{"id":"7f726912-dede-599f-af95-20f95e672638","slug":null,"name":"Troisgros","city":null,"citySlug":null,"cc":null,"kind":"unknown","status":"unknown","visits":1,"unnamed":false}},{"type":"Feature","geometry":{"type":"Point","coordinates":[90.50806,27.50023]},"properties":{"id":"0d85781e-7526-5f5a-bce1-04d0d62bad40","slug":null,"name":"Trongsa","city":null,"citySlug":null,"cc":null,"kind":"unknown","status":"unknown","visits":1,"unnamed":false}},{"type":"Feature","geometry":{"type":"Point","coordinates":[-80.32311,25.73013]},"properties":{"id":"0f7911f9-b246-5531-8880-a3f167c31b99","slug":null,"name":"Tropical Park","city":null,"citySlug":null,"cc":null,"kind":"unknown","status":"unknown","visits":1,"unnamed":false}},{"type":"Feature","geometry":{"type":"Point","coordinates":[144.88663,-37.81697]},"properties":{"id":"ab7169c2-6093-502c-a59a-84580a19b875","slug":null,"name":"Trugo","city":null,"citySlug":null,"cc":null,"kind":"activity","status":"unknown","visits":1,"unnamed":false}},{"type":"Feature","geometry":{"type":"Point","coordinates":[114.15574,22.28173]},"properties":{"id":"7c796c86-cc55-5fd9-ac52-5c3c394c984e","slug":null,"name":"Tsui Wah Restaurant","city":null,"citySlug":null,"cc":null,"kind":"unknown","status":"unknown","visits":1,"unnamed":false}},{"type":"Feature","geometry":{"type":"Point","coordinates":[139.77086,35.66531]},"properties":{"id":"b8954950-03e4-5414-83d8-0f57586e62bb","slug":null,"name":"TSUKIJI FISH MARKET","city":null,"citySlug":null,"cc":null,"kind":"market","status":"unknown","visits":1,"unnamed":false}},{"type":"Feature","geometry":{"type":"Point","coordinates":[114.19932,22.29229]},"properties":{"id":"2da53e36-a5af-5297-9186-8f0f65262a11","slug":null,"name":"Tung Po Kitchen","city":null,"citySlug":null,"cc":null,"kind":"food","status":"unknown","visits":2,"unnamed":false}},{"type":"Feature","geometry":{"type":"Point","coordinates":[-72.53146,42.60188]},"properties":{"id":"3e0964b4-a7ca-587a-b279-6032c28f2dd9","slug":null,"name":"Turners Falls Schuetzen Verein","city":null,"citySlug":null,"cc":null,"kind":"unknown","status":"unknown","visits":1,"unnamed":false}},{"type":"Feature","geometry":{"type":"Point","coordinates":[-74.00037,40.74737]},"properties":{"id":"784b05b9-1754-5641-8919-2deb3a83dec1","slug":null,"name":"Txikito","city":null,"citySlug":null,"cc":null,"kind":"food","status":"unknown","visits":1,"unnamed":false}},{"type":"Feature","geometry":{"type":"Point","coordinates":[5.39744,43.29858]},"properties":{"id":"5d08ebdc-e801-59ce-b79a-e0a31e0d03a9","slug":null,"name":"U Mio Paese","city":null,"citySlug":null,"cc":null,"kind":"unknown","status":"unknown","visits":1,"unnamed":false}},{"type":"Feature","geometry":{"type":"Point","coordinates":[-76.72174,18.05291]},"properties":{"id":"90502523-194e-5afa-a0a3-c4fe94855a3c","slug":null,"name":"UCC Craighton Estates","city":null,"citySlug":null,"cc":null,"kind":"sight","status":"unknown","visits":1,"unnamed":false}},{"type":"Feature","geometry":{"type":"Point","coordinates":[11.15105,42.60832]},"properties":{"id":"fe4c9ab4-5b6d-5687-bf80-6cc101af14f5","slug":null,"name":"Uccellina","city":null,"citySlug":null,"cc":null,"kind":"food","status":"unknown","visits":1,"unnamed":false}},{"type":"Feature","geometry":{"type":"Point","coordinates":[6.77225,51.225]},"properties":{"id":"30cdd607-425f-54a6-957c-fa7a1a5ef59a","slug":null,"name":"Uerige","city":null,"citySlug":null,"cc":null,"kind":"unknown","status":"unknown","visits":1,"unnamed":false}},{"type":"Feature","geometry":{"type":"Point","coordinates":[-78.86853,42.8967]},"properties":{"id":"93ecab3e-1c28-5714-8b58-83baa418aa61","slug":null,"name":"Ulrich's 1868 Tavern","city":null,"citySlug":null,"cc":null,"kind":"food","status":"unknown","visits":1,"unnamed":false}},{"type":"Feature","geometry":{"type":"Point","coordinates":[-6.25861,53.34194]},"properties":{"id":"944dff8e-e042-5231-8c1a-567263eee555","slug":null,"name":"Ulysses Rare Books Ltd","city":null,"citySlug":null,"cc":null,"kind":"unknown","status":"unknown","visits":1,"unnamed":false}},{"type":"Feature","geometry":{"type":"Point","coordinates":[139.66932,35.608]},"properties":{"id":"5bc53db3-6c23-529d-bd5e-2c97f5cb7891","slug":null,"name":"Unagi Hosakaya","city":null,"citySlug":null,"cc":null,"kind":"food","status":"unknown","visits":1,"unnamed":false}},{"type":"Feature","geometry":{"type":"Point","coordinates":[114.18067,22.27992]},"properties":{"id":"aa47837c-0851-520b-b955-16bc8e750586","slug":null,"name":"Under Bridge Spicy Crab","city":null,"citySlug":null,"cc":null,"kind":"food","status":"unknown","visits":1,"unnamed":false}},{"type":"Feature","geometry":{"type":"Point","coordinates":[37.90619,-0.02356]},"properties":{"id":"3ed7fc08-75e6-5d87-8203-a972241d3c72","slug":null,"name":"Unknown small restaurants","city":null,"citySlug":null,"cc":null,"kind":"unknown","status":"unknown","visits":1,"unnamed":false}},{"type":"Feature","geometry":{"type":"Point","coordinates":[-157.86017,21.32223]},"properties":{"id":"d52a7b70-b672-54de-b8c0-5ebe904f23e2","slug":null,"name":"Uptown Fountain","city":null,"citySlug":null,"cc":null,"kind":"food","status":"closed","visits":1,"unnamed":false}},{"type":"Feature","geometry":{"type":"Point","coordinates":[-87.6776,41.90949]},"properties":{"id":"43fe6cc7-9ee9-5485-9a39-ad8df4d26ad3","slug":null,"name":"urbanbelly","city":null,"citySlug":null,"cc":null,"kind":"unknown","status":"unknown","visits":1,"unnamed":false}},{"type":"Feature","geometry":{"type":"Point","coordinates":[16.3653,48.19949]},"properties":{"id":"cda3aa21-99b1-5abc-9710-3c61f9db8984","slug":null,"name":"Urbanek","city":null,"citySlug":null,"cc":null,"kind":"market","status":"unknown","visits":1,"unnamed":false}},{"type":"Feature","geometry":{"type":"Point","coordinates":[2.35426,48.87238]},"properties":{"id":"2914e9b9-24a4-58b6-ad2a-077ed7a060a6","slug":null,"name":"Urfa Durum","city":null,"citySlug":null,"cc":null,"kind":"unknown","status":"unknown","visits":1,"unnamed":false}},{"type":"Feature","geometry":{"type":"Point","coordinates":[127.69649,26.21733]},"properties":{"id":"fc67c884-20cc-54df-a499-82a2703f3e5e","slug":null,"name":"Urizun","city":null,"citySlug":null,"cc":null,"kind":"unknown","status":"unknown","visits":1,"unnamed":false}},{"type":"Feature","geometry":{"type":"Point","coordinates":[-43.20417,-22.98682]},"properties":{"id":"50b2b481-3d9e-5dd1-9844-d8a04d72abff","slug":null,"name":"Uruguay Tent","city":null,"citySlug":null,"cc":null,"kind":"food","status":"unknown","visits":1,"unnamed":false}},{"type":"Feature","geometry":{"type":"Point","coordinates":[102.61432,17.98123]},"properties":{"id":"28503185-0af4-5183-a3fe-45027dc31a95","slug":null,"name":"UXO Lao","city":null,"citySlug":null,"cc":null,"kind":"unknown","status":"unknown","visits":1,"unnamed":false}},{"type":"Feature","geometry":{"type":"Point","coordinates":[2.29808,48.84137]},"properties":{"id":"70ca0ab1-1b64-57c1-9f7d-0fba0d881802","slug":null,"name":"Vadorin Maurice","city":null,"citySlug":null,"cc":null,"kind":"market","status":"unknown","visits":1,"unnamed":false}},{"type":"Feature","geometry":{"type":"Point","coordinates":[-86.26358,12.14194]},"properties":{"id":"3b79607d-5af6-5619-a518-bfd1b5b4912d","slug":null,"name":"Vaho tradicional","city":null,"citySlug":null,"cc":null,"kind":"food","status":"unknown","visits":1,"unnamed":false}},{"type":"Feature","geometry":{"type":"Point","coordinates":[-46.68982,-23.52401]},"properties":{"id":"80ffa8a5-5f1f-5494-af2f-d6ba90540f92","slug":null,"name":"Valadares","city":null,"citySlug":null,"cc":null,"kind":"food","status":"unknown","visits":1,"unnamed":false}},{"type":"Feature","geometry":{"type":"Point","coordinates":[-87.58831,41.79966]},"properties":{"id":"d12ac1d9-74f9-56ba-b979-63a7354f34c3","slug":null,"name":"Valois Restaurant","city":null,"citySlug":null,"cc":null,"kind":"unknown","status":"unknown","visits":1,"unnamed":false}},{"type":"Feature","geometry":{"type":"Point","coordinates":[-123.02633,49.26088]},"properties":{"id":"992d2e3c-a342-5604-a172-17741b4356d1","slug":null,"name":"Vancouver Film Studios","city":null,"citySlug":null,"cc":null,"kind":"activity","status":"unknown","visits":1,"unnamed":false}},{"type":"Feature","geometry":{"type":"Point","coordinates":[-122.48628,47.42291]},"properties":{"id":"d90d16de-e158-542d-ac4e-6a0c9356405b","slug":null,"name":"Vashon Island","city":null,"citySlug":null,"cc":null,"kind":"unknown","status":"unknown","visits":1,"unnamed":false}},{"type":"Feature","geometry":{"type":"Point","coordinates":[-90.03367,29.96194]},"properties":{"id":"64c3abc5-9fb4-5e22-bc0c-f66431703cdb","slug":null,"name":"Vaughan's Lounge","city":null,"citySlug":null,"cc":null,"kind":"unknown","status":"unknown","visits":1,"unnamed":false}},{"type":"Feature","geometry":{"type":"Point","coordinates":[-70.64937,-33.4292]},"properties":{"id":"6858451d-12fc-5093-bbe9-59903bc47b71","slug":null,"name":"Vega Central","city":null,"citySlug":null,"cc":null,"kind":"market","status":"unknown","visits":1,"unnamed":false}},{"type":"Feature","geometry":{"type":"Point","coordinates":[-118.23864,34.06039]},"properties":{"id":"4f10af93-9a5a-56df-a408-4ee3eaf616ab","slug":null,"name":"Velveteria: The Museum of Velvet Art","city":null,"citySlug":null,"cc":null,"kind":"activity","status":"unknown","visits":1,"unnamed":false}},{"type":"Feature","geometry":{"type":"Point","coordinates":[-115.16803,36.12208]},"properties":{"id":"f83015d1-e219-59c6-8d60-3a5b61ed1617","slug":null,"name":"Venetian","city":null,"citySlug":null,"cc":null,"kind":"sight","status":"unknown","visits":1,"unnamed":false}},{"type":"Feature","geometry":{"type":"Point","coordinates":[-48.50375,-1.45237]},"properties":{"id":"f5c3d6a5-1d5b-5e50-b832-7c06d2ea7526","slug":null,"name":"Ver-o-Peso Market","city":null,"citySlug":null,"cc":null,"kind":"market","status":"unknown","visits":1,"unnamed":false}},{"type":"Feature","geometry":{"type":"Point","coordinates":[55.31809,25.25991]},"properties":{"id":"8f993f77-cf9e-5388-839f-f84b78f7d6cd","slug":null,"name":"Verre","city":null,"citySlug":null,"cc":null,"kind":"food","status":"closed","visits":1,"unnamed":false}},{"type":"Feature","geometry":{"type":"Point","coordinates":[-90.06117,29.9621]},"properties":{"id":"19b1501f-a6ea-58b0-b078-079eeca12d0e","slug":null,"name":"Verti Marte","city":null,"citySlug":null,"cc":null,"kind":"unknown","status":"unknown","visits":1,"unnamed":false}},{"type":"Feature","geometry":{"type":"Point","coordinates":[-73.98711,40.72902]},"properties":{"id":"34652902-3e62-529a-a5d9-387f3e51bf42","slug":null,"name":"Veselka","city":null,"citySlug":null,"cc":null,"kind":"unknown","status":"unknown","visits":1,"unnamed":false}},{"type":"Feature","geometry":{"type":"Point","coordinates":[3.74874,47.46639]},"properties":{"id":"4d0394d5-90ff-5d1b-9b4c-69b172659517","slug":null,"name":"Vézelay Abbey","city":null,"citySlug":null,"cc":null,"kind":"sight","status":"unknown","visits":1,"unnamed":false}},{"type":"Feature","geometry":{"type":"Point","coordinates":[-90.06714,29.94674]},"properties":{"id":"04f55150-8005-5d12-9081-f70f94a00eda","slug":null,"name":"Vic's Kangaroo Cafe","city":null,"citySlug":null,"cc":null,"kind":"food","status":"unknown","visits":1,"unnamed":false}},{"type":"Feature","geometry":{"type":"Point","coordinates":[151.238,-33.88818]},"properties":{"id":"234b3d31-10c9-58d5-bebf-02076cd66320","slug":null,"name":"Victor Churchill","city":null,"citySlug":null,"cc":null,"kind":"market","status":"unknown","visits":1,"unnamed":false}},{"type":"Feature","geometry":{"type":"Point","coordinates":[114.16696,22.30088]},"properties":{"id":"01eee464-41ab-55da-9d79-eba61402dc0c","slug":null,"name":"Victoria Harbour","city":null,"citySlug":null,"cc":null,"kind":"food","status":"unknown","visits":1,"unnamed":false}},{"type":"Feature","geometry":{"type":"Point","coordinates":[-84.35774,33.76396]},"properties":{"id":"ef3b1e33-7da3-521b-8c41-7dc5b17fb903","slug":null,"name":"Victory Sandwich Bar","city":null,"citySlug":null,"cc":null,"kind":"unknown","status":"unknown","visits":1,"unnamed":false}},{"type":"Feature","geometry":{"type":"Point","coordinates":[16.39589,48.21662]},"properties":{"id":"e155c057-7a24-53f7-a9d2-bbf054ef0473","slug":null,"name":"Viennese Giant Ferris Wheel","city":null,"citySlug":null,"cc":null,"kind":"activity","status":"unknown","visits":1,"unnamed":false}},{"type":"Feature","geometry":{"type":"Point","coordinates":[19.05196,47.51284]},"properties":{"id":"c78444b3-2c3d-5a78-b0ee-40d762525845","slug":null,"name":"Vígszínház Street","city":null,"citySlug":null,"cc":null,"kind":"unknown","status":"unknown","visits":1,"unnamed":false}},{"type":"Feature","geometry":{"type":"Point","coordinates":[-123.1148,49.25769]},"properties":{"id":"4d008974-3a4c-5d99-835c-86f870c605d2","slug":null,"name":"Vij's","city":null,"citySlug":null,"cc":null,"kind":"food","status":"unknown","visits":1,"unnamed":false}},{"type":"Feature","geometry":{"type":"Point","coordinates":[-46.69073,-23.54654]},"properties":{"id":"cf33ec30-4e83-5e10-a564-cc49ea49110c","slug":null,"name":"Vila Madalena","city":null,"citySlug":null,"cc":null,"kind":"unknown","status":"unknown","visits":1,"unnamed":false}},{"type":"Feature","geometry":{"type":"Point","coordinates":[121.51037,25.13771]},"properties":{"id":"c560ca35-7fd5-5431-8d7d-c036ecf8b705","slug":null,"name":"VILLA 32","city":null,"citySlug":null,"cc":null,"kind":"unknown","status":"unknown","visits":1,"unnamed":false}},{"type":"Feature","geometry":{"type":"Point","coordinates":[102.13296,19.88358]},"properties":{"id":"918b32b8-6437-5390-9ae7-36054294c49e","slug":null,"name":"Villa Ban Lao Hotel","city":null,"citySlug":null,"cc":null,"kind":"unknown","status":"unknown","visits":1,"unnamed":false}},{"type":"Feature","geometry":{"type":"Point","coordinates":[-70.96684,-34.53858]},"properties":{"id":"4a8fc701-54ea-5892-8e19-e019f3836ff2","slug":null,"name":"Viña Casa Silva","city":null,"citySlug":null,"cc":null,"kind":"activity","status":"unknown","visits":1,"unnamed":false}},{"type":"Feature","geometry":{"type":"Point","coordinates":[-93.2759,44.97294]},"properties":{"id":"d0ba5d2c-1e51-5a9c-953f-c7daf5edfcad","slug":null,"name":"Vincent A Restaurant","city":null,"citySlug":null,"cc":null,"kind":"unknown","status":"unknown","visits":1,"unnamed":false}},{"type":"Feature","geometry":{"type":"Point","coordinates":[-73.57607,45.48389]},"properties":{"id":"ea998ca7-5e10-5ca2-8644-f51d83568b6b","slug":null,"name":"Vinet Park","city":null,"citySlug":null,"cc":null,"kind":"unknown","status":"unknown","visits":1,"unnamed":false}},{"type":"Feature","geometry":{"type":"Point","coordinates":[4.86865,52.35799]},"properties":{"id":"806dd0b0-5951-5ad5-bb3a-8242005c1b1c","slug":null,"name":"Vondelpark","city":null,"citySlug":null,"cc":null,"kind":"unknown","status":"unknown","visits":1,"unnamed":false}},{"type":"Feature","geometry":{"type":"Point","coordinates":[-122.67315,45.52263]},"properties":{"id":"6a7ffb91-a085-5702-beeb-6544c8321ac1","slug":null,"name":"Voodoo Doughnut","city":null,"citySlug":null,"cc":null,"kind":"food","status":"unknown","visits":1,"unnamed":false}},{"type":"Feature","geometry":{"type":"Point","coordinates":[-21.8888,64.13983]},"properties":{"id":"e1e43c99-5e83-505c-8dd6-0cd6eb6bb907","slug":null,"name":"VOX Brasserie & Bar","city":null,"citySlug":null,"cc":null,"kind":"food","status":"unknown","visits":1,"unnamed":false}},{"type":"Feature","geometry":{"type":"Point","coordinates":[33.59654,44.50093]},"properties":{"id":"b7552172-0261-5ec9-a1c1-25410040b91c","slug":null,"name":"Voyenno-Istoricheskiy Muzey Fortifikatsionnykh Sooruzheniy","city":null,"citySlug":null,"cc":null,"kind":"sight","status":"unknown","visits":1,"unnamed":false}},{"type":"Feature","geometry":{"type":"Point","coordinates":[121.56587,25.04067]},"properties":{"id":"9e96c50e-8af9-516c-8518-39f5df67f01a","slug":null,"name":"W Taipei","city":null,"citySlug":null,"cc":null,"kind":"unknown","status":"unknown","visits":1,"unnamed":false}},{"type":"Feature","geometry":{"type":"Point","coordinates":[-0.57355,44.83533]},"properties":{"id":"7056f197-a6d9-58a1-98fb-7826afaf1425","slug":null,"name":"Waffle Factory Bordeaux","city":null,"citySlug":null,"cc":null,"kind":"unknown","status":"unknown","visits":1,"unnamed":false}},{"type":"Feature","geometry":{"type":"Point","coordinates":[-79.96627,32.78079]},"properties":{"id":"ec8f7467-f99a-5e72-8740-c5554a0ee479","slug":null,"name":"Waffle House","city":null,"citySlug":null,"cc":null,"kind":"unknown","status":"unknown","visits":1,"unnamed":false}},{"type":"Feature","geometry":{"type":"Point","coordinates":[141.32112,43.07033]},"properties":{"id":"acfdfeca-0bda-5098-b15e-0b24fc7fc9e7","slug":null,"name":"Wakakoma Restaurant","city":null,"citySlug":null,"cc":null,"kind":"food","status":"unknown","visits":1,"unnamed":false}},{"type":"Feature","geometry":{"type":"Point","coordinates":[4.88985,52.35538]},"properties":{"id":"ebaf2cf7-37e8-5d07-b2af-caa4e8a05467","slug":null,"name":"Warung Spang Makandra","city":null,"citySlug":null,"cc":null,"kind":"unknown","status":"unknown","visits":1,"unnamed":false}},{"type":"Feature","geometry":{"type":"Point","coordinates":[-73.9845,40.71961]},"properties":{"id":"98424235-bc6e-5212-a2fb-8d66c2c6021b","slug":null,"name":"wd~50","city":null,"citySlug":null,"cc":null,"kind":"food","status":"unknown","visits":1,"unnamed":false}},{"type":"Feature","geometry":{"type":"Point","coordinates":[16.26722,48.1508]},"properties":{"id":"257ed597-15ba-5764-8ded-c1af4a840d43","slug":null,"name":"Weingut & Heuriger Zahel","city":null,"citySlug":null,"cc":null,"kind":"food","status":"unknown","visits":1,"unnamed":false}},{"type":"Feature","geometry":{"type":"Point","coordinates":[79.85743,6.87497]},"properties":{"id":"fcb32d7f-d27c-5ebe-ac66-f8689860db66","slug":null,"name":"Wellawatte Railway Station","city":null,"citySlug":null,"cc":null,"kind":"unknown","status":"unknown","visits":1,"unnamed":false}},{"type":"Feature","geometry":{"type":"Point","coordinates":[14.42719,50.08175]},"properties":{"id":"4ef2cf26-07a1-530e-ba23-20b02add14d2","slug":null,"name":"Wenceslas Square","city":null,"citySlug":null,"cc":null,"kind":"food","status":"unknown","visits":1,"unnamed":false}},{"type":"Feature","geometry":{"type":"Point","coordinates":[35.30272,31.94657]},"properties":{"id":"3ab7bf45-e5d4-57d2-a667-77c8bd8189a6","slug":null,"name":"West Bank","city":null,"citySlug":null,"cc":null,"kind":"unknown","status":"unknown","visits":1,"unnamed":false}},{"type":"Feature","geometry":{"type":"Point","coordinates":[-91.85237,36.72812]},"properties":{"id":"096f116e-6a94-59fa-b659-1085c4ee8af4","slug":null,"name":"West Plains","city":null,"citySlug":null,"cc":null,"kind":"activity","status":"unknown","visits":1,"unnamed":false}},{"type":"Feature","geometry":{"type":"Point","coordinates":[-81.70299,41.48466]},"properties":{"id":"f4bb96be-2676-5b54-ba66-1c13aa945326","slug":null,"name":"West Side Market","city":null,"citySlug":null,"cc":null,"kind":"market","status":"unknown","visits":1,"unnamed":false}},{"type":"Feature","geometry":{"type":"Point","coordinates":[35.21371,31.76832]},"properties":{"id":"3e0192cf-ac36-57db-b0ef-e96322c4c04c","slug":null,"name":"Western Wailling Wall","city":null,"citySlug":null,"cc":null,"kind":"unknown","status":"unknown","visits":1,"unnamed":false}},{"type":"Feature","geometry":{"type":"Point","coordinates":[-73.9924,40.74011]},"properties":{"id":"30a7992a-02d9-5a94-8dcf-616987a33c9e","slug":null,"name":"Westside Rifle & Pistol Range","city":null,"citySlug":null,"cc":null,"kind":"activity","status":"unknown","visits":1,"unnamed":false}},{"type":"Feature","geometry":{"type":"Point","coordinates":[-2.99025,53.39564]},"properties":{"id":"629b69b2-1e67-5022-9c2a-707dd7b49bc2","slug":null,"name":"WHEELERS OF ST JAMES OYSTER BAR","city":null,"citySlug":null,"cc":null,"kind":"unknown","status":"unknown","visits":1,"unnamed":false}},{"type":"Feature","geometry":{"type":"Point","coordinates":[-103.24613,30.20685]},"properties":{"id":"82e368ce-d27e-5171-a2c4-03f9bfa0c844","slug":null,"name":"White Buffalo Bar","city":null,"citySlug":null,"cc":null,"kind":"unknown","status":"unknown","visits":1,"unnamed":false}},{"type":"Feature","geometry":{"type":"Point","coordinates":[-73.86217,40.86605]},"properties":{"id":"d8579652-5e55-5eef-b787-11e320dd36ea","slug":null,"name":"White Castle","city":null,"citySlug":null,"cc":null,"kind":"unknown","status":"unknown","visits":1,"unnamed":false}},{"type":"Feature","geometry":{"type":"Point","coordinates":[-73.59478,45.52336]},"properties":{"id":"3ec60242-9d10-5717-97c2-630f8773f3ed","slug":null,"name":"Wilensky's Light Lunch Inc","city":null,"citySlug":null,"cc":null,"kind":"unknown","status":"unknown","visits":1,"unnamed":false}},{"type":"Feature","geometry":{"type":"Point","coordinates":[-81.69235,41.50573]},"properties":{"id":"0fdff966-5eda-518e-b24b-c06ba5e847fb","slug":null,"name":"Willard Park","city":null,"citySlug":null,"cc":null,"kind":"activity","status":"unknown","visits":1,"unnamed":false}},{"type":"Feature","geometry":{"type":"Point","coordinates":[-90.07892,29.9692]},"properties":{"id":"2c4d6d79-2ff1-584a-bbae-acbb6c52609a","slug":null,"name":"Willie Mae's Scotch House","city":null,"citySlug":null,"cc":null,"kind":"food","status":"unknown","visits":1,"unnamed":false}},{"type":"Feature","geometry":{"type":"Point","coordinates":[101.70798,3.14495]},"properties":{"id":"a879acfe-72c6-5b18-a9a6-ec3e7fb0ee3f","slug":null,"name":"Wong Ah Wah Restaurant","city":null,"citySlug":null,"cc":null,"kind":"unknown","status":"unknown","visits":1,"unnamed":false}},{"type":"Feature","geometry":{"type":"Point","coordinates":[121.56569,25.0405]},"properties":{"id":"97cdc695-8b06-545a-a9e6-65c695245880","slug":null,"name":"WOOBAR","city":null,"citySlug":null,"cc":null,"kind":"unknown","status":"unknown","visits":1,"unnamed":false}},{"type":"Feature","geometry":{"type":"Point","coordinates":[-94.66252,39.04558]},"properties":{"id":"377ea118-9c32-5794-8c1e-82ece0069fa1","slug":null,"name":"Woodyard Bar-B-Que","city":null,"citySlug":null,"cc":null,"kind":"food","status":"unknown","visits":1,"unnamed":false}},{"type":"Feature","geometry":{"type":"Point","coordinates":[-10.80646,6.31479]},"properties":{"id":"2eb0c651-0285-53a0-ab47-65c90ef59873","slug":null,"name":"World Trade Center","city":null,"citySlug":null,"cc":null,"kind":"food","status":"unknown","visits":1,"unnamed":false}},{"type":"Feature","geometry":{"type":"Point","coordinates":[-0.09156,51.50566]},"properties":{"id":"bb61614c-789e-5b61-9752-1316782df332","slug":null,"name":"Wright Brothers Borough Market","city":null,"citySlug":null,"cc":null,"kind":"unknown","status":"unknown","visits":1,"unnamed":false}},{"type":"Feature","geometry":{"type":"Point","coordinates":[-71.14652,42.35683]},"properties":{"id":"91d7bdd6-4cb1-5483-83cf-2111fbac7eb9","slug":null,"name":"WRKO","city":null,"citySlug":null,"cc":null,"kind":"activity","status":"unknown","visits":1,"unnamed":false}},{"type":"Feature","geometry":{"type":"Point","coordinates":[121.46146,31.23039]},"properties":{"id":"7266c789-7e71-5d0b-84f8-290e894efdf3","slug":null,"name":"Wujiang Road","city":null,"citySlug":null,"cc":null,"kind":"food","status":"unknown","visits":1,"unnamed":false}},{"type":"Feature","geometry":{"type":"Point","coordinates":[-79.40072,43.64417]},"properties":{"id":"04110495-001b-5c0d-8850-c3afce427426","slug":null,"name":"WVRST","city":null,"citySlug":null,"cc":null,"kind":"unknown","status":"unknown","visits":1,"unnamed":false}},{"type":"Feature","geometry":{"type":"Point","coordinates":[-80.19909,25.80147]},"properties":{"id":"df1185a5-42c7-5cef-9d8a-a31e6dddc7c4","slug":null,"name":"Wynwood Art District","city":null,"citySlug":null,"cc":null,"kind":"unknown","status":"unknown","visits":1,"unnamed":false}},{"type":"Feature","geometry":{"type":"Point","coordinates":[-73.90443,40.93512]},"properties":{"id":"f24c8671-6c5c-592a-bcd0-647e75b90d9b","slug":null,"name":"X2O Xaviars on the Hudson","city":null,"citySlug":null,"cc":null,"kind":"food","status":"unknown","visits":1,"unnamed":false}},{"type":"Feature","geometry":{"type":"Point","coordinates":[139.72732,35.6631]},"properties":{"id":"2ddd7864-f64a-5fa7-98da-621e29773f41","slug":null,"name":"XEX","city":null,"citySlug":null,"cc":null,"kind":"food","status":"unknown","visits":1,"unnamed":false}},{"type":"Feature","geometry":{"type":"Point","coordinates":[104.06042,30.65885]},"properties":{"id":"d5fe9c26-6650-514a-a7c6-04279f2db780","slug":null,"name":"Xiaomingtang Dandantian Shuimian","city":null,"citySlug":null,"cc":null,"kind":"unknown","status":"unknown","visits":1,"unnamed":false}},{"type":"Feature","geometry":{"type":"Point","coordinates":[121.50786,25.04533]},"properties":{"id":"4800601d-2577-52e6-903e-d6adac12ef18","slug":null,"name":"Ximen Mango Shaved Ice","city":null,"citySlug":null,"cc":null,"kind":"unknown","status":"unknown","visits":1,"unnamed":false}},{"type":"Feature","geometry":{"type":"Point","coordinates":[121.5511,25.00015]},"properties":{"id":"bd302c69-8fa9-5cf8-be07-5b45e56d6c9a","slug":null,"name":"Xinglong Park","city":null,"citySlug":null,"cc":null,"kind":"unknown","status":"unknown","visits":1,"unnamed":false}},{"type":"Feature","geometry":{"type":"Point","coordinates":[-99.10297,19.25723]},"properties":{"id":"f631ce19-e635-5f4c-96f3-400fac92eb44","slug":null,"name":"Xochimilco","city":null,"citySlug":null,"cc":null,"kind":"sight","status":"unknown","visits":1,"unnamed":false}},{"type":"Feature","geometry":{"type":"Point","coordinates":[128.46527,44.77981]},"properties":{"id":"4dfdaae3-6ea7-575e-aaa6-efadbe1f9bb0","slug":null,"name":"Yabuli Ski Resort","city":null,"citySlug":null,"cc":null,"kind":"activity","status":"unknown","visits":1,"unnamed":false}},{"type":"Feature","geometry":{"type":"Point","coordinates":[139.7614,35.67319]},"properties":{"id":"7ba9fedf-6e88-5c8c-b701-68bad56dbcf5","slug":null,"name":"Yakitori Alley","city":null,"citySlug":null,"cc":null,"kind":"unknown","status":"unknown","visits":1,"unnamed":false}},{"type":"Feature","geometry":{"type":"Point","coordinates":[139.69955,35.69286]},"properties":{"id":"902b5bd9-aa6c-5a2c-86bb-e88c3dc63ae3","slug":null,"name":"Yakitori Alley, Memory Lane","city":null,"citySlug":null,"cc":null,"kind":"unknown","status":"unknown","visits":1,"unnamed":false}},{"type":"Feature","geometry":{"type":"Point","coordinates":[139.76078,35.67305]},"properties":{"id":"d9885510-4241-590d-bda9-8271e8a7b011","slug":null,"name":"Yakitori Ton Ton","city":null,"citySlug":null,"cc":null,"kind":"food","status":"unknown","visits":1,"unnamed":false}},{"type":"Feature","geometry":{"type":"Point","coordinates":[140.75117,42.90391]},"properties":{"id":"5c3fda2e-4b96-5ef2-884b-340b1d802a18","slug":null,"name":"Yakitori Torimatsu","city":null,"citySlug":null,"cc":null,"kind":"food","status":"unknown","visits":1,"unnamed":false}},{"type":"Feature","geometry":{"type":"Point","coordinates":[3.35217,6.50492]},"properties":{"id":"d484438c-c351-52a1-8727-6f49275e1386","slug":null,"name":"Yakoyo Food Restaurant","city":null,"citySlug":null,"cc":null,"kind":"unknown","status":"unknown","visits":1,"unnamed":false}},{"type":"Feature","geometry":{"type":"Point","coordinates":[136.3808,36.24876]},"properties":{"id":"199b5dcc-053c-5bec-85ae-d071f5b3175d","slug":null,"name":"Yamanaka Onsen","city":null,"citySlug":null,"cc":null,"kind":"unknown","status":"unknown","visits":1,"unnamed":false}},{"type":"Feature","geometry":{"type":"Point","coordinates":[136.66878,36.57249]},"properties":{"id":"c799aead-c36c-5718-96dc-f470856df60e","slug":null,"name":"Yamanoo","city":null,"citySlug":null,"cc":null,"kind":"unknown","status":"unknown","visits":1,"unnamed":false}},{"type":"Feature","geometry":{"type":"Point","coordinates":[121.43329,31.22026]},"properties":{"id":"09b5a297-cac4-5cf8-9011-14cabaff60de","slug":null,"name":"Yang's Dumpling","city":null,"citySlug":null,"cc":null,"kind":"food","status":"unknown","visits":1,"unnamed":false}},{"type":"Feature","geometry":{"type":"Point","coordinates":[24.45298,0.80707]},"properties":{"id":"9af9c302-1ffb-5286-bc2d-386c26e46b3e","slug":null,"name":"Yangambi","city":null,"citySlug":null,"cc":null,"kind":"unknown","status":"unknown","visits":1,"unnamed":false}},{"type":"Feature","geometry":{"type":"Point","coordinates":[121.51085,31.2321]},"properties":{"id":"a6f64421-226e-5f70-858d-2ea2af309f12","slug":null,"name":"Yangcheng Lake Hairy Crab","city":null,"citySlug":null,"cc":null,"kind":"food","status":"unknown","visits":1,"unnamed":false}},{"type":"Feature","geometry":{"type":"Point","coordinates":[96.17353,16.84094]},"properties":{"id":"d296d11d-b467-5b6d-836f-97ae38426de6","slug":null,"name":"Yangon","city":null,"citySlug":null,"cc":null,"kind":"unknown","status":"unknown","visits":1,"unnamed":false}},{"type":"Feature","geometry":{"type":"Point","coordinates":[-73.92617,40.82964]},"properties":{"id":"96143715-eb91-5194-b7d2-8033f3c687c3","slug":null,"name":"Yankee Stadium","city":null,"citySlug":null,"cc":null,"kind":"sight","status":"unknown","visits":1,"unnamed":false}},{"type":"Feature","geometry":{"type":"Point","coordinates":[-80.14015,25.78909]},"properties":{"id":"89bc55e4-bb03-5578-8048-54e2078679c7","slug":null,"name":"Yardbird Southern Table and Bar","city":null,"citySlug":null,"cc":null,"kind":"unknown","status":"unknown","visits":1,"unnamed":false}},{"type":"Feature","geometry":{"type":"Point","coordinates":[139.72045,35.66593]},"properties":{"id":"3267b4b8-6c38-56bb-8068-04e3fe79053a","slug":null,"name":"Yasuda","city":null,"citySlug":null,"cc":null,"kind":"unknown","status":"unknown","visits":1,"unnamed":false}},{"type":"Feature","geometry":{"type":"Point","coordinates":[114.15531,22.28251]},"properties":{"id":"26313744-13a9-5990-892d-86b2ac2010ab","slug":null,"name":"Yat Lok Roast Goose","city":null,"citySlug":null,"cc":null,"kind":"food","status":"unknown","visits":1,"unnamed":false}},{"type":"Feature","geometry":{"type":"Point","coordinates":[14.89303,47.94744]},"properties":{"id":"082f968a-0ffc-55a5-8cce-cf1ecf15e9c1","slug":null,"name":"Ybbsitz","city":null,"citySlug":null,"cc":null,"kind":"activity","status":"unknown","visits":1,"unnamed":false}},{"type":"Feature","geometry":{"type":"Point","coordinates":[0.16713,51.91906]},"properties":{"id":"8e84d1f5-039b-5446-8944-053e7cf513fc","slug":null,"name":"Yew Tree Inn","city":null,"citySlug":null,"cc":null,"kind":"food","status":"unknown","visits":1,"unnamed":false}},{"type":"Feature","geometry":{"type":"Point","coordinates":[121.52952,25.03131]},"properties":{"id":"64d38cef-f615-535a-b4f6-a585e74cbfbb","slug":null,"name":"Yongkang Street","city":null,"citySlug":null,"cc":null,"kind":"unknown","status":"unknown","visits":1,"unnamed":false}},{"type":"Feature","geometry":{"type":"Point","coordinates":[37.58625,55.77386]},"properties":{"id":"a59461fd-7a19-54bc-994a-1daa94c8e7d6","slug":null,"name":"Yornik","city":null,"citySlug":null,"cc":null,"kind":"unknown","status":"closed","visits":1,"unnamed":false}},{"type":"Feature","geometry":{"type":"Point","coordinates":[-73.81876,40.75002]},"properties":{"id":"59c4b0c2-b283-50ed-973e-a82b6371c9c4","slug":null,"name":"Yu Garden Dumplings","city":null,"citySlug":null,"cc":null,"kind":"unknown","status":"closed","visits":1,"unnamed":false}},{"type":"Feature","geometry":{"type":"Point","coordinates":[104.05877,30.66674]},"properties":{"id":"0692aac0-5c95-5581-9b02-d40de5ea4f28","slug":null,"name":"Yu Zhilan Restaurant","city":null,"citySlug":null,"cc":null,"kind":"unknown","status":"unknown","visits":1,"unnamed":false}},{"type":"Feature","geometry":{"type":"Point","coordinates":[-118.30587,34.05277]},"properties":{"id":"1f62139a-8c99-52c7-ae8b-9483d1d34a24","slug":null,"name":"Yuchun Restaurant","city":null,"citySlug":null,"cc":null,"kind":"unknown","status":"unknown","visits":1,"unnamed":false}},{"type":"Feature","geometry":{"type":"Point","coordinates":[-46.69495,-23.56511]},"properties":{"id":"2268c8f1-14f0-5bc8-bba3-3db3ed1a5ae0","slug":null,"name":"Z Carniceria","city":null,"citySlug":null,"cc":null,"kind":"unknown","status":"unknown","visits":1,"unnamed":false}},{"type":"Feature","geometry":{"type":"Point","coordinates":[-75.14527,39.94622]},"properties":{"id":"c56cd1b8-f09c-5155-ad22-415988cdb439","slug":null,"name":"Zahav","city":null,"citySlug":null,"cc":null,"kind":"unknown","status":"unknown","visits":1,"unnamed":false}},{"type":"Feature","geometry":{"type":"Point","coordinates":[20.89883,37.78816]},"properties":{"id":"50987594-aef0-5829-84e6-05e8f07e2883","slug":null,"name":"Zakinthos","city":null,"citySlug":null,"cc":null,"kind":"sight","status":"unknown","visits":1,"unnamed":false}},{"type":"Feature","geometry":{"type":"Point","coordinates":[-122.44934,37.76962]},"properties":{"id":"11075417-ceae-5dc9-b123-1305b4cb053b","slug":null,"name":"Zam Zam","city":null,"citySlug":null,"cc":null,"kind":"food","status":"unknown","visits":1,"unnamed":false}},{"type":"Feature","geometry":{"type":"Point","coordinates":[-90.59516,29.86989]},"properties":{"id":"2309084f-cf82-5b2c-9242-c7ac0384b35a","slug":null,"name":"Zam's Swamp Tour","city":null,"citySlug":null,"cc":null,"kind":"unknown","status":"unknown","visits":1,"unnamed":false}},{"type":"Feature","geometry":{"type":"Point","coordinates":[-122.4221,37.77003]},"properties":{"id":"edb457f8-bdf2-59f5-bd07-afe73a1f3ba7","slug":null,"name":"Zeitgeist","city":null,"citySlug":null,"cc":null,"kind":"unknown","status":"unknown","visits":1,"unnamed":false}},{"type":"Feature","geometry":{"type":"Point","coordinates":[126.64555,45.7843]},"properties":{"id":"26e115cc-fac6-55e0-b896-8f681bacfebb","slug":null,"name":"Zhangfei Braised Pork","city":null,"citySlug":null,"cc":null,"kind":"food","status":"unknown","visits":1,"unnamed":false}},{"type":"Feature","geometry":{"type":"Point","coordinates":[121.58669,38.91434]},"properties":{"id":"9048e738-7cc9-5e74-a31d-e7259a227e87","slug":null,"name":"Zhaoji Laopu","city":null,"citySlug":null,"cc":null,"kind":"food","status":"unknown","visits":1,"unnamed":false}},{"type":"Feature","geometry":{"type":"Point","coordinates":[130.36554,42.86811]},"properties":{"id":"8557dc26-7ddb-5bb6-ae2e-95b0b762dca4","slug":null,"name":"Zhuji Pie Chinese Type Fast-food","city":null,"citySlug":null,"cc":null,"kind":"unknown","status":"unknown","visits":1,"unnamed":false}},{"type":"Feature","geometry":{"type":"Point","coordinates":[8.55999,40.72433]},"properties":{"id":"c42ef839-3b4e-5d9b-85b6-6bd1792aeb6b","slug":null,"name":"Zia Forica","city":null,"citySlug":null,"cc":null,"kind":"food","status":"unknown","visits":1,"unnamed":false}},{"type":"Feature","geometry":{"type":"Point","coordinates":[-69.88654,18.47265]},"properties":{"id":"6461ffaf-f2f3-56f3-8ea7-bf0081365a8e","slug":null,"name":"Zona Colonial","city":null,"citySlug":null,"cc":null,"kind":"activity","status":"unknown","visits":1,"unnamed":false}},{"type":"Feature","geometry":{"type":"Point","coordinates":[98.99786,18.78395]},"properties":{"id":"c3e881e8-44e9-5b04-8eea-c3ce096da9c7","slug":null,"name":"Zoom Bar","city":null,"citySlug":null,"cc":null,"kind":"unknown","status":"unknown","visits":1,"unnamed":false}},{"type":"Feature","geometry":{"type":"Point","coordinates":[-81.69917,41.47157]},"properties":{"id":"acce1888-510a-5e98-9148-e9045d31d1c1","slug":null,"name":"Zubal Books","city":null,"citySlug":null,"cc":null,"kind":"activity","status":"unknown","visits":1,"unnamed":false}},{"type":"Feature","geometry":{"type":"Point","coordinates":[13.4142,52.54092]},"properties":{"id":"25ea38d1-0126-58d5-aa4f-5dfaf3e53d38","slug":null,"name":"Zum Schusterjungen","city":null,"citySlug":null,"cc":null,"kind":"unknown","status":"unknown","visits":1,"unnamed":false}},{"type":"Feature","geometry":{"type":"Point","coordinates":[13.57783,52.45717]},"properties":{"id":"933f52cd-debe-5d2e-a65c-3e98faf51e06","slug":null,"name":"Zur Currywurst","city":null,"citySlug":null,"cc":null,"kind":"food","status":"unknown","visits":1,"unnamed":false}},{"type":"Feature","geometry":{"type":"Point","coordinates":[-21.93381,64.14231]},"properties":{"id":"81c34bd3-5320-5d1f-b5d4-4b847cf0d6df","slug":null,"name":"Þrír frakkar","city":null,"citySlug":null,"cc":null,"kind":"food","status":"unknown","visits":1,"unnamed":false}},{"type":"Feature","geometry":{"type":"Point","coordinates":[25.37446,37.10457]},"properties":{"id":"2fb23673-8fbb-5958-a4e1-8f4991d450e6","slug":null,"name":"Μαρίνα Νάξου / Naxos Dock","city":null,"citySlug":null,"cc":null,"kind":"unknown","status":"unknown","visits":1,"unnamed":false}},{"type":"Feature","geometry":{"type":"Point","coordinates":[37.75094,55.79367]},"properties":{"id":"8f469665-dabc-5a00-a3fd-f4f86e7d6b74","slug":null,"name":"Вернисаж в Измайлово","city":null,"citySlug":null,"cc":null,"kind":"market","status":"unknown","visits":1,"unnamed":false}},{"type":"Feature","geometry":{"type":"Point","coordinates":[30.30315,59.93025]},"properties":{"id":"ea573c16-f0e3-5fb2-ac4a-400411cedc82","slug":null,"name":"Ресторан Идиотъ","city":null,"citySlug":null,"cc":null,"kind":"unknown","status":"unknown","visits":1,"unnamed":false}},{"type":"Feature","geometry":{"type":"Point","coordinates":[34.64331,31.55669]},"properties":{"id":"e3bec8c6-bb2a-5a3f-b619-cebd74751047","slug":null,"name":"מידס‎","city":null,"citySlug":null,"cc":null,"kind":"unknown","status":"unknown","visits":1,"unnamed":false}},{"type":"Feature","geometry":{"type":"Point","coordinates":[13.22635,32.90518]},"properties":{"id":"d817b9f4-d84c-50ca-9ef1-87b66daeefc9","slug":null,"name":"مطعم بركودا 1‎","city":null,"citySlug":null,"cc":null,"kind":"unknown","status":"unknown","visits":1,"unnamed":false}},{"type":"Feature","geometry":{"type":"Point","coordinates":[139.78464,35.72383]},"properties":{"id":"4a96e9fb-9eca-56dc-aa11-d4aff2126ea1","slug":null,"name":"にびき","city":null,"citySlug":null,"cc":null,"kind":"unknown","status":"unknown","visits":1,"unnamed":false}},{"type":"Feature","geometry":{"type":"Point","coordinates":[121.52928,25.13903]},"properties":{"id":"0258a0a6-f187-5381-89cb-723900812caf","slug":null,"name":"櫻崗溫泉會館 (Sakuraoka Hot Springs Resort)","city":null,"citySlug":null,"cc":null,"kind":"unknown","status":"unknown","visits":1,"unnamed":false}},{"type":"Feature","geometry":{"type":"Point","coordinates":[139.71386,35.71041]},"properties":{"id":"a6541967-9b38-579a-9bcd-922cc17fd9a1","slug":null,"name":"田川","city":null,"citySlug":null,"cc":null,"kind":"unknown","status":"unknown","visits":1,"unnamed":false}}]}